date,baseline,duration_gate
1993-11-01,100,100
1993-11-02,99.922666123446888,99.922666123446888
1993-11-03,98.894085990388874,98.894085990388874
1993-11-04,97.833232817639328,97.833232817639328
1993-11-05,97.757671930070302,97.757671930070302
1993-11-08,98.0885437461219,98.0885437461219
1993-11-09,98.253987604830883,98.253987604830883
1993-11-10,98.972326215575322,98.972326215575322
1993-11-11,98.927363054459335,98.927363054459335
1993-11-12,99.336451258692279,99.336451258692279
1993-11-15,99.259188243134574,99.259188243134574
1993-11-16,99.403098404858966,99.403098404858966
1993-11-17,98.870314908602808,98.870314908602808
1993-11-18,98.514985095163084,98.514985095163084
1993-11-19,98.32625740493846,98.32625740493846
1993-11-22,97.493535812938717,97.493535812938717
1993-11-23,97.893009818884451,97.893009818884451
1993-11-24,98.314853357029278,98.314853357029278
1993-11-26,98.436981557783525,98.436981557783525
1993-11-29,98.326257404938474,98.326257404938474
1993-11-30,98.404012684299147,98.404012684299147
1993-12-01,98.648023069206374,98.648023069206374
1993-12-02,98.914466249892683,98.914466249892683
1993-12-03,99.202606835547712,99.202606835547712
1993-12-06,99.36848931084279,99.36848931084279
1993-12-07,99.335320081770419,99.335320081770419
1993-12-08,99.290759763340134,99.290759763340134
1993-12-09,99.035743060578085,99.035743060578085
1993-12-10,98.847089305547144,98.847089305547144
1993-12-13,99.145677761078304,99.145677761078304
1993-12-14,98.468780085481029,98.468780085481029
1993-12-15,98.268373134028764,98.268373134028764
1993-12-16,98.478911243313448,98.478911243313448
1993-12-17,99.063793628753828,99.063793628753828
1993-12-20,98.996503945835855,98.996503945835855
1993-12-21,98.69545881866398,98.69545881866398
1993-12-22,99.029487124096661,99.029487124096661
1993-12-23,99.174823910247426,99.174823910247426
1993-12-29,100.05640780741115,100.05640780741115
1993-12-30,99.900696774763659,99.900696774763659
1993-12-31,99.990938105233639,99.990938105233639
1994-01-04,100.14619566943733,100.14619566943733
1994-01-05,100.42484027417696,100.42484027417696
1994-01-06,100.51389433425152,100.51389433425152
1994-01-07,101.12731009090672,101.12731009090672
1994-01-10,101.9089321838195,101.9089321838195
1994-01-11,101.80836433384258,101.80836433384258
1994-01-12,101.72972921306319,101.72972921306319
1994-01-13,101.68466654856576,101.68466654856576
1994-01-14,102.24200205081353,102.24200205081353
1994-01-17,102.42004403843623,102.42004403843623
1994-01-18,102.62069243775059,102.62069243775059
1994-01-19,102.48656307189675,102.48656307189675
1994-01-20,102.8432779885422,102.8432779885422
1994-01-21,102.87624848758301,102.87624848758301
1994-01-24,102.67502526438881,102.67502526438881
1994-01-25,102.45241326058665,102.45241326058665
1994-01-26,102.67562357482828,102.67562357482828
1994-01-27,103.27861835113615,103.27861835113615
1994-01-28,103.63532368807796,103.63532368807796
1994-01-31,104.31582863474577,104.31582863474577
1994-02-01,103.95518644048909,103.95518644048909
1994-02-02,104.55816989608395,104.55816989608395
1994-02-03,104.36571955674712,104.36571955674712
1994-02-04,102.3435428222009,102.3435428222009
1994-02-07,102.40342949355011,102.40342949355011
1994-02-08,102.83476047288097,102.83476047288097
1994-02-09,103.3025269374381,103.3025269374381
1994-02-10,102.68642644044618,102.68642644044618
1994-02-11,102.81130233027491,102.81130233027491
1994-02-14,102.87893491967924,102.87893491967924
1994-02-15,103.19347785608957,103.19347785608957
1994-02-16,103.38052081685936,103.38052081685936
1994-02-17,103.03209583947799,103.03209583947799
1994-02-18,102.63954641045919,102.63954641045919
1994-02-22,103.23491272945176,103.23491272945176
1994-02-23,103.14392255687767,103.14392255687767
1994-02-24,102.02620307615322,102.02620307615322
1994-02-25,102.30699982105526,102.30699982105526
1994-02-28,102.61613566345588,102.61613566345588
1994-03-01,102.18958647067319,102.18958647067319
1994-03-02,102.08370303481318,102.08370303481318
1994-03-03,101.90317070491551,101.90317070491551
1994-03-04,102.17090999088313,102.17090999088313
1994-03-07,102.79361658024156,102.79361658024156
1994-03-08,102.67530365038363,102.67530365038363
1994-03-09,102.95867105059811,102.95867105059811
1994-03-10,102.460467701038,102.460467701038
1994-03-11,102.77805711798422,102.77805711798422
1994-03-14,103.1081242827502,103.1081242827502
1994-03-15,103.16102779275191,103.16102779275191
1994-03-16,103.92075421939721,103.92075421939721
1994-03-17,103.8771653109298,103.8771653109298
1994-03-18,104.08383013813497,104.08383013813497
1994-03-21,103.77165459831156,103.77165459831156
1994-03-22,104.08383013813499,104.08383013813499
1994-03-23,104.2237235809999,104.2237235809999
1994-03-24,103.25497805392129,103.25497805392129
1994-03-25,102.77266441468294,102.77266441468294
1994-03-28,102.36209719214995,102.36209719214995
1994-03-29,100.62203356132898,100.62203356132898
1994-03-30,99.061256609948131,99.061256609948131
1994-03-31,98.763215281859232,98.763215281859232
1994-04-05,98.322928604560687,98.322928604560687
1994-04-06,98.336728783523768,98.336728783523768
1994-04-07,98.350267108271609,98.350267108271609
1994-04-08,98.363882694284385,98.363882694284385
1994-04-11,98.37746246312922,98.37746246312922
1994-04-12,98.391119517744414,98.391119517744414
1994-04-13,98.404778468272923,98.404778468272923
1994-04-14,98.418514732404049,98.418514732404049
1994-04-15,98.432290622509115,98.432290622509115
1994-04-18,98.446445380593175,98.446445380593175
1994-04-19,98.460790534899871,98.460790534899871
1994-04-20,98.47513777951518,98.47513777951518
1994-04-21,98.489487114743682,98.489487114743682
1994-04-22,98.503838540890015,98.503838540890015
1994-04-25,98.518267421147414,98.518267421147414
1994-04-26,98.533150355752809,98.533150355752809
1994-04-28,98.548035538689888,98.548035538689888
1994-04-29,98.562847659457532,98.562847659457532
1994-05-03,98.568567440775738,98.568567440775738
1994-05-04,98.615578962705484,98.615578962705484
1994-05-05,98.713981194650458,98.713981194650458
1994-05-06,98.222554167498132,98.222554167498132
1994-05-09,97.628221037044369,97.628221037044369
1994-05-10,97.948019364308792,97.948019364308792
1994-05-11,97.387996768535388,97.387996768535388
1994-05-12,97.596771831336753,97.596771831336753
1994-05-13,97.557846177392832,97.557846177392832
1994-05-16,97.398897291969107,97.398897291969107
1994-05-17,97.674575708252732,97.674575708252732
1994-05-18,98.2000919025065,98.2000919025065
1994-05-19,98.580275666675533,98.580275666675533
1994-05-20,98.490629224339656,98.490629224339656
1994-05-23,98.366372170600414,98.366372170600414
1994-05-24,98.472509951712524,98.472509951712524
1994-05-25,98.67313191132142,98.67313191132142
1994-05-26,98.865533182962793,98.865533182962793
1994-05-27,98.937939759907593,98.937939759907593
1994-05-31,98.822189558172624,98.822189558172624
1994-06-01,98.977597777793065,98.977597777793065
1994-06-02,99.214313894970957,99.214313894970957
1994-06-03,99.447503313181954,99.447503313181954
1994-06-06,99.572035005376094,99.572035005376094
1994-06-07,99.499303143440727,99.499303143440727
1994-06-08,99.258033489387444,99.258033489387444
1994-06-09,99.396791051686975,99.396791051686975
1994-06-10,99.614885909215971,99.614885909215971
1994-06-13,99.609559252163749,99.609559252163749
1994-06-14,99.979306040942333,99.979306040942333
1994-06-15,99.925187077249475,99.925187077249475
1994-06-16,100.10868736440065,100.10868736440065
1994-06-17,99.800851361212651,99.800851361212651
1994-06-20,99.16271788992286,99.16271788992286
1994-06-21,98.567688220701271,98.567688220701271
1994-06-22,98.837023508229052,98.837023508229052
1994-06-23,98.352809879003203,98.352809879003203
1994-06-24,97.288867313276057,97.288867313276057
1994-06-27,97.665441727033738,97.665441727033738
1994-06-28,97.335732418228389,97.335732418228389
1994-06-29,97.631039133226551,97.631039133226551
1994-06-30,97.439344513430598,97.439344513430598
1994-07-01,97.336842124345168,97.336842124345168
1994-07-05,97.370291097534064,97.370291097534064
1994-07-06,97.403999938957426,97.403999938957426
1994-07-07,97.480667521054983,97.480667521054983
1994-07-08,97.406856346603931,97.406856346603931
1994-07-11,97.39783972827513,97.39783972827513
1994-07-12,97.388900469811944,97.388900469811944
1994-07-13,97.487588906963808,97.487588906963808
1994-07-14,97.650616570857238,97.650616570857238
1994-07-15,97.748898968960518,97.748898968960518
1994-07-18,97.717800475945253,97.717800475945253
1994-07-19,97.751416519933187,97.751416519933187
1994-07-20,97.67746650522632,97.67746650522632
1994-07-21,97.711307430445146,97.711307430445146
1994-07-22,97.74525681131297,97.74525681131297
1994-07-25,97.757692316511367,97.757692316511367
1994-07-26,97.770213320773337,97.770213320773337
1994-07-27,97.739755274385516,97.739755274385516
1994-07-28,97.77382916531819,97.77382916531819
1994-07-29,97.872159805371794,97.872159805371794
1994-08-01,97.947609904505924,97.947609904505924
1994-08-02,98.039482590089477,98.039482590089477
1994-08-03,98.124074603963294,98.124074603963294
1994-08-04,97.824331069975415,97.824331069975415
1994-08-05,97.598558342072522,97.598558342072522
1994-08-08,97.7403966171604,97.7403966171604
1994-08-09,97.806395392367932,97.806395392367932
1994-08-10,98.078508961458482,98.078508961458482
1994-08-11,97.857212893725887,97.857212893725887
1994-08-12,98.328745435509106,98.328745435509106
1994-08-15,98.358914169607118,98.358914169607118
1994-08-16,98.712252955800039,98.712252955800039
1994-08-17,98.725930696543799,98.725930696543799
1994-08-18,98.585362950445642,98.585362950445642
1994-08-19,98.620312385907297,98.620312385907297
1994-08-22,98.510950340310785,98.510950340310785
1994-08-23,98.904181009327658,98.904181009327658
1994-08-24,99.567954512320085,99.567954512320085
1994-08-25,99.460639533863926,99.460639533863926
1994-08-26,100.26461017983652,100.26461017983652
1994-08-30,100.49645034230096,100.49645034230096
1994-08-31,100.43166800050322,100.43166800050322
1994-09-01,100.06770572835381,100.06770572835381
1994-09-02,99.93852272799792,99.93852272799792
1994-09-06,99.912707091500494,99.912707091500494
1994-09-07,99.990217590396156,99.990217590396156
1994-09-08,100.44833224830214,100.44833224830214
1994-09-09,99.710668855034072,99.710668855034072
1994-09-12,99.435779332091954,99.435779332091954
1994-09-13,99.752977792719207,99.752977792719207
1994-09-14,99.971457487933392,99.971457487933392
1994-09-15,100.97698626261169,100.97698626261169
1994-09-16,100.5778501038929,100.5778501038929
1994-09-19,100.58518713815113,100.58518713815113
1994-09-20,99.176902962910447,99.176902962910447
1994-09-21,98.923143573055484,98.923143573055484
1994-09-22,98.84960406360139,98.84960406360139
1994-09-23,98.599565589910029,98.599565589910029
1994-09-26,98.636295508075619,98.636295508075619
1994-09-27,98.518632542439065,98.518632542439065
1994-09-28,99.068363307703194,99.068363307703194
1994-09-29,98.693278112772049,98.693278112772049
1994-09-30,98.880831494161811,98.880831494161811
1994-10-03,98.635737447232714,98.635737447232714
1994-10-04,97.439479216507095,97.439479216507095
1994-10-05,96.996103746927446,96.996103746927446
1994-10-06,96.929216460200749,96.929216460200749
1994-10-07,97.230369108719316,97.230369108719316
1994-10-10,97.916305969864169,97.916305969864169
1994-10-11,98.819784007070922,98.819784007070922
1994-10-12,98.928517753000705,98.928517753000705
1994-10-13,99.221310636205203,99.221310636205203
1994-10-14,99.355160805019011,99.355160805019011
1994-10-17,99.338410360739687,99.338410360739687
1994-10-18,99.054008465997128,99.054008465997128
1994-10-19,99.413701475496239,99.413701475496239
1994-10-20,98.953629617460251,98.953629617460251
1994-10-21,98.752896930243764,98.752896930243764
1994-10-24,98.041796269873998,98.041796269873998
1994-10-25,97.841007352572092,97.841007352572092
1994-10-26,97.983258552267088,97.983258552267088
1994-10-27,98.409825436323956,98.409825436323956
1994-10-28,99.756727773177062,99.756727773177062
1994-10-31,99.572665942243646,99.572665942243646
1994-11-01,98.711634228321344,98.711634228321344
1994-11-02,98.518651945055325,98.518651945055325
1994-11-03,98.82349664222815,98.82349664222815
1994-11-04,98.013667748971187,98.013667748971187
1994-11-07,97.990172657773883,97.990172657773883
1994-11-08,98.452464044553295,98.452464044553295
1994-11-09,98.448853013701154,98.448853013701154
1994-11-10,97.97663038124432,97.97663038124432
1994-11-11,97.582767326531524,97.582767326531524
1994-11-14,98.126958846180571,98.126958846180571
1994-11-15,97.920383503092921,97.920383503092921
1994-11-16,98.041465173987433,98.041465173987433
1994-11-17,97.500184813167891,97.500184813167891
1994-11-18,97.391935955369007,97.391935955369007
1994-11-21,96.686813418685432,96.686813418685432
1994-11-22,94.997397823154074,94.997397823154074
1994-11-23,94.960356053615556,94.960356053615556
1994-11-25,95.403378528317035,95.403378528317035
1994-11-28,95.616302906637699,95.616302906637699
1994-11-29,95.772742949955273,95.772742949955273
1994-11-30,95.879970125648271,95.879970125648271
1994-12-01,95.459381178892244,95.459381178892244
1994-12-02,95.480095672345627,95.480095672345627
1994-12-05,95.501424143808578,95.501424143808578
1994-12-06,95.522721547627654,95.522721547627654
1994-12-07,95.543736850663308,95.543736850663308
1994-12-08,95.564649130359896,95.564649130359896
1994-12-09,95.585494189553998,95.585494189553998
1994-12-12,95.606595082308814,95.606595082308814
1994-12-13,95.627915939892773,95.627915939892773
1994-12-14,95.648810722630529,95.648810722630529
1994-12-15,95.669242689202775,95.669242689202775
1994-12-16,95.689715000022886,95.689715000022886
1994-12-19,95.710227677427355,95.710227677427355
1994-12-20,95.730456714717079,95.730456714717079
1994-12-21,95.750473812302459,95.750473812302459
1994-12-22,95.770639282695555,95.770639282695555
1994-12-23,95.791061250670836,95.791061250670836
1994-12-28,95.811451541091472,95.811451541091472
1994-12-29,95.831810126741644,95.831810126741644
1994-12-30,95.85228118462804,95.85228118462804
1995-01-03,95.302953508141456,95.302953508141456
1995-01-04,95.714669812569952,95.714669812569952
1995-01-05,95.417490433159188,95.417490433159188
1995-01-06,95.516388510231366,95.516388510231366
1995-01-09,95.392241223895297,95.392241223895297
1995-01-10,95.639808278241404,95.639808278241404
1995-01-11,95.804648132566925,95.804648132566925
1995-01-12,95.738573645280198,95.738573645280198
1995-01-13,96.470648027390382,96.470648027390382
1995-01-16,96.692241820183568,96.692241820183568
1995-01-17,96.626059926511516,96.626059926511516
1995-01-18,96.601532515823592,96.601532515823592
1995-01-19,96.313839973484832,96.313839973484832
1995-01-20,95.852501637510045,95.852501637510045
1995-01-23,95.926101199758705,95.926101199758705
1995-01-24,95.884492035602605,95.884492035602605
1995-01-25,96.172753390956643,96.172753390956643
1995-01-26,96.420197051230062,96.420197051230062
1995-01-27,96.964267005239023,96.964267005239023
1995-01-30,96.932194113888229,96.932194113888229
1995-01-31,97.605951977309672,97.605951977309672
1995-02-01,97.27082407934401,97.27082407934401
1995-02-02,97.619987902564134,97.619987902564134
1995-02-03,98.813579586904098,98.813579586904098
1995-02-06,99.065788850772066,99.065788850772066
1995-02-07,99.103470740822019,99.103470740822019
1995-02-08,99.143410038051641,99.143410038051641
1995-02-09,99.023622334796045,99.023622334796045
1995-02-10,98.98140541689034,98.98140541689034
1995-02-13,99.000763448876313,99.000763448876313
1995-02-14,99.278058817410425,99.278058817410425
1995-02-15,99.767600574772487,99.767600574772487
1995-02-16,99.769896317547804,99.769896317547804
1995-02-17,99.497174985327888,99.497174985327888
1995-02-21,99.437823553437241,99.437823553437241
1995-02-22,100.08370141766665,100.08370141766665
1995-02-23,100.22066413470873,100.22066413470873
1995-02-24,100.37587362938339,100.37587362938339
1995-02-27,100.09055374751972,100.09055374751972
1995-02-28,100.84388049968489,100.84388049968489
1995-03-01,100.5639424019956,100.5639424019956
1995-03-02,100.26097453201017,100.26097453201017
1995-03-03,99.857071148628776,99.857071148628776
1995-03-06,99.655190631848797,99.655190631848797
1995-03-07,99.453158275259284,99.453158275259284
1995-03-08,99.958025642000877,99.958025642000877
1995-03-09,100.36191004540606,100.36191004540606
1995-03-10,100.56394240199558,100.56394240199558
1995-03-13,100.86679639212385,100.86679639212385
1995-03-14,101.37155936899637,101.37155936899637
1995-03-15,101.27057640565997,101.27057640565997
1995-03-16,101.37155936899639,101.37155936899639
1995-03-17,101.06864843893953,101.06864843893953
1995-03-20,101.06864843893953,101.06864843893953
1995-03-21,100.76578495882316,100.76578495882316
1995-03-22,100.66483046545105,100.66483046545105
1995-03-23,100.56394240199559,100.56394240199559
1995-03-24,101.27057640565998,101.27057640565998
1995-03-27,101.47253284234472,101.47253284234472
1995-03-28,100.86679639212389,100.86679639212389
1995-03-29,100.96771292554361,100.96771292554361
1995-03-30,100.66483046545106,100.66483046545106
1995-03-31,101.14213890676,101.14213890676
1995-04-03,101.42143198885756,101.42143198885756
1995-04-04,101.78569537486332,101.78569537486332
1995-04-05,101.84299433933082,101.84299433933082
1995-04-06,102.1992773781546,102.1992773781546
1995-04-07,101.96041521652818,101.96041521652818
1995-04-10,101.95884039378478,101.95884039378478
1995-04-11,101.56412335831655,101.56412335831655
1995-04-12,101.84424246484978,101.84424246484978
1995-04-13,102.19369405537569,102.19369405537569
1995-04-18,102.06619775812479,102.06619775812479
1995-04-19,102.30659505184065,102.30659505184065
1995-04-20,102.02575702063572,102.02575702063572
1995-04-21,102.01458438083591,102.01458438083591
1995-04-24,102.80322411485824,102.80322411485824
1995-04-25,102.54519207740019,102.54519207740019
1995-04-26,102.56518508619207,102.56518508619207
1995-04-27,102.37730570920979,102.37730570920979
1995-04-28,102.77355787676746,102.77355787676746
1995-05-01,102.28647355524427,102.28647355524427
1995-05-02,102.61244436735029,102.61244436735029
1995-05-03,103.51897433983979,103.51897433983979
1995-05-04,103.63997049888025,103.63997049888025
1995-05-05,103.67605442390743,103.67605442390743
1995-05-09,103.91513251311667,103.91513251311667
1995-05-10,103.30383517080335,103.30383517080335
1995-05-11,103.44025501750556,103.44025501750556
1995-05-12,103.58313641935067,103.58313641935067
1995-05-15,103.86077815697638,103.86077815697638
1995-05-16,103.91925384010835,103.91925384010835
1995-05-17,103.60262851017248,103.60262851017248
1995-05-18,102.65061738532106,102.65061738532106
1995-05-19,102.64051858677004,102.64051858677004
1995-05-22,103.30508319729262,103.30508319729262
1995-05-23,103.83121540238452,103.83121540238452
1995-05-24,103.90466669450353,103.90466669450353
1995-05-25,104.05040054286442,104.05040054286442
1995-05-26,103.5384473446754,103.5384473446754
1995-05-30,103.55145368063725,103.55145368063725
1995-05-31,104.66341819005876,104.66341819005876
1995-06-01,104.37837665987254,104.37837665987254
1995-06-02,104.5857851004487,104.5857851004487
1995-06-05,104.83913652265832,104.83913652265832
1995-06-06,104.81656033471438,104.81656033471438
1995-06-07,104.53635007499807,104.53635007499807
1995-06-08,104.53165408292054,104.53165408292054
1995-06-09,104.21484657327731,104.21484657327731
1995-06-12,104.69311252809561,104.69311252809561
1995-06-13,105.35897207409964,105.35897207409964
1995-06-14,105.22785364211011,105.22785364211011
1995-06-15,105.63295978641098,105.63295978641098
1995-06-16,106.18058263500119,106.18058263500119
1995-06-19,106.81098923013063,106.81098923013063
1995-06-20,106.65627705632875,106.65627705632875
1995-06-21,106.63040107800421,106.63040107800421
1995-06-22,107.37872987847294,107.37872987847294
1995-06-23,107.20636106230606,107.20636106230606
1995-06-26,106.42269199651237,106.42269199651237
1995-06-27,106.29933784951371,106.29933784951371
1995-06-28,106.62508885706139,106.62508885706139
1995-06-29,106.31309343036635,106.31309343036635
1995-06-30,106.29266481118411,106.29266481118411
1995-07-03,106.32686684135294,106.32686684135294
1995-07-05,106.72657782488379,106.72657782488379
1995-07-06,107.77502299057275,107.77502299057275
1995-07-07,108.50296786129839,108.50296786129839
1995-07-10,108.89659932568435,108.89659932568435
1995-07-11,108.71845266270374,108.71845266270374
1995-07-12,109.79197563760876,109.79197563760876
1995-07-13,109.83155181198978,109.83155181198978
1995-07-14,109.78588198163209,109.78588198163209
1995-07-17,110.37290840537733,110.37290840537733
1995-07-18,109.65870329446693,109.65870329446693
1995-07-19,107.97531687521999,107.97531687521999
1995-07-20,108.53643353283832,108.53643353283832
1995-07-21,108.63698892642432,108.63698892642432
1995-07-24,109.3556816178874,109.3556816178874
1995-07-25,109.96860596481372,109.96860596481372
1995-07-26,110.08436232562542,110.08436232562542
1995-07-27,110.94474161847857,110.94474161847857
1995-07-28,110.63477973340247,110.63477973340247
1995-07-31,110.61884522305027,110.61884522305027
1995-08-01,110.40401235061289,110.40401235061289
1995-08-02,110.32085953257494,110.32085953257494
1995-08-03,110.18565849973962,110.18565849973962
1995-08-04,110.36697981960702,110.36697981960702
1995-08-07,110.60988299177866,110.60988299177866
1995-08-08,110.64981237376122,110.64981237376122
1995-08-09,110.83416886697752,110.83416886697752
1995-08-10,110.75098851276556,110.75098851276556
1995-08-11,110.40328945673099,110.40328945673099
1995-08-14,111.05543657866374,111.05543657866374
1995-08-15,111.10746897709396,111.10746897709396
1995-08-16,111.54084160544366,111.54084160544366
1995-08-17,111.64819928081479,111.64819928081479
1995-08-18,111.86950918738711,111.86950918738711
1995-08-21,111.91527975623862,111.91527975623862
1995-08-22,111.98306715439745,111.98306715439745
1995-08-23,111.78302129595238,111.78302129595238
1995-08-24,111.72471944469689,111.72471944469689
1995-08-25,112.11236546242432,112.11236546242432
1995-08-29,111.77131781581799,111.77131781581799
1995-08-30,112.21389425851444,112.21389425851444
1995-08-31,112.61946631206715,112.61946631206715
1995-09-01,113.02316442092274,113.02316442092274
1995-09-05,113.82932193896943,113.82932193896943
1995-09-06,114.25371161745309,114.25371161745309
1995-09-07,114.48187952181698,114.48187952181698
1995-09-08,115.13375440786265,115.13375440786265
1995-09-11,115.32912279071122,115.32912279071122
1995-09-12,115.63369212480589,115.63369212480589
1995-09-13,115.93828534051798,115.93828534051798
1995-09-14,116.54740088009211,116.54740088009211
1995-09-15,116.41299641099448,116.41299641099448
1995-09-18,115.957057556048,115.957057556048
1995-09-19,116.23929133948778,116.23929133948778
1995-09-20,116.67917503537262,116.67917503537262
1995-09-21,115.99601749279913,115.99601749279913
1995-09-22,115.73591273608176,115.73591273608176
1995-09-25,115.48421614622046,115.48421614622046
1995-09-26,115.35031789614598,115.35031789614598
1995-09-27,114.79102150785066,114.79102150785066
1995-09-28,115.50592008996072,115.50592008996072
1995-09-29,115.71139511177304,115.71139511177304
1995-10-02,115.09400248044116,115.09400248044116
1995-10-03,114.75596751886019,114.75596751886019
1995-10-04,114.29435011845644,114.29435011845644
1995-10-05,114.38440711146447,114.38440711146447
1995-10-06,114.51078103093494,114.51078103093494
1995-10-09,113.35192049685544,113.35192049685544
1995-10-10,112.92122456322035,112.92122456322035
1995-10-11,113.5064992821391,113.5064992821391
1995-10-12,114.18184457279368,114.18184457279368
1995-10-13,114.60721992642725,114.60721992642725
1995-10-16,114.24901440697202,114.24901440697202
1995-10-17,114.67541058880172,114.67541058880172
1995-10-18,114.92539098963582,114.92539098963582
1995-10-19,115.12364848412048,115.12364848412048
1995-10-20,114.56821745774178,114.56821745774178
1995-10-23,114.16470072299829,114.16470072299829
1995-10-24,114.18653127712228,114.18653127712228
1995-10-25,113.18764395976146,113.18764395976146
1995-10-26,111.94244568626894,111.94244568626894
1995-10-27,112.4551796075117,112.4551796075117
1995-10-30,112.98603369023411,112.98603369023411
1995-10-31,112.69879398300367,112.69879398300367
1995-11-01,113.26843771578154,113.26843771578154
1995-11-02,114.08125129881245,114.08125129881245
1995-11-03,114.56625552280443,114.56625552280443
1995-11-06,114.36996280933475,114.36996280933475
1995-11-07,114.07667495275426,114.07667495275426
1995-11-08,114.83573890930897,114.83573890930897
1995-11-09,115.29278822219999,115.29278822219999
1995-11-10,115.30351330648867,115.30351330648867
1995-11-13,115.20221772221015,115.20221772221015
1995-11-14,114.57904698579327,114.57904698579327
1995-11-15,115.19370555738286,115.19370555738286
1995-11-16,115.67460020993298,115.67460020993298
1995-11-17,116.06053463687331,116.06053463687331
1995-11-20,115.71757611391695,115.71757611391695
1995-11-21,116.06279477810905,116.06279477810905
1995-11-22,115.96350004060855,115.96350004060855
1995-11-24,116.23734826705957,116.23734826705957
1995-11-27,116.33574462959163,116.33574462959163
1995-11-28,117.12141061925416,117.12141061925416
1995-11-29,117.34839492741077,117.34839492741077
1995-11-30,117.29585275782024,117.29585275782024
1995-12-01,117.620970153979,117.620970153979
1995-12-04,118.63571840346096,118.63571840346096
1995-12-05,119.15230921732224,119.15230921732224
1995-12-06,119.37135258232458,119.37135258232458
1995-12-07,118.92996247515163,118.92996247515163
1995-12-08,119.16737675571352,119.16737675571352
1995-12-11,119.46496062464058,119.46496062464058
1995-12-12,119.15899580314849,119.15899580314849
1995-12-13,119.66052510857148,119.66052510857148
1995-12-14,119.22421860674827,119.22421860674827
1995-12-15,119.03714213646698,119.03714213646698
1995-12-18,116.84154607140658,116.84154607140658
1995-12-19,117.62946000368861,117.62946000368861
1995-12-20,117.38861850793958,117.38861850793958
1995-12-21,118.02580779808059,118.02580779808059
1995-12-22,118.57213508714673,118.57213508714673
1995-12-27,118.92187276898281,118.92187276898281
1995-12-28,118.90328193331402,118.90328193331402
1995-12-29,119.23087831918383,119.23087831918383
1996-01-02,120.11870627652246,120.11870627652246
1996-01-03,120.36928233334851,120.36928233334851
1996-01-04,119.2062053610138,119.2062053610138
1996-01-05,119.0430542489747,119.0430542489747
1996-01-08,119.48004797844875,119.48004797844875
1996-01-09,117.90447302782047,117.90447302782047
1996-01-10,116.37664112788576,116.37664112788576
1996-01-11,116.97683467170762,116.97683467170762
1996-01-12,116.80207413112981,116.80207413112981
1996-01-15,116.34520380180759,116.34520380180759
1996-01-16,116.8475232006937,116.8475232006937
1996-01-17,116.66571590737574,116.66571590737574
1996-01-18,117.07242670002012,117.07242670002012
1996-01-19,117.50827306438791,117.50827306438791
1996-01-22,117.73318233938502,117.73318233938502
1996-01-23,117.95347221335555,117.95347221335555
1996-01-24,118.81582614230493,118.81582614230493
1996-01-25,118.64565262868003,118.64565262868003
1996-01-26,119.16077224723769,119.16077224723769
1996-01-29,119.4870747210102,119.4870747210102
1996-01-30,120.29583925491649,120.29583925491649
1996-01-31,121.14191087509833,121.14191087509833
1996-02-01,121.57335589515334,121.57335589515334
1996-02-02,121.32067536645684,121.32067536645684
1996-02-05,121.89675732216594,121.89675732216594
1996-02-06,122.69029192914161,122.69029192914161
1996-02-07,123.04697138999069,123.04697138999069
1996-02-08,123.97249309789393,123.97249309789393
1996-02-09,124.04317714946927,124.04317714946927
1996-02-12,124.56153580925113,124.56153580925113
1996-02-13,124.21391057865623,124.21391057865623
1996-02-14,123.79232346807456,123.79232346807456
1996-02-15,123.40584119952108,123.40584119952108
1996-02-16,123.28151872855366,123.28151872855366
1996-02-20,122.24435795350252,122.24435795350252
1996-02-21,123.34458727046538,123.34458727046538
1996-02-22,124.75336277004894,124.75336277004894
1996-02-23,124.66052230639093,124.66052230639093
1996-02-26,123.72595239419957,123.72595239419957
1996-02-27,123.44717826369205,123.44717826369205
1996-02-28,123.25032642484877,123.25032642484877
1996-02-29,122.65580319765962,122.65580319765962
1996-03-01,123.71308183841049,123.71308183841049
1996-03-04,124.4121222139006,124.4121222139006
1996-03-05,125.12439317333637,125.12439317333637
1996-03-06,124.73881750938745,124.73881750938745
1996-03-07,125.05382788314955,125.05382788314955
1996-03-08,121.65742495636511,121.65742495636511
1996-03-11,122.6591774798427,122.6591774798427
1996-03-12,122.09430544114099,122.09430544114099
1996-03-13,122.98059910653586,122.98059910653586
1996-03-14,123.58965363799577,123.58965363799577
1996-03-15,123.63285117188774,123.63285117188774
1996-03-18,125.2047078301575,125.2047078301575
1996-03-19,125.19620944617532,125.19620944617532
1996-03-20,125.07847357103294,125.07847357103294
1996-03-21,125.01260459233703,125.01260459233703
1996-03-22,125.30547115848302,125.30547115848302
1996-03-25,125.10016702100759,125.10016702100759
1996-03-26,125.35913029473238,125.35913029473238
1996-03-27,124.91369809348758,124.91369809348758
1996-03-28,125.23954587754926,125.23954587754926
1996-03-29,125.40439228500034,125.40439228500034
1996-04-01,126.38284722908283,126.38284722908283
1996-04-02,126.71487087006213,126.71487087006213
1996-04-03,126.92569841412791,126.92569841412791
1996-04-04,127.00674905841581,127.00674905841581
1996-04-09,125.37881389761026,125.37881389761026
1996-04-10,124.14669376290473,124.14669376290473
1996-04-11,124.02881373220566,124.02881373220566
1996-04-12,125.13857665694982,125.13857665694982
1996-04-15,125.94866379608328,125.94866379608328
1996-04-16,126.34129844963039,126.34129844963039
1996-04-17,126.14762531914596,126.14762531914596
1996-04-18,126.53370221648987,126.53370221648987
1996-04-19,126.98024780866618,126.98024780866618
1996-04-22,127.67575243659803,127.67575243659803
1996-04-23,128.12566954578193,128.12566954578193
1996-04-24,128.02494865916009,128.02494865916009
1996-04-25,128.56573629911884,128.56573629911884
1996-04-26,129.08151004273,129.08151004273
1996-04-29,129.25022415958657,129.25022415958657
1996-04-30,129.33126307058916,129.33126307058916
1996-05-01,129.79519370460775,129.79519370460775
1996-05-02,128.18653845303197,128.18653845303197
1996-05-03,128.30056903028489,128.30056903028489
1996-05-07,127.76936787826384,127.76936787826384
1996-05-08,128.30932360037713,128.30932360037713
1996-05-09,128.75909147199593,128.75909147199593
1996-05-10,129.88873703950361,129.88873703950361
1996-05-13,131.15155147931708,131.15155147931708
1996-05-14,132.04941056410567,132.04941056410567
1996-05-15,132.13751801865652,132.13751801865652
1996-05-16,132.44197467273392,132.44197467273392
1996-05-17,133.12808080861447,133.12808080861447
1996-05-20,133.82427048054524,133.82427048054524
1996-05-21,133.81421706773352,133.81421706773352
1996-05-22,134.61313126446464,134.61313126446464
1996-05-23,134.3763316197066,134.3763316197066
1996-05-24,134.80436090982954,134.80436090982954
1996-05-28,133.79377862945915,133.79377862945915
1996-05-29,133.05630110750675,133.05630110750675
1996-05-30,133.60292376531902,133.60292376531902
1996-05-31,133.31519716814404,133.31519716814404
1996-06-03,133.54073465955457,133.54073465955457
1996-06-04,134.21298552147175,134.21298552147175
1996-06-05,135.05091258477682,135.05091258477682
1996-06-06,134.38851333474037,134.38851333474037
1996-06-07,133.93728456344419,133.93728456344419
1996-06-10,133.80131350893276,133.80131350893276
1996-06-11,133.7800264015371,133.7800264015371
1996-06-12,133.73745696451337,133.73745696451337
1996-06-13,133.61442991986206,133.61442991986206
1996-06-14,133.04691506143297,133.04691506143297
1996-06-17,132.83612917922633,132.83612917922633
1996-06-18,131.92189915371603,131.92189915371603
1996-06-19,131.97166266462057,131.97166266462057
1996-06-20,131.39172012389196,131.39172012389196
1996-06-21,132.08563749547221,132.08563749547221
1996-06-24,132.37498942703382,132.37498942703382
1996-06-25,131.96853957167872,131.96853957167872
1996-06-26,131.1042740578863,131.1042740578863
1996-06-27,131.57397481175065,131.57397481175065
1996-06-28,132.50621085490468,132.50621085490468
1996-07-01,131.95698182363063,131.95698182363063
1996-07-02,131.5681751364092,131.5681751364092
1996-07-03,131.77944319115716,131.77944319115716
1996-07-05,129.69971320339988,129.69971320339988
1996-07-08,129.60018034663617,129.60018034663617
1996-07-09,129.91167770544985,129.91167770544985
1996-07-10,130.28456833498004,130.28456833498004
1996-07-11,130.20489834632045,130.20489834632045
1996-07-12,130.49147207231593,130.49147207231593
1996-07-15,130.02309980274984,130.02309980274984
1996-07-16,130.22951217162199,130.22951217162199
1996-07-17,130.31865029086987,130.31865029086987
1996-07-18,131.23541179298888,131.23541179298888
1996-07-19,130.85623634760526,130.85623634760526
1996-07-22,130.4106602511514,130.4106602511514
1996-07-23,130.50583932125821,130.50583932125821
1996-07-24,129.9689475048508,129.9689475048508
1996-07-25,130.06018486495353,130.06018486495353
1996-07-26,130.26966301425091,130.26966301425091
1996-07-29,129.78060713743076,129.78060713743076
1996-07-30,130.03340483882832,130.03340483882832
1996-07-31,131.35149260814148,131.35149260814148
1996-08-01,132.2627695930434,132.2627695930434
1996-08-02,133.26841762069182,133.26841762069182
1996-08-05,133.15050700683511,133.15050700683511
1996-08-06,133.02833289817426,133.02833289817426
1996-08-07,133.05471674622038,133.05471674622038
1996-08-08,132.99691188728355,132.99691188728355
1996-08-09,133.44327955358082,133.44327955358082
1996-08-12,133.44767907176703,133.44767907176703
1996-08-13,132.85714457536457,132.85714457536457
1996-08-14,132.94129041358241,132.94129041358241
1996-08-15,132.65233570998583,132.65233570998583
1996-08-16,133.06286550834292,133.06286550834292
1996-08-19,132.94508000036561,132.94508000036561
1996-08-20,132.95826781977144,132.95826781977144
1996-08-21,132.69630689562399,132.69630689562399
1996-08-22,132.7226863233131,132.7226863233131
1996-08-23,132.09846657708519,132.09846657708519
1996-08-27,131.62274855116323,131.62274855116323
1996-08-28,131.58690004508395,131.58690004508395
1996-08-29,131.06304039935569,131.06304039935569
1996-08-30,131.18884785302816,131.18884785302816
1996-09-03,131.31566683728943,130.62374828322743
1996-09-04,131.27029371927347,130.72267916264741
1996-09-05,130.81315124666816,130.70451723002773
1996-09-06,131.26047809387944,130.81186553809098
1996-09-09,131.59657799078232,130.87708622022092
1996-09-10,131.44045606442216,130.91727961511944
1996-09-11,131.46567757392708,130.96589770056505
1996-09-12,131.86274909958863,131.02281201192562
1996-09-13,132.81279276211617,131.09612043549686
1996-09-16,132.84641500133938,131.1525847830909
1996-09-17,132.30168894638854,131.16778034832072
1996-09-18,132.16378535634408,131.17451369683732
1996-09-19,131.95661550177533,131.18107617964296
1996-09-20,132.13648726281824,131.2631258429216
1996-09-23,132.23235580870241,131.26150480976355
1996-09-24,132.6041502316865,131.29279266186518
1996-09-25,133.1306173289255,131.35722103459764
1996-09-26,133.46672670564581,131.4213473527964
1996-09-27,133.3021497287271,131.45211904839579
1996-09-30,133.8608316548713,131.51642637974618
1996-10-01,134.20926947077814,131.31362038846521
1996-10-02,134.649788876309,131.74463531179902
1996-10-03,134.57169247021312,131.66822388459866
1996-10-04,135.4833255001505,132.56018786069976
1996-10-07,135.20387899345238,132.28677058748059
1996-10-08,135.04052709020101,132.12694310389566
1996-10-09,134.89362613806216,131.98321163184514
1996-10-10,134.49235299569918,131.59059620896025
1996-10-11,134.96004605814343,132.04819850053295
1996-10-14,134.99326675184926,132.08070243695647
1996-10-15,134.98496247289489,132.0725773280239
1996-10-16,134.87128703875752,131.96135451260528
1996-10-17,135.39229401979003,132.471120441567
1996-10-18,135.39229401979003,132.471120441567
1996-10-21,135.25370943769636,132.33552590866699
1996-10-22,134.93514037705717,132.02383017512159
1996-10-23,134.99556092261776,132.08294710955312
1996-10-24,134.96004605814343,132.04819850053292
1996-10-25,135.1756938190907,132.25919352591612
1996-10-28,135.04883494704373,132.1350717135214
1996-10-29,136.04311796878537,133.10790245606637
1996-10-30,136.04311796878537,133.10790245606637
1996-10-31,137.00415372416145,134.04820326284988
1996-11-01,136.85538808440219,133.9026473349827
1996-11-04,136.98629050358352,134.03072545244873
1996-11-05,137.50107571123121,134.53440384668491
1996-11-06,137.45468298576714,134.48901207334168
1996-11-07,137.80237142691209,134.82919891851265
1996-11-08,137.71451145772701,134.74323458321447
1996-11-11,137.6951106890553,134.72425239828306
1996-11-12,138.20149952152445,135.21971557439619
1996-11-13,138.11372365931274,135.13383353141072
1996-11-14,138.57459937123062,135.58476556106623
1996-11-15,138.36614703099144,135.38081071068078
1996-11-18,138.28586171249981,135.30225759824117
1996-11-19,138.56437697586085,135.57476372028179
1996-11-20,138.71211594428902,135.71931512789513
1996-11-21,138.73742048209738,135.74407370444484
1996-11-22,138.82177903823364,135.8266121718747
1996-11-25,138.95850366830811,135.96038688238573
1996-11-26,138.95090162336507,135.95294885632563
1996-11-27,139.00151433382081,136.00246956584016
1996-11-29,140.27103856832437,137.24460301951979
1996-12-02,140.1956467824958,137.1708378587098
1996-12-03,140.38499776940054,137.35610347942762
1996-12-04,139.98697041504914,136.96666381464422
1996-12-05,139.32448425171975,136.31847120539237
1996-12-06,138.89293309981693,135.8962310399952
1996-12-09,139.48069424639556,136.47131087155424
1996-12-10,139.43169594035018,136.4233697346634
1996-12-11,138.27661394508351,135.29320935720136
1996-12-12,138.12868408786304,135.14847117934099
1996-12-13,138.56416614534436,135.57455743856576
1996-12-16,138.08695641578504,135.10764380793404
1996-12-17,137.84032681120348,134.86633539160567
1996-12-18,137.69262842025387,134.72182368598632
1996-12-19,138.44453098644539,135.4575034831816
1996-12-20,138.58106414044451,135.59109084883363
1996-12-23,138.53158929310183,135.54268345232254
1996-12-24,138.42470208189962,135.4381023996759
1996-12-27,138.87894290956203,135.88254269686109
1996-12-30,138.8535102751043,135.85765878742751
1996-12-31,138.81168744262337,135.81673830876292
1997-01-02,137.99697073345536,135.21426494804552
1997-01-03,138.23642284282388,135.34995883739151
1997-01-06,138.12010279909708,135.38167423365252
1997-01-07,138.04492275879872,135.45329835449238
1997-01-08,137.95338579966165,135.50892166388533
1997-01-09,138.49225272546636,135.5724629309143
1997-01-10,137.72491532376378,135.62814927610501
1997-01-13,137.79465157786919,135.66788648431219
1997-01-14,138.46626661295483,135.73962234629963
1997-01-15,138.47448023403138,135.77123733900751
1997-01-16,138.17225109591055,135.7949919383112
1997-01-17,138.32134454872795,135.84269248256717
1997-01-20,138.35418756469977,135.898412067636
1997-01-21,138.61130411525949,135.93013208034066
1997-01-22,138.37880549126066,135.96984878642758
1997-01-23,138.20100617192116,135.99358035324613
1997-01-24,137.87002309880694,135.93733983929818
1997-01-27,137.48413307046155,135.89722320452648
1997-01-28,137.84539255707821,135.96105713335376
1997-01-29,137.85360961865507,135.99290615385121
1997-01-30,138.16817118378341,136.08068280900957
1997-01-31,139.37904488694994,136.12040022366287
1997-02-03,139.82390013358699,135.99084641600427
1997-02-04,139.93342801135395,136.09737175816286
1997-02-05,139.74352909107225,135.9126786200232
1997-02-06,139.66568759867292,135.83697103049411
1997-02-07,140.13595115022207,136.29434304166438
1997-02-10,140.09576001410915,136.2552536827408
1997-02-11,139.94626569563064,136.1098575173867
1997-02-12,140.01861198657616,136.18022054782242
1997-02-13,140.6088123374582,136.7542414783986
1997-02-14,141.01735775304991,137.15158725986095
1997-02-18,141.01981459556796,137.15397675188069
1997-02-19,140.85487816571154,136.99356179650053
1997-02-20,140.33634177430076,136.48924026993689
1997-02-21,140.39008311647447,136.54150837719718
1997-02-24,140.2429720897623,136.39843016939008
1997-02-25,140.28315761101967,136.43751406738059
1997-02-26,139.08979837461345,135.27686890956284
1997-02-27,139.04960948444273,135.23778173501248
1997-02-28,139.57049912469071,135.74439199977391
1997-03-03,139.51626770264383,135.69164724741432
1997-03-04,139.32048726750787,135.50123382695904
1997-03-05,139.45691402348444,135.63392065661634
1997-03-06,139.25888672142744,135.44132196358544
1997-03-07,139.68529252043146,135.8560385139595
1997-03-10,139.7416345012017,135.91083596737326
1997-03-11,139.78992827016083,135.95780583812564
1997-03-12,139.48951433434172,135.66562728089636
1997-03-13,138.66833511779049,134.86695940929971
1997-03-14,138.71436747902641,134.91172986528775
1997-03-17,138.51586664240278,134.71867061890038
1997-03-18,138.47562333430099,134.67953051820146
1997-03-19,138.26098932719597,134.47078036698994
1997-03-20,138.11877243600972,134.33246212963138
1997-03-21,138.19884709050814,134.41034166261045
1997-03-24,138.26058962169614,134.47039161879175
1997-03-25,138.07852013172314,134.29331327936404
1997-03-26,137.83677901512678,134.05819911770729
1997-03-27,136.97576393975967,133.22078742511221
1997-04-01,137.66163877023314,132.50656899882904
1997-04-02,137.70831757228942,132.45260691501633
1997-04-03,137.63609237510403,132.40632304173775
1997-04-04,137.40818911846173,132.50780683296085
1997-04-07,137.84472874447914,132.65598116559755
1997-04-08,137.6311747817457,132.71843642870252
1997-04-09,137.67129690176228,132.78089634957257
1997-04-10,137.65524872640009,132.78913712871775
1997-04-11,136.95540847306881,132.62643466907954
1997-04-14,136.93134349700699,132.62696531036232
1997-04-15,137.61349536522064,132.69739705185268
1997-04-16,137.49476473063007,132.72901904620306
1997-04-17,137.77250691051594,132.77613665576416
1997-04-18,137.93941911797165,132.83881350359786
1997-04-21,137.69226827585317,132.74609624550214
1997-04-22,137.81102586755566,132.76241304947547
1997-04-23,137.51720070767715,132.74765392744939
1997-04-24,137.24126024692941,132.80270880043201
1997-04-25,137.08058755783344,132.74114211038761
1997-04-28,137.21539669985168,132.77294772909929
1997-04-29,138.26192657058778,132.89772680988281
1997-04-30,139.43976333049619,132.99134687331022
1997-05-01,139.01155615471987,132.33831442756417
1997-05-02,140.56323094322229,133.81550115743292
1997-05-06,142.51642377732699,135.6749310823071
1997-05-07,140.41130768961924,133.67087097084755
1997-05-08,141.10577094864743,134.33199656122204
1997-05-09,141.85455196710308,135.04483239011881
1997-05-12,143.28688767217571,136.40840890236757
1997-05-13,142.76595160569272,135.91248034167904
1997-05-14,143.03724139909929,136.17074688421644
1997-05-15,143.67756838007378,136.78033500543958
1997-05-16,142.36451754271209,135.53031709771437
1997-05-19,142.62492964586991,135.77822813289541
1997-05-20,143.72085526953708,136.82154391027345
1997-05-21,143.4170378322053,136.5323112114794
1997-05-22,143.01549456663025,136.15004400718453
1997-05-23,143.88366597901165,136.97653890103982
1997-05-27,144.13312513084946,137.21402278069655
1997-05-28,144.11684813980025,137.19852716566288
1997-05-29,143.70459273929686,136.80606206185848
1997-05-30,144.79257499136256,137.84181578873012
1997-06-02,144.40166119603333,137.46966778757564
1997-06-03,144.22740834502397,137.30377993461826
1997-06-04,144.13172909479115,137.21269376126867
1997-06-05,144.45048582593819,137.5161485939409
1997-06-06,146.42176194860565,139.39279372015449
1997-06-09,146.69906348320546,139.65678341059626
1997-06-10,146.91370376759733,139.86111990052848
1997-06-11,147.12095722370549,140.05842416644231
1997-06-12,149.06768849575067,141.91170271617057
1997-06-13,149.94551200967274,142.74738636298935
1997-06-16,150.09000494314233,142.88494292153024
1997-06-17,149.84988434550283,142.6563492993167
1997-06-18,149.58742475569201,142.40648906696123
1997-06-19,150.52779354523267,143.30171550705364
1997-06-20,150.32683386593303,143.11040288555606
1997-06-23,147.9900107307777,140.88575881008367
1997-06-24,150.26218335542677,143.04885591907396
1997-06-25,149.5095037304952,142.33230863608006
1997-06-26,148.94870519707308,141.79843120387631
1997-06-27,149.41349561911113,142.24090938853982
1997-06-30,148.9356818895323,141.7860330794621
1997-07-01,150.1471715844304,142.93936528150391
1997-07-02,151.74864746267056,144.46396240267288
1997-07-03,153.30178141352113,145.94253824788549
1997-07-07,152.46854174568972,145.14929820219996
1997-07-08,153.37517353494891,146.01240718476157
1997-07-09,152.40530892598795,145.08910087035713
1997-07-10,152.81632543958204,145.48038655994679
1997-07-11,153.19017311711482,145.83628770130431
1997-07-14,153.41717420464562,146.05239161473446
1997-07-15,153.89140442474661,146.50385644049993
1997-07-16,155.23992055683505,147.78763713352618
1997-07-17,154.82326520275822,147.39098329566554
1997-07-18,152.70009805846493,145.36973866754965
1997-07-21,152.65818286521053,145.3298356107274
1997-07-22,155.39713846210526,147.93730780233113
1997-07-23,155.37579163293091,147.91698572645882
1997-07-24,155.76074151028669,148.28345610717781
1997-07-25,155.63981955028689,148.16833899888618
1997-07-28,155.63428224194806,148.16306750871445
1997-07-29,156.12352318990921,148.62882247321582
1997-07-30,157.37707134354395,149.82219412011091
1997-07-31,157.71122233156149,150.14030420924138
1997-08-01,156.79337990567569,149.26652275601717
1997-08-04,156.98203104570882,149.44611770896506
1997-08-05,157.04400832720475,149.50511977464112
1997-08-06,157.87921062593574,150.30022823524328
1997-08-07,157.10611062590993,149.56424085608256
1997-08-08,154.70516814073579,147.27855547628698
1997-08-11,155.50713100841608,148.04202016280689
1997-08-12,153.95824320357335,146.56748662760813
1997-08-13,153.73878133586365,146.35856001418688
1997-08-14,154.25908271286727,146.85388435362785
1997-08-15,151.4955402250684,144.22300556339826
1997-08-18,153.60045305386697,146.22687217338083
1997-08-19,154.65522949934419,147.23101413649209
1997-08-20,155.931969672713,148.44646447155293
1997-08-21,154.1683832260079,146.76753889039847
1997-08-22,153.95824320357332,146.5674866276081
1997-08-26,152.20779936490271,144.90107274434826
1997-08-27,152.75065534185836,145.41786895147277
1997-08-28,151.60890590060922,144.33092912623007
1997-08-29,152.17553196309086,144.87035433729736
1997-09-02,155.25292779117211,147.42816893743174
1997-09-03,154.68932906772869,146.95944040705825
1997-09-04,155.23061353301523,147.54058665539657
1997-09-05,154.90387512217021,147.29687900530308
1997-09-08,155.37265486563649,147.69801816000239
1997-09-09,155.42005710525555,147.75425016010334
1997-09-10,153.40427995500534,145.90541995575111
1997-09-11,152.8722060810249,145.46657721981387
1997-09-12,154.5899770644763,146.88770225741507
1997-09-15,154.4905386097484,146.74886248366732
1997-09-16,157.29449878926621,148.97990424617507
1997-09-17,157.29449878926621,148.99106167793377
1997-09-18,157.70489201169008,149.39215082422419
1997-09-19,157.86760026279256,149.55781532234323
1997-09-22,158.5231957226035,150.08066455463381
1997-09-23,157.96264009936641,149.67001726290684
1997-09-24,157.28739160173518,148.92804742024845
1997-09-25,156.44664169406207,148.30657901879857
1997-09-26,157.29728491124064,149.07024637547536
1997-09-29,158.21619628206304,149.95436849903675
1997-09-30,157.4549087959972,149.00199017137152
1997-10-01,158.88027346782047,150.07953270860963
1997-10-02,159.53197658428704,150.69513650289599
1997-10-03,160.01679994569571,151.15310439241605
1997-10-06,160.77792056650108,151.87206480589052
1997-10-07,161.74504892053116,152.78562171433504
1997-10-08,160.6373531678741,151.73928375611297
1997-10-09,160.29324061237037,151.41423237999217
1997-10-10,159.83198038157346,150.97852240553087
1997-10-13,159.92583782366989,151.06718086981726
1997-10-14,160.19688365604438,151.32321285527087
1997-10-15,159.8579334182669,151.00303784432202
1997-10-16,158.32513576310095,149.5551453476443
1997-10-17,157.17567134369799,148.46935238440327
1997-10-20,158.52072899559116,149.73990422483143
1997-10-21,160.38197745993483,151.49805389115798
1997-10-22,159.80071340685123,150.94898737985966
1997-10-23,158.13224600164182,149.37294019006114
1997-10-24,157.31369616028078,148.5997316915558
1997-10-27,150.97372838366209,142.61094919178694
1997-10-28,155.59049151691454,146.97197928407965
1997-10-29,155.46009831297323,146.84880885713645
1997-10-30,153.66657197561844,145.15463003470819
1997-10-31,156.1852527482381,147.53379533412766
1997-11-03,157.91511422982947,149.16783584237515
1997-11-04,157.73882085692946,149.00130776153185
1997-11-05,158.11561434803792,149.35722980168779
1997-11-06,157.86737599696676,149.12274193912339
1997-11-07,156.8335840029134,148.14621404173874
1997-11-10,156.20225560875312,147.54985636741461
1997-11-11,156.23410663945393,147.57994309687149
1997-11-12,154.4113436533257,145.85814711033527
1997-11-13,155.80598762763432,147.17553857367201
1997-11-14,157.07834307537294,148.37741535087019
1997-11-17,158.88653177640097,150.08544435520244
1997-11-18,158.28223062535812,149.51461682334929
1997-11-19,158.81812134843031,150.02082333688378
1997-11-20,160.2225062736328,151.34741617762495
1997-11-21,160.94927330177887,152.03392592229932
1997-11-24,159.10924634111285,150.29582225215469
1997-11-25,159.36363314164589,150.53611798754045
1997-11-26,159.59115824142947,150.75103995305378
1997-11-28,159.99960068756957,151.13685784042974
1997-12-01,162.47178947883992,153.47210645539681
1997-12-02,161.87576932418409,152.90910121665158
1997-12-03,162.27880407515036,153.28981095342454
1997-12-04,162.18472711881896,153.20094513429734
1997-12-05,163.19821288044477,154.15829160778793
1997-12-08,162.73501895925162,153.72075505445224
1997-12-09,162.13897991111148,153.15773196877589
1997-12-10,161.47290397578152,152.52855149884789
1997-12-11,160.11171797488151,151.24276469545379
1997-12-12,160.48096655533831,151.59155975476929
1997-12-15,161.33281678872913,152.39622406063046
1997-12-16,161.98915751022446,153.01620857242449
1997-12-17,161.36657911960657,152.42811621898747
1997-12-18,160.54608577238352,151.65307186984302
1997-12-19,160.00766852099912,151.14447877816264
1997-12-22,160.62182012278834,151.724611121826
1997-12-23,158.84500949698611,150.04622208955828
1997-12-24,158.56155055151009,149.7784645816526
1997-12-29,160.73747079649655,151.83385564091404
1997-12-30,162.068308319116,153.09097503746557
1997-12-31,162.52681451715677,153.52408353132716
1998-01-02,163.27143249118211,154.22745541726988
1998-01-05,164.03955889568226,154.95303354809977
1998-01-06,162.53068718876767,153.52774168682382
1998-01-07,162.59910290094982,153.59236769664943
1998-01-08,162.05598365131453,153.0793330611267
1998-01-09,158.9717597780062,150.16595138339059
1998-01-12,160.66717002934735,151.76744899361594
1998-01-13,161.86384815921275,152.89784039220066
1998-01-14,162.18159540443816,153.19798689271971
1998-01-15,161.38093583216397,152.44167768048814
1998-01-16,162.56403983713739,153.55924685592171
1998-01-20,164.01189455496618,154.92690159831938
1998-01-21,163.13093788487294,154.09474312767756
1998-01-22,162.26752579701957,153.27915740484559
1998-01-23,161.63883125528412,152.68528768785256
1998-01-26,161.75879088035745,152.79860247566072
1998-01-27,162.54934539639783,153.54536637377328
1998-01-28,163.42843305762068,154.37575936420927
1998-01-29,164.38866075894782,155.28279786284469
1998-01-30,164.90448043654271,155.77004511189367
1998-02-02,166.4170376712683,157.19881835118838
1998-02-03,167.17180699430281,157.91177927976301
1998-02-04,167.04600896280846,157.79294948818313
1998-02-05,166.79988962347414,157.56046326046192
1998-02-06,167.93205932963554,158.62991950407772
1998-02-09,167.46395168547224,158.18774141009561
1998-02-10,168.50000581388963,159.16640613706187
1998-02-11,168.58892767561434,159.25040241403158
1998-02-12,169.09025212916691,159.72395736256212
1998-02-13,168.49271147956884,159.15951585255775
1998-02-17,169.17915713005783,159.80793771265803
1998-02-18,169.93938255310985,160.52605251542468
1998-02-19,169.32787477073245,159.94841754398522
1998-02-20,170.09846003303954,160.67631833087938
1998-02-23,170.32411500242063,160.88947375677904
1998-02-24,169.07901012655691,159.71333808012008
1998-02-25,170.61267074525415,161.16204573881063
1998-02-26,171.08805915688083,161.61110130193862
1998-02-27,171.51141928284116,162.01101054482177
1998-03-02,170.96383811313433,161.49376114515806
1998-03-03,171.35269463247516,161.86107801489641
1998-03-04,170.74388007409053,161.28598708362938
1998-03-05,169.7315584160751,160.32974023139491
1998-03-06,171.9091535245457,162.38671337963169
1998-03-09,171.73410984613966,162.22136576985372
1998-03-10,172.77704468860782,163.2065300724243
1998-03-11,173.33054410640449,163.72936989491637
1998-03-12,174.0150144756748,164.3759258891304
1998-03-13,173.55331518144146,163.93980117195798
1998-03-16,174.81310357793473,165.12980701554517
1998-03-17,175.05499257589429,165.3582972301499
1998-03-18,175.38849725687726,165.67332832611663
1998-03-19,175.59981974456397,165.87294517917593
1998-03-20,176.5846243678746,166.80319922802528
1998-03-23,176.33921414819378,166.57138284020243
1998-03-24,177.25950858829177,167.44070007203749
1998-03-25,176.60449975968379,166.82197367654567
1998-03-26,176.41511334216437,166.64307780469011
1998-03-27,175.89095409082108,166.1479529299055
1998-03-30,175.70143073558577,165.96892770562653
1998-03-31,176.61679930760289,166.83359192444976
1998-04-01,177.56742341429867,167.73155879346663
1998-04-02,178.79649478593996,168.89254909827508
1998-04-03,179.13376031303284,169.21113271850703
1998-04-06,178.06704552104986,168.20350569206823
1998-04-07,176.48241371650414,166.70665025778052
1998-04-08,176.20854129810246,166.44794825734732
1998-04-09,177.81761217305842,167.9678890261888
1998-04-14,179.18858991545005,169.26292518417802
1998-04-15,179.96868120432006,169.9998054371402
1998-04-16,178.538529588431,168.64887318148442
1998-04-17,180.16956242692254,170.18955939060518
1998-04-20,180.52280431866853,170.52323440820948
1998-04-21,181.47817250297851,171.42568256956008
1998-04-22,181.87998564533439,171.80523836541008
1998-04-23,180.20896393324864,170.22677835761959
1998-04-24,178.61417714351327,168.72033044593582
1998-04-27,175.08258255577087,165.38435893810737
1998-04-28,175.41129430885309,165.69486259738261
1998-04-29,176.69327512434961,166.90583157126269
1998-04-30,179.03991198103603,169.12248285969108
1998-05-01,180.38291725903903,170.39109601190037
1998-05-05,179.30251447113892,169.37053919886108
1998-05-06,177.98326534916146,168.12436629500638
1998-05-07,176.97817178513668,167.17494715614885
1998-05-08,178.63641290037657,168.74133451350576
1998-05-11,178.18421603630139,168.31418586520965
1998-05-12,178.95038759762335,169.03791743608406
1998-05-13,179.47810197300743,169.53640050847946
1998-05-14,178.76187870163881,168.85985047784391
1998-05-15,177.84465168106493,167.99343075416868
1998-05-18,176.62562030460654,166.84192430630836
1998-05-19,177.53020461522107,167.6964016285674
1998-05-20,178.0828550814673,168.21843952487194
1998-05-21,177.61801843443115,167.77935124002482
1998-05-22,176.73847347287847,166.94852628016741
1998-05-26,174.21279312152285,164.56274912464448
1998-05-27,173.13174479041805,163.54158252651112
1998-05-28,174.32567630569636,164.66937945175584
1998-05-29,173.7479586444129,164.1236628895264
1998-06-01,173.45779947764703,163.84957630087158
1998-06-02,173.26611855639817,163.66851302308197
1998-06-03,171.75759205157016,162.24354724236161
1998-06-04,173.54145273236753,163.92859581099691
1998-06-05,175.57695159116804,165.85134374495965
1998-06-08,175.66762928649968,165.93699859590765
1998-06-09,175.75127180489955,166.01600796442165
1998-06-10,174.41747951864903,164.7560974753365
1998-06-11,171.68386965101939,162.17390849374095
1998-06-12,171.82063809277389,162.30310101953273
1998-06-15,168.21119438537613,158.89359263236341
1998-06-16,170.13972774651978,160.71530013157678
1998-06-17,172.75643019867761,163.18705746611374
1998-06-18,171.78730288648836,162.27161232636217
1998-06-19,171.07794771173167,161.60154995280084
1998-06-22,171.84501141148024,162.32612424451946
1998-06-23,173.42680721717264,163.82030077239932
1998-06-24,175.12040856438819,165.42008967782476
1998-06-25,174.9325261891984,165.24261453596347
1998-06-26,175.45940895328764,165.74031206191054
1998-06-29,175.97437066541147,166.22674887015296
1998-06-30,175.73040679964004,165.99629871939729
1998-07-01,177.36370274037222,167.53912267236333
1998-07-02,177.45482628148221,167.62519867267508
1998-07-06,178.54763870172559,168.6574777202153
1998-07-07,178.22099056099026,168.34892336509188
1998-07-08,178.9930538683189,169.07822032472239
1998-07-09,178.50509755700222,168.61729302653609
1998-07-10,178.83259098739109,168.926645848791
1998-07-13,178.62128094361213,168.72704075034304
1998-07-14,179.83523745396275,169.87375344050528
1998-07-15,179.82265660821238,169.86186947649838
1998-07-16,180.53118349912765,170.53114944674959
1998-07-17,180.53453270373097,170.5343131312703
1998-07-20,180.37751555414076,170.38599351975785
1998-07-21,177.99318621579147,168.13373762220385
1998-07-22,177.05098402630301,167.2437261611895
1998-07-23,173.88391352414004,164.25208691834723
1998-07-24,173.10458345540667,163.51592571980194
1998-07-27,172.71387286888825,163.14685748389621
1998-07-28,170.23008620138862,160.80065342551939
1998-07-29,169.69469597844662,160.29491968827119
1998-07-30,171.47412105008158,161.97577834625338
1998-07-31,168.0531121597059,158.74426694176444
1998-08-03,167.54924713107999,158.26831214640904
1998-08-04,164.47101726348291,155.36059245273526
1998-08-05,165.572547443666,156.40110636360657
1998-08-06,165.84607087005705,156.65947870349271
1998-08-07,166.2209526318197,157.01359490935204
1998-08-10,165.7522021134113,156.57080955139568
1998-08-11,164.68955814509715,155.56702785641698
1998-08-12,165.97091178767531,156.77740439791728
1998-08-13,164.83039037447099,155.70005906736225
1998-08-14,164.04911478093953,154.96206011107526
1998-08-17,165.65846318908854,156.48226303991314
1998-08-18,167.15838845570968,157.89910402463067
1998-08-19,166.8694029592061,157.62612609396513
1998-08-20,166.61132720343571,157.3823457429873
1998-08-21,166.34543080842872,157.13117795581934
1998-08-24,166.86104147286613,157.6182277694264
1998-08-25,167.28268513597411,158.01651562824992
1998-08-26,167.048175807642,157.79499630653868
1998-08-27,163.5167523461823,154.45918644591779
1998-08-28,163.23550762481671,154.19352051119836
1998-09-01,163.96699866587548,154.88449259493456
1998-09-02,163.6688119124629,154.60282308596862
1998-09-03,164.26520795285964,155.16618338928618
1998-09-04,164.41421119527939,155.30693300222634
1998-09-08,164.41421119527939,155.30693300222634
1998-09-09,165.30865878765894,156.15183510219566
1998-09-10,167.09727230277264,157.84137323481309
1998-09-11,166.20300497896613,156.99664141792937
1998-09-14,165.90472809126706,156.71488676742064
1998-09-15,165.75584878349127,156.57425422410179
1998-09-16,165.90472809126706,156.71488676742061
1998-09-17,166.65008230694028,157.41895411290693
1998-09-18,167.3954815897568,158.12306402916468
1998-09-21,167.54449609896236,158.26382428479769
1998-09-22,166.94841552856846,157.7007619768799
1998-09-23,167.54449609896233,158.26382428479764
1998-09-24,167.99166356122302,158.68622212131805
1998-09-25,168.28965877927669,158.96771070450552
1998-09-28,168.14073440435763,158.82703559041528
1998-09-29,168.28965877927666,158.96771070450549
1998-09-30,170.40111077516886,160.96220455804448
1998-10-01,171.29950174258408,161.81083160051128
1998-10-02,171.29950174258408,161.81083160051128
1998-10-05,172.4975103452106,162.94247977393601
1998-10-06,171.74868595950591,162.23513447905185
1998-10-07,170.70071714359429,161.24521504630954
1998-10-08,168.45444678862501,159.12337073012844
1998-10-09,166.35843028930108,157.14345736579386
1998-10-12,166.35843028930108,157.14345736579386
1998-10-13,166.6575634527222,157.4260208609592
1998-10-14,168.15509955627337,158.84060502379899
1998-10-15,169.65252299196635,160.25508275971023
1998-10-16,169.50277614168274,160.113630729042
1998-10-19,169.50277614168274,160.113630729042
1998-10-20,168.75406442383624,159.40639186108635
1998-10-21,168.45444678862501,159.12337073012847
1998-10-22,168.00536397277554,158.69916363582357
1998-10-23,167.40635403806942,158.13333422776481
1998-10-26,167.40635403806942,158.13333422776481
1998-10-27,168.45444678862501,159.12337073012847
1998-10-28,168.75406442383621,159.40639186108635
1998-10-29,169.05347925690276,159.68922142357295
1998-10-30,169.09856893373936,159.73181348035831
1998-11-02,169.47204571493879,160.36539836377366
1998-11-03,168.84898650108497,159.79173555973153
1998-11-04,169.23429481287755,160.66366377187887
1998-11-05,170.48363814363529,161.78404154546809
1998-11-06,170.22187795299988,162.04650747154818
1998-11-09,169.89898512337106,161.47321130385535
1998-11-10,169.88453763443076,161.26112850399181
1998-11-11,169.30933887574392,160.73276643170112
1998-11-12,169.43865485557131,160.65601349096798
1998-11-13,170.12732885074587,161.45998007515897
1998-11-16,170.69927597783379,162.08335224315672
1998-11-17,170.62423191496742,162.09666014109558
1998-11-18,171.22651935780112,162.60692092222087
1998-11-19,171.9182962290393,163.34296904888262
1998-11-20,172.73943516824932,163.98886430885864
1998-11-23,174.77329992728249,165.99018490833572
1998-11-24,174.12307609043984,165.4620131485662
1998-11-25,174.19812015330621,165.47578938837259
1998-11-27,174.94411061374214,166.12183808273247
1998-11-30,173.1175004938238,163.6963977862485
1998-12-01,174.53456413605505,164.75794881105844
1998-12-02,174.58879675575656,164.52958733379614
1998-12-03,173.14466976326781,163.1778120415471
1998-12-04,175.17124720991117,165.32809721303059
1998-12-07,175.27986437030981,165.73843944111732
1998-12-08,175.1944598205182,165.37769715749729
1998-12-09,175.66802217700422,165.54565684858125
1998-12-10,174.45297367306961,164.33717343777721
1998-12-11,174.23952291237688,164.51629210000615
1998-12-14,171.95678563524666,162.15162990830282
1998-12-15,173.83583318838987,164.23591840646526
1998-12-16,173.95223613122704,164.13964656633513
1998-12-17,175.33801791327105,165.46385123001784
1998-12-18,175.6354222480777,165.83242679986071
1998-12-21,176.56342828387744,167.01766462557356
1998-12-22,176.65019047491518,167.40738953014915
1998-12-23,178.0773963284249,169.21151803050759
1998-12-24,177.36960635805946,168.85005422298735
1998-12-29,179.28346766744608,170.01342095733565
1998-12-30,178.76855310104665,169.32042311837591
1998-12-31,179.10389434579866,169.33430054766811
1999-01-04,178.90323876591549,168.94984991309053
1999-01-05,180.02730598247877,170.01137897673743
1999-01-06,182.95728765005859,172.77834935916536
1999-01-07,182.57322461778375,172.41565390374711
1999-01-08,183.36168715961225,173.1602498597673
1999-01-11,182.54690787615775,172.39080130980534
1999-01-12,180.52887500202968,170.48504290344286
1999-01-13,179.73045140287718,169.73104007948962
1999-01-14,178.10792426985677,168.19878321541796
1999-01-15,180.84530258306944,170.7838658464695
1999-01-19,181.59407086625242,171.49097595770101
1999-01-20,182.24886738277269,172.10934247779775
1999-01-21,179.41026562420183,169.42866802840399
1999-01-22,179.24214056166966,169.26989670443368
1999-01-25,180.05879043977052,170.04111177738838
1999-01-26,181.835096630019,171.71859210872461
1999-01-27,180.37610750236902,170.34077471513444
1999-01-28,181.77009382434585,171.65720577308215
1999-01-29,183.04171319862945,172.85807784177007
1999-02-01,182.17761977348934,172.04205877193465
1999-02-02,180.99198235046001,170.92238499713929
1999-02-03,181.86285767676981,171.74480865301044
1999-02-04,179.98046956071829,169.96714832735691
1999-02-05,178.42486611175821,168.49809180809527
1999-02-08,178.59484142984039,168.65861044753973
1999-02-09,176.1049641789981,166.30725900899904
1999-02-10,176.17178610769514,166.37036325966631
1999-02-11,178.56499929069201,168.63042859367852
1999-02-12,176.44209746503054,166.62563568271821
1999-02-16,175.69416507655791,165.91931496069415
1999-02-17,175.07420384007713,165.33384563896539
1999-02-18,175.77130585510676,165.99216396582068
1999-02-19,176.09530497474498,166.29813720036043
1999-02-22,178.97002137119989,169.01291702812671
1999-02-23,178.786402977504,168.83951435375258
1999-02-24,176.59131844339095,166.76655466256335
1999-02-25,175.15149001799722,165.40683195408201
1999-02-26,174.93137647975362,165.19896456438789
1999-03-01,174.48937107822024,165.06291641903039
1999-03-02,173.87824533090418,164.34793243978208
1999-03-03,174.26120295309059,164.79998006956424
1999-03-04,175.203699284359,165.85638614611241
1999-03-05,177.30697728415572,167.54855627164761
1999-03-08,178.05466391057143,168.11528519523847
1999-03-09,178.23927246500352,167.92118898260571
1999-03-10,178.87251003874235,168.68581679223911
1999-03-11,179.88894351830476,169.65893265435074
1999-03-12,179.24851105962421,168.83956353666611
1999-03-15,180.63331373440545,170.08351998502383
1999-03-16,180.44197405003786,169.76427437672004
1999-03-17,179.96315098090636,169.40322809629544
1999-03-18,181.52464262379203,170.81364640401853
1999-03-19,179.69185788264568,169.32844119340416
1999-03-22,179.6256518222703,169.50967750887298
1999-03-23,177.04890425943344,167.01662473103627
1999-03-24,177.72057656358328,167.51121514475659
1999-03-25,179.31553410416009,169.25937050706651
1999-03-26,178.65107215305059,168.6467065193097
1999-03-29,180.32725526279421,170.39490782979308
1999-03-30,180.16439944673306,169.94930952158882
1999-03-31,178.86803646144736,168.56351528056121
1999-04-01,179.36971008775737,168.6542505239878
1999-04-06,182.03212599735426,171.15761499726767
1999-04-07,182.77227795102306,171.85355063187848
1999-04-08,184.52859689344959,173.5049479317409
1999-04-09,184.46740558394069,173.44741216141068
1999-04-12,185.46875586571298,174.3889422625725
1999-04-13,184.61038415360412,173.58184926060534
1999-04-14,182.93818866965137,172.00954992457099
1999-04-15,182.42391920265038,171.52600266632996
1999-04-16,181.39141632964197,170.55518101463696
1999-04-19,180.22518914382402,169.45862367578303
1999-04-20,181.4402360835285,170.60108430008279
1999-04-21,184.05266519791539,173.05744816507649
1999-04-22,184.53028860291704,173.5065385793045
1999-04-23,184.29082465071187,173.28138008756741
1999-04-26,184.91812104271506,173.87120209708027
1999-04-27,185.54121025809104,174.45706826465897
1999-04-28,183.98605468619206,172.9948169330462
1999-04-29,183.59952173521469,172.63137527325858
1999-04-30,182.51257168769644,171.60935909487756
1999-05-04,182.98710421124088,172.05554327540887
1999-05-05,183.78141241684548,172.80239989370722
1999-05-06,183.136628927289,172.19613545737525
1999-05-07,183.99794349433867,173.00599550955505
1999-05-10,184.07522688290777,173.0786620259401
1999-05-11,185.11212921218566,174.05362031251695
1999-05-12,186.05722117172877,174.94225293635856
1999-05-13,187.09433183981525,175.91740711568445
1999-05-14,183.68896822255434,172.71547827078751
1999-05-17,183.75649003865533,172.77896636631357
1999-05-18,183.59336689738257,172.62558812245612
1999-05-19,184.65953713301758,173.62806586484663
1999-05-20,184.60624016845577,173.57795283512166
1999-05-21,184.62219278567056,173.59295245071422
1999-05-24,182.65214207070147,171.74059161083329
1999-05-25,180.72117827492306,169.92498265653086
1999-05-26,181.52725771600694,170.68290730240489
1999-05-27,179.9071917893944,169.15962332921563
1999-05-28,181.73252593640777,170.87591289878546
1999-06-01,181.30547732100396,170.47437596073166
1999-06-02,181.01030422766095,170.19683636495347
1999-06-03,181.79800011551896,170.93747568216327
1999-06-04,184.15370552597807,173.15245239290169
1999-06-07,185.11015537658119,174.05176439289505
1999-06-08,183.86068506645304,172.87693683364029
1999-06-09,183.916920260946,172.92981256486402
1999-06-10,182.73281001867366,171.81644049468278
1999-06-11,181.58801787317492,170.74003767722616
1999-06-14,181.38841187680117,170.55235604635303
1999-06-15,181.90275214082607,171.03596987223804
1999-06-16,184.26686833231253,173.25885490802085
1999-06-17,185.61607282887087,174.52745858173648
1999-06-18,186.25030166924927,175.12379889851789
1999-06-21,187.13783861942488,175.95831482136225
1999-06-22,186.29116634772197,175.16222234090037
1999-06-23,185.83235491754897,174.73082008324042
1999-06-24,185.03751388383944,173.98346246772994
1999-06-25,184.95150493526171,173.90259165206305
1999-06-28,187.27168755709519,176.08416768835514
1999-06-29,189.10150535235778,177.8046730552004
1999-06-30,192.09629514140684,180.62055555343184
1999-07-01,192.72276298084876,181.20959850771197
1999-07-02,193.97271935735401,182.38488309597403
1999-07-06,194.18916070066757,182.58839433831866
1999-07-07,193.84388763427907,182.26374771760783
1999-07-08,194.20660757110471,182.60479894117009
1999-07-09,195.50223712904031,183.82302821713557
1999-07-12,195.3499510467594,183.67983963161714
1999-07-13,194.80882626972564,183.17104138655148
1999-07-14,195.97621105158368,184.26868716721896
1999-07-15,197.26788002070452,185.48319245802634
1999-07-16,197.90001995069497,186.07756865491413
1999-07-19,196.71841465296208,184.96655188509936
1999-07-20,193.50021308719525,181.94060412143301
1999-07-21,193.6290331660326,182.06172855118274
1999-07-22,191.78629158895751,180.32907146298797
1999-07-23,191.02807752011819,179.6161527352146
1999-07-26,189.42137732766616,178.10543603370371
1999-07-27,190.63910570114925,179.25041790422745
1999-07-28,191.27943563127587,179.85249483461192
1999-07-29,189.27571253444938,177.96847318464916
1999-07-30,188.6865162662358,177.41447521599287
1999-08-02,188.71464941221166,177.44092770146057
1999-08-03,187.18875550619492,176.00618995798945
1999-08-04,185.10120901248024,174.04335248025046
1999-08-05,185.66293115323936,174.57151761251339
1999-08-06,184.5473451129011,173.52257614164728
1999-08-09,184.01821340665805,173.02505450713477
1999-08-10,182.33830017926846,171.44549848191673
1999-08-11,184.38928465518592,173.37395813908489
1999-08-12,184.5218726225888,173.49862536556307
1999-08-13,187.55850720591238,176.35385287033571
1999-08-16,187.98046086949535,176.75059922652162
1999-08-17,188.69631701232325,177.42369047025815
1999-08-18,187.58458510602634,176.37837288933338
1999-08-19,187.04246147856901,175.86863546468447
1999-08-20,188.27963295195198,177.0318989137416
1999-08-23,190.42984829221984,179.05366143150803
1999-08-24,190.50309717681631,179.12253446323277
1999-08-25,191.54946736833881,180.10639500655151
1999-08-26,189.94917521275252,178.60170352888912
1999-08-27,188.53700254711157,177.27389337399947
1999-08-31,185.60552893202276,174.51754457217692
1999-09-01,187.31333948578663,176.12333135100977
1999-09-02,185.68117417765063,174.58867080748627
1999-09-03,189.58230187929558,178.25674703059769
1999-09-07,189.46876972784344,178.1499972348592
1999-09-08,188.91252254344175,177.62697998771395
1999-09-09,189.29669054713685,177.98819798102392
1999-09-10,190.51533201154271,179.13403839486116
1999-09-13,189.62967606209273,178.30129110267055
1999-09-14,188.71840503044905,177.44445896088422
1999-09-15,187.03487648780057,175.86150359758904
1999-09-16,186.44595791895972,175.30776673867948
1999-09-17,188.09761967506597,176.86075902181884
1999-09-20,187.63254184293942,176.42346471402158
1999-09-21,184.50906955940997,173.48658715117455
1999-09-22,184.124603647442,173.12508904648757
1999-09-23,180.72314651184371,169.92683331193163
1999-09-24,179.73135882143634,168.99429453756036
1999-09-27,181.13452459207059,170.31363586498651
1999-09-28,180.24488774996786,169.47714549674123
1999-09-29,179.35611051461848,168.64146338275833
1999-09-30,181.05435153491391,170.23825230741502
1999-10-01,180.00490983271322,169.25150374397765
1999-10-04,181.13120461028191,170.31051421730109
1999-10-05,180.63143929533101,169.84060464009494
1999-10-06,181.57586223003972,170.72860820632155
1999-10-07,181.07039713884834,170.25333935474558
1999-10-08,181.53056003646046,170.6860123438347
1999-10-11,181.78700805648853,170.92714028341288
1999-10-12,180.16615094831974,169.40311239347014
1999-10-13,177.88708474887551,167.26019650441748
1999-10-14,177.59853942540198,166.98888873874836
1999-10-15,175.71583419451588,165.21865540605614
1999-10-18,174.99871852641431,164.54437988047545
1999-10-19,175.52997279694168,165.04389727831051
1999-10-20,176.06419747062043,165.54620762885202
1999-10-21,176.08949462681122,165.56999354519016
1999-10-22,177.04897053606032,166.47215082855234
1999-10-25,176.48926745693149,165.94588414015632
1999-10-26,175.39900303178439,164.92075158345992
1999-10-27,176.3416716026924,165.80710559072918
1999-10-28,178.74083245753002,168.06294173865609
1999-10-29,180.70664198528158,169.91131475778872
1999-11-01,179.65021342622364,168.81373654350233
1999-11-02,179.22783412513809,168.38423882312688
1999-11-03,180.35514128923609,169.36910694436938
1999-11-04,181.26390430439133,170.10774417153652
1999-11-05,182.35386859222621,171.01665630781599
1999-11-08,182.44742345878404,171.19474864666316
1999-11-09,181.76527028094665,170.56236572565348
1999-11-10,182.59310686327677,171.43016805103025
1999-11-11,183.08322413982418,171.8987750498554
1999-11-12,184.28366841979803,172.9115638803095
1999-11-15,184.86893678002866,173.46963418024461
1999-11-16,185.89266047595873,174.480514881609
1999-11-17,186.08816723081304,174.83645953956545
1999-11-18,187.047858370971,175.78712671596369
1999-11-19,186.7987379134554,175.60256124891384
1999-11-22,186.5130518042393,175.38357892636296
1999-11-23,185.22200366978205,174.17949606347869
1999-11-24,185.74069494617234,174.67508235484877
1999-11-26,185.6479839385695,174.67838919180971
1999-11-29,184.99630765909001,174.23883270067196
1999-11-30,184.02416977269266,173.03764363685605
1999-12-01,184.67246013676851,173.45101090986947
1999-12-02,185.59317369387759,174.31577816926873
1999-12-03,187.41686677008835,176.02865624228417
1999-12-06,186.68442188696804,175.34071768707733
1999-12-07,185.7220879574825,174.43685907828143
1999-12-08,185.08194650831672,173.83561522524084
1999-12-09,185.36490428710957,174.10137933939239
1999-12-10,186.04881077082314,174.74372888561101
1999-12-13,186.40912445262774,175.08214844371611
1999-12-14,184.80039870508494,173.57117541080487
1999-12-15,184.92157588689867,173.68498937456116
1999-12-16,185.39216571544489,174.12698425254567
1999-12-17,186.11512746467344,174.80601590761751
1999-12-20,185.26630107817411,174.00876766217664
1999-12-21,186.9638608419254,175.60317679543084
1999-12-22,187.29837383392507,175.91736341850316
1999-12-23,189.13374607111467,177.64121097920969
1999-12-29,190.38352914274185,178.81505215201497
1999-12-30,190.37449847046008,178.80657022008364
2000-01-04,184.1239022230439,172.93578560444126
2000-01-05,184.70330861699605,173.47998491106347
2000-01-06,183.66168791209603,172.50165731356594
2000-01-07,190.30901651186116,178.74506721142211
2000-01-10,191.6763150902411,180.02928317118131
2000-01-11,189.8636281526561,178.32674245907739
2000-01-12,188.77513497878041,177.30439055431907
2000-01-13,191.28309165189549,179.659953587095
2000-01-14,193.70697295967119,181.93655001543016
2000-01-18,194.05258120766541,182.2611577016493
2000-01-19,195.44830184616171,183.57206868163871
2000-01-20,194.19807991067972,182.39781531213009
2000-01-21,194.46484896140342,182.64837439112443
2000-01-24,190.76751610047083,179.17570650158592
2000-01-25,191.74871428315532,180.09728309488798
2000-01-26,191.01928939289451,179.41218102550059
2000-01-27,189.87221100959263,178.33480378674383
2000-01-28,185.26233258923097,174.00504031475052
2000-01-31,186.61009991749603,175.27091182253105
2000-02-01,188.2250640334619,176.78774415524589
2000-02-02,189.27053634638804,177.76968932141205
2000-02-03,192.00727923402741,180.34013658848096
2000-02-04,192.015332790233,180.34770077788011
2000-02-07,192.37537290149731,180.68586338870278
2000-02-08,193.97431114009561,182.18764364149155
2000-02-09,191.64413137132584,179.99905506582894
2000-02-10,192.54093553538405,180.84136576407207
2000-02-11,190.11268594761594,178.56066649019044
2000-02-14,191.11143692470426,179.49872929877
2000-02-15,192.26773436840531,180.58476541034781
2000-02-16,191.38469814920501,179.7553860606771
2000-02-17,192.06851709726502,180.39765339026425
2000-02-18,189.02079962672758,177.53512761982245
2000-02-22,188.18355752660023,176.74875975243259
2000-02-23,189.75519376587198,178.22489698633512
2000-02-24,188.06868973809731,176.64087179760674
2000-02-25,187.74489570131522,176.33675280246882
2000-02-28,190.01957508297809,178.4732134201108
2000-02-29,193.83316937384961,182.05507822259341
2000-03-01,193.32444222979504,181.57726340738918
2000-03-02,193.32444222979504,181.57726340738918
2000-03-03,193.51563016243364,181.75683398421137
2000-03-06,193.32444222979498,181.57726340738913
2000-03-07,193.51563016243358,181.75683398421131
2000-03-08,193.51563016243358,181.75683398421131
2000-03-09,193.70714907618961,181.93671543039306
2000-03-10,193.32444222979487,181.57726340738901
2000-03-13,193.51563016243352,181.75683398421126
2000-03-14,193.89846940127518,182.11641035495907
2000-03-15,194.09009422898879,182.29639127933589
2000-03-16,194.4727481184047,182.65579356324236
2000-03-17,195.04710627100238,183.19525138017192
2000-03-20,195.04710627100238,183.19525138017192
2000-03-21,195.23847955306678,183.37499604383552
2000-03-22,195.23847955306678,183.37499604383552
2000-03-23,195.23847955306678,183.37499604383552
2000-03-24,194.47274811840467,182.65579356324236
2000-03-27,194.2813483578509,182.47602403003003
2000-03-28,194.4727481184047,182.65579356324238
2000-03-29,194.4727481184047,182.65579356324238
2000-03-30,195.42970720343956,183.55460392498097
2000-03-31,196.87330120572389,184.91047928860692
2000-04-03,197.2583116806955,185.27209496235307
2000-04-04,198.60516652199439,186.53710942958404
2000-04-05,198.02798841027666,185.99500300571148
2000-04-06,197.83545007467913,185.81416408190248
2000-04-07,198.41295916751426,186.35658137513457
2000-04-10,198.99020347545544,186.89874997287902
2000-04-11,198.22028843946975,186.17561810358174
2000-04-12,197.25831168069553,185.27209496235312
2000-04-13,197.64307061001793,185.63347437538604
2000-04-14,198.22028843946973,186.17561810358171
2000-04-17,197.2583116806955,185.27209496235309
2000-04-18,196.87330120572386,184.91047928860692
2000-04-19,197.6430706100179,185.63347437538599
2000-04-20,197.6430706100179,185.63347437538599
2000-04-25,196.48827749150755,184.54885118008639
2000-04-26,196.29585830911228,184.36812416924681
2000-04-27,195.14119758304889,183.28362532169103
2000-04-28,196.37931850766876,184.44651298693864
2000-05-02,194.52254173274588,182.7025615152042
2000-05-03,190.49397168743957,178.91878375883437
2000-05-04,192.11231472690994,180.43878969792891
2000-05-05,194.47364662355358,182.6566374715668
2000-05-08,192.99514796388837,181.26797839940252
2000-05-09,191.37428485444195,179.74560552002578
2000-05-10,187.02059995601286,175.6564682103463
2000-05-11,190.85179342597266,179.25486279426894
2000-05-12,192.33455140723896,180.64752237434305
2000-05-15,194.74977840416784,182.91599036293141
2000-05-16,196.64986628965829,184.70062118612958
2000-05-17,195.06682547797845,183.21377236798912
2000-05-18,192.96415124348061,181.23886516570414
2000-05-19,190.0945787598819,178.54365956877476
2000-05-22,188.0248721263514,176.59971672203486
2000-05-23,185.83321552573972,174.54123408384481
2000-05-24,186.74697477989326,175.3994696119999
2000-05-25,184.87538254050889,173.64160292363789
2000-05-26,184.83024090201297,173.5992042745624
2000-05-30,189.36597421882226,177.85932800083702
2000-05-31,189.87733568791836,178.33961706878674
2000-06-01,189.938800670614,178.39734718932675
2000-06-02,190.68654569822428,179.09965619006124
2000-06-05,191.06050090045008,179.45088835436465
2000-06-06,190.87334520120032,179.2751049960427
2000-06-07,190.87334520120032,179.2751049960427
2000-06-08,190.87334520120032,179.2751049960427
2000-06-09,190.87334520120032,179.2751049960427
2000-06-12,191.24763115710894,179.62664781609089
2000-06-13,191.24763115710894,179.62664781609089
2000-06-14,191.62149731026634,179.9777963423092
2000-06-15,191.80818232158296,180.1531376136098
2000-06-16,192.55613088992109,180.85563778711028
2000-06-19,192.1821629663998,180.504393674509
2000-06-20,191.99521080787787,180.32880148895305
2000-06-21,191.24763115710897,179.62664781609095
2000-06-22,191.06050090045017,179.45088835436474
2000-06-23,190.49970803136179,178.9241715391862
2000-06-26,191.24763115710894,179.62664781609092
2000-06-27,191.24763115710894,179.62664781609092
2000-06-28,191.24763115710894,179.62664781609092
2000-06-29,191.99521080787784,180.32880148895302
2000-06-30,193.17910545136488,181.44075788229679
2000-07-03,194.44759656871972,182.63217032393777
2000-07-05,191.66010867531992,180.01406152389717
2000-07-06,192.84586437908251,181.12776589193044
2000-07-07,194.98526171948987,183.13716475495917
2000-07-10,195.31010828119122,183.44227231932456
2000-07-11,196.00723076958445,184.0970348120658
2000-07-12,197.87409836789851,185.85046394775088
2000-07-13,198.74957964625708,186.67274742549031
2000-07-14,200.11382134814434,187.95409225699632
2000-07-17,200.2915634258386,188.12103400366743
2000-07-18,199.1804858074542,187.07746997703686
2000-07-19,197.40376010034163,185.40870534488764
2000-07-20,199.25890635486189,187.15112537326596
2000-07-21,196.23637104948818,184.31225159728672
2000-07-24,194.40315043371635,182.59042491673591
2000-07-25,194.71342039476431,182.88184161394611
2000-07-26,193.90917575984122,182.12646615166582
2000-07-27,192.49961536584163,180.80255637596525
2000-07-28,188.80821856575815,177.33546384809318
2000-07-31,189.98624684376296,178.44191034016364
2000-08-01,191.14575780534034,179.53096470321117
2000-08-02,191.9625292723982,180.29810581639396
2000-08-03,192.57352865999562,180.87197839796673
2000-08-04,193.43136259419131,181.67768685589726
2000-08-07,194.66481213126755,182.83618698609394
2000-08-08,195.08746923016821,183.2331617218951
2000-08-09,194.54627619466052,182.7248537747509
2000-08-10,194.21302153917486,182.41184902655186
2000-08-11,194.13020205635809,182.33406199210739
2000-08-14,196.93875665698263,184.97195740062207
2000-08-15,195.9880319297626,184.07900257177977
2000-08-16,196.05343545175572,184.14043190996242
2000-08-17,197.03213608600632,185.05966271602401
2000-08-18,196.95847124474815,184.9904740499106
2000-08-21,196.56624342615896,184.62207958767794
2000-08-22,196.61572738761288,184.66855670252036
2000-08-23,196.86177002849493,184.8996487925717
2000-08-24,197.22160629356307,185.23761994372151
2000-08-25,197.31597687073275,185.32625618107986
2000-08-29,197.65827534896613,185.6477552126004
2000-08-30,197.11563259815529,185.13808564074685
2000-08-31,198.75649368619435,186.6792413402608
2000-09-01,198.82575361949347,186.74429275852523
2000-09-05,198.82575361949347,186.74429275852523
2000-09-06,198.4448085895207,186.38649549681696
2000-09-07,198.06397835965748,186.02880605949699
2000-09-08,198.25434245231821,186.20760285620665
2000-09-11,198.06397835965745,186.02880605949699
2000-09-12,198.06397835965745,186.02880605949699
2000-09-13,198.44480858952065,186.38649549681693
2000-09-14,198.06397835965743,186.02880605949696
2000-09-15,197.87342293348087,185.84982955547352
2000-09-18,197.87342293348087,185.84982955547352
2000-09-19,197.87342293348087,185.84982955547352
2000-09-20,197.492758525998,185.49229586449212
2000-09-21,197.68308435195556,185.67105671973903
2000-09-22,198.06397835965743,186.02880605949696
2000-09-25,198.06397835965743,186.02880605949696
2000-09-26,198.44480858952068,186.38649549681693
2000-09-27,198.44480858952068,186.38649549681693
2000-09-28,198.44480858952068,186.38649549681693
2000-09-29,199.84221930000464,187.69899385315125
2000-10-02,198.5471003060168,186.482571552883
2000-10-03,197.17907119395181,185.19766944963453
2000-10-04,197.32695208645845,185.3365644980924
2000-10-05,197.5479682655677,185.54415083590123
2000-10-06,195.71013152962672,183.81798852940369
2000-10-09,194.59275849207711,182.76851161886231
2000-10-10,193.01311782218897,181.28485633607937
2000-10-11,192.01614577543404,180.34846436279622
2000-10-12,189.42250957448985,177.91242803852228
2000-10-13,192.97767032353431,181.25156277150933
2000-10-16,193.2043337930678,181.46445324742439
2000-10-17,190.0037986252525,178.45839560407563
2000-10-18,189.4846816817921,177.97082231590389
2000-10-19,192.96837509394021,181.24283235784321
2000-10-20,193.78372919213996,182.00864222726017
2000-10-23,194.34962894219515,182.54015560856254
2000-10-24,193.87163170515447,182.09120342632903
2000-10-25,191.69790690670513,180.04956298112316
2000-10-26,192.05842664712432,180.38817607688398
2000-10-27,194.07226999726782,182.27965012037595
2000-10-30,196.06147976009373,184.14798741343205
2000-10-31,198.56218087448786,186.49673576472316
2000-11-01,198.19647346435545,186.15325022314477
2000-11-02,199.66796768349593,187.53533047305814
2000-11-03,199.56351907611335,187.43722858756195
2000-11-06,199.24743449955429,187.14035059451098
2000-11-07,199.69997641387022,187.56539422288444
2000-11-08,198.81411905620911,186.73336515859157
2000-11-09,197.73972924773801,185.72425964143667
2000-11-10,195.2722323369342,183.40669787137671
2000-11-13,194.95052738222174,183.10454101719139
2000-11-14,197.20516549209179,185.22217815216675
2000-11-15,197.98759630300196,185.95706528703721
2000-11-16,196.7435533213733,184.7886154130332
2000-11-17,197.07834645505849,185.10306515524368
2000-11-20,195.11523895516484,183.25924404553882
2000-11-21,195.46985805266473,183.59231504542561
2000-11-22,193.79373674372397,182.0180416793371
2000-11-24,195.78559121033771,183.88886297323023
2000-11-27,196.77709583143385,184.82011974385844
2000-11-28,195.29439916122493,183.42751774933271
2000-11-29,194.95483948652208,183.10859110050905
2000-11-30,194.93738875920673,183.09220075030893
2000-12-01,194.96447864659268,183.11764454603815
2000-12-04,195.05587941853798,183.20349143560745
2000-12-05,198.06065412925696,186.02568382284608
2000-12-06,196.94541418807898,184.97821039307144
2000-12-07,197.20898730963137,185.22576774053985
2000-12-08,198.9768110911038,186.88617136423022
2000-12-11,200.03273680265127,187.87793473803262
2000-12-12,198.88527165044115,186.80019423201838
2000-12-13,198.2547992048647,186.20803185461213
2000-12-14,197.96276094223998,185.93373902373145
2000-12-15,197.36268622647111,185.37012728652667
2000-12-18,198.98604758394993,186.89484661023189
2000-12-19,199.37950544839231,187.26439637573253
2000-12-20,198.37221176659637,186.31830995190285
2000-12-21,199.64986725446684,187.5183298996609
2000-12-22,202.19540650443878,189.90919183918015
2000-12-27,205.02289115337055,192.56486702933108
2000-12-28,207.72139941980583,195.09940296617404
2000-12-29,206.30176358931806,193.76602997845504
2001-01-02,204.59707875817429,192.16492872586099
2001-01-03,207.21711845883897,194.62576416590286
2001-01-04,206.47242928763393,193.92632533531878
2001-01-05,205.74390450083547,193.24206867544916
2001-01-08,206.6589004137403,194.10146571794374
2001-01-09,206.07199934354267,193.55022714206478
2001-01-10,206.93473622708942,194.36054062621713
2001-01-11,206.91191735333902,194.33910831997667
2001-01-12,206.24657564859993,193.71419548131072
2001-01-16,207.62395130647866,195.00787619626288
2001-01-17,207.72541460902781,195.10317417618026
2001-01-18,208.43511624291369,195.76975145440963
2001-01-19,206.42649624042929,193.88318336674416
2001-01-22,206.57096886100157,194.01887724372236
2001-01-23,207.712371736443,195.09092384154278
2001-01-24,207.85177336466251,195.22185486027317
2001-01-25,208.18142468343768,195.53147522514502
2001-01-26,207.98372340160967,195.34578707670181
2001-01-29,208.66628769299354,195.98687598765167
2001-01-30,209.89383337512118,197.13983100512095
2001-01-31,210.6440718760268,197.84448196557935
2001-02-01,211.84864970256609,198.97586474771219
2001-02-02,210.88039477568969,198.06644492539112
2001-02-05,211.32305139128519,198.48220392597042
2001-02-06,211.38833687432532,198.54352239772663
2001-02-07,212.67973000082162,199.75644522935488
2001-02-08,211.88297286599561,199.00810229623494
2001-02-09,211.55976281650246,198.70453180294481
2001-02-12,213.32271777478468,200.36036245292996
2001-02-13,213.13006156746246,200.1794128197613
2001-02-14,212.21396940154938,199.31898613704664
2001-02-15,213.07597085959799,200.12860888314307
2001-02-16,212.50264258133751,199.59011836120035
2001-02-20,211.68051253653968,198.8179442792395
2001-02-21,210.20320766447026,197.4304064552849
2001-02-22,209.30021459345102,196.58228291322075
2001-02-23,209.2072840669419,196.49499922319217
2001-02-26,211.51557560355496,198.66302958464246
2001-02-27,211.59082940856882,198.73371066261589
2001-02-28,211.86627895574458,198.99242277581845
2001-03-01,211.76554242112769,198.89780740246005
2001-03-02,210.80719967651356,197.99769745792173
2001-03-05,210.61565072111131,197.81778779554628
2001-03-06,210.42400210444191,197.63778452772732
2001-03-07,211.19059657111953,198.35779759900319
2001-03-08,211.3822950184225,198.53784766954391
2001-03-09,210.9987735472327,198.17763052165816
2001-03-12,210.9987735472327,198.17763052165816
2001-03-13,210.80719967651362,197.99769745792179
2001-03-14,211.76554242112772,198.89780740246007
2001-03-15,212.34031386391845,199.43765339639086
2001-03-16,212.72366092789082,199.79770673475051
2001-03-19,211.95706646121323,199.07769366347466
2001-03-20,212.53198739590462,199.61768006557065
2001-03-21,212.91545903646087,199.97785041073467
2001-03-22,213.49018064861804,200.5176496019437
2001-03-23,212.72366092789076,199.79770673475045
2001-03-26,212.14878982383289,199.25776713537616
2001-03-27,210.42400210444183,197.63778452772721
2001-03-28,210.61565072111122,197.81778779554617
2001-03-29,210.80719967651351,197.99769745792165
2001-03-30,212.46391875046243,199.55374754767126
2001-04-02,210.59721074809283,197.80046831023242
2001-04-03,208.7372001920817,196.05347955509143
2001-04-04,209.1574157366658,196.44816109533934
2001-04-05,211.69670851757422,198.83315612664234
2001-04-06,210.54011864030605,197.74684535094946
2001-04-09,211.39693078647886,198.55159410885017
2001-04-10,212.22441601842746,199.32879797502585
2001-04-11,210.86469563793565,198.05169973105166
2001-04-12,211.0143155848055,198.19222816186175
2001-04-17,211.3139785693192,198.4736824055409
2001-04-18,212.84823644383712,199.9147125360459
2001-04-19,213.0470172560849,200.10141461825313
2001-04-20,211.71960156874547,198.85465810298211
2001-04-23,211.74397280017359,198.87754843933865
2001-04-24,211.46536743538257,198.61587226882503
2001-04-25,213.32063977164452,200.35841071770596
2001-04-26,215.48364725414712,202.38998507463947
2001-04-27,215.95119655052002,202.82912417554286
2001-04-30,216.28375853021043,203.14147833774317
2001-05-01,217.00699571237089,203.19479914965399
2001-05-02,216.85907026645117,202.97770386295758
2001-05-03,216.95922975394126,202.61957400276702
2001-05-04,218.04300503352198,203.4627626828964
2001-05-08,218.34136515883131,203.84987165340905
2001-05-09,218.34610561323694,203.68192371010826
2001-05-10,218.17500314946918,204.0028609465318
2001-05-11,216.40424621774446,203.47871220721578
2001-05-14,216.91305794453399,203.78304351034336
2001-05-15,217.06752945620855,204.12859030284631
2001-05-16,218.83870119634349,205.70881417975022
2001-05-17,219.47783533977338,206.22817071932519
2001-05-18,219.84272295516772,206.49067373457336
2001-05-21,220.59445217941152,207.20916756490973
2001-05-22,221.03667388765888,207.63768832837525
2001-05-23,219.40053412952497,206.11848892668135
2001-05-24,219.39509727686996,206.68805097403924
2001-05-25,218.91999109934159,206.16344053951076
2001-05-29,218.27191793017465,205.66387105157702
2001-05-30,217.66818832530274,205.20568865120134
2001-05-31,219.32588594066419,205.6091980117489
2001-06-01,219.98266768664573,205.75590991690882
2001-06-04,221.06243461960469,206.76584597289676
2001-06-05,222.32187144060552,207.94383227433124
2001-06-06,222.12415792451878,207.75890532152584
2001-06-07,221.62816124191897,207.29498582360677
2001-06-08,221.15522903472677,206.85263917128572
2001-06-11,221.37208579209835,207.05547133030916
2001-06-12,221.78042506115096,207.43740241034499
2001-06-13,222.08144411004045,207.7189539023689
2001-06-14,220.8115855073905,206.53121981858081
2001-06-15,221.13173541433119,206.8306649344398
2001-06-18,220.53099185048734,206.26877276400077
2001-06-19,220.39936276273684,206.14565641576095
2001-06-20,221.73845784478021,207.39814930517147
2001-06-21,222.07086654715567,207.70906041349113
2001-06-22,220.99505161193363,206.70282077094745
2001-06-25,220.31790853253173,206.06947000785581
2001-06-26,220.91464264516375,206.62761202701688
2001-06-27,221.5875725399564,207.25702208131528
2001-06-28,221.53879552368315,207.21139958081613
2001-06-29,222.89069955912723,208.47587304074054
2001-07-02,221.5451381370487,207.21733200357471
2001-07-03,221.35676385564361,207.0411402968233
2001-07-05,220.43127661293079,206.175506327823
2001-07-06,219.39833379422194,205.20936616873408
2001-07-09,220.02833228570316,205.79862128698571
2001-07-10,219.55513503072501,205.35602672809569
2001-07-11,219.20794332452547,205.03128866497499
2001-07-12,221.24489094190795,206.93650244783817
2001-07-13,221.54233370005574,207.2147089356242
2001-07-16,221.35230444989955,207.03696929055172
2001-07-17,222.21158826937838,207.84068135574771
2001-07-18,222.39179592059401,208.00923458605345
2001-07-19,223.07613738982587,208.64931820344208
2001-07-20,222.98864569536511,208.56748478723134
2001-07-23,222.15343541086625,207.7862893691277
2001-07-24,220.88276783445031,206.59779862966732
2001-07-25,221.20225206667368,206.89662112144131
2001-07-26,222.57409199371622,208.17974117547695
2001-07-27,222.82613554071906,208.41548451788483
2001-07-30,222.72079118539421,208.31695301123295
2001-07-31,223.78218691383384,209.30970596847089
2001-08-01,224.32590274600628,209.81825851472979
2001-08-02,223.69768841258878,209.23067216915786
2001-08-03,223.56088344053433,209.10271467231399
2001-08-06,223.02876066843302,208.60500543770661
2001-08-07,223.15030255430074,208.71868694535772
2001-08-08,222.76483237545585,208.35814596170601
2001-08-09,223.12576990616623,208.69574087695753
2001-08-10,223.59595258217794,209.13551581626214
2001-08-13,224.30025880993031,209.79427302779737
2001-08-14,224.6045037829893,210.07884181645562
2001-08-15,224.64520005508112,210.11690617208205
2001-08-16,225.91723399146431,211.30667490603764
2001-08-17,225.53185176647992,210.94621618807892
2001-08-20,225.94761337802069,211.33508959156427
2001-08-21,224.96922196169305,210.41997287696864
2001-08-22,225.84118750994406,211.23554651594344
2001-08-23,224.98452273910689,210.43428411981486
2001-08-24,225.73467625420562,211.13592357486669
2001-08-28,225.08567707923862,210.52889658867306
2001-08-29,225.30861089369273,210.73741278827472
2001-08-30,224.74092087628904,210.20643651950783
2001-08-31,225.49191206216074,210.90885947134109
2001-09-04,223.00219069380202,208.58015380114742
2001-09-05,223.32189334133213,208.87918058283506
2001-09-06,224.44046895101513,209.92541547398127
2001-09-07,225.26388779193462,210.69558202681827
2001-09-10,225.08539117763186,210.52862917694529
2001-09-17,230.18721101028117,215.30050322019571
2001-09-18,228.1716709746816,213.41531254422173
2001-09-19,229.14068215988519,214.32165566765013
2001-09-20,228.13488667577028,213.38090716595832
2001-09-21,229.11758908117744,214.30005606858961
2001-09-24,228.61809810906536,213.83286826446408
2001-09-25,228.66141979395985,213.87338824173472
2001-09-26,229.87148044294645,215.00519163563453
2001-09-27,230.38995433661719,215.49013469447743
2001-09-28,231.23623205734177,216.28168179362495
2001-10-01,231.29683815794695,216.3383683658339
2001-10-02,231.62022887208013,216.64084469883269
2001-10-03,232.08008835323147,217.07096406675032
2001-10-04,231.64918448619838,216.6679276903827
2001-10-05,232.02760515376096,217.02187506998541
2001-10-08,232.12698337109759,217.11482628177427
2001-10-09,231.25311174231882,216.29746983264681
2001-10-10,230.88739990252003,215.95540937326385
2001-10-11,229.6390827348722,214.78782359300524
2001-10-12,229.8624502986176,214.99674549038775
2001-10-15,230.48508229325267,215.57911051917267
2001-10-16,230.65365075128906,215.73677728824731
2001-10-17,230.86892954901535,215.93813353770912
2001-10-18,230.91265596464345,215.97903207089621
2001-10-19,230.08359429521275,215.20358762354576
2001-10-22,229.99216633526305,215.11807250870004
2001-10-23,229.59782206815458,214.7492313433815
2001-10-24,230.24818762455567,215.35753634414885
2001-10-25,231.10294396677853,216.15701373389405
2001-10-26,231.04655489293069,216.10427146414642
2001-10-29,231.6572845862573,216.67550393934619
2001-10-30,232.77423782884449,217.72022138540669
2001-10-31,235.06648540237887,219.86422432076168
2001-11-01,235.85278935775744,220.59967628846235
2001-11-02,234.44790596414055,219.28564976073355
2001-11-05,234.71015651886927,219.53094000146874
2001-11-06,235.4399620155406,220.21354738871921
2001-11-07,236.49108491155656,221.19669187995851
2001-11-08,235.36539199278269,220.14379997158662
2001-11-09,234.75571874479004,219.57355561910236
2001-11-12,234.78918535472923,219.60485787055831
2001-11-13,234.23455632577819,219.08609790770203
2001-11-14,232.57480665069073,217.5336878554775
2001-11-15,229.69691764920722,214.84191819758979
2001-11-16,227.81615857563949,213.0827919055692
2001-11-19,228.99180366172118,214.18240546590044
2001-11-20,228.03657586794429,213.28895433198451
2001-11-21,226.51865083682935,211.86919681541693
2001-11-23,225.73450801348343,211.13576621463807
2001-11-26,225.95990735335079,211.34658848875983
2001-11-27,226.37717055143131,211.73686636791618
2001-11-28,226.45665375003691,211.81120921512402
2001-11-29,228.47905380967075,213.70281626245156
2001-11-30,229.62620915913359,214.77578257942065
2001-12-03,229.1884529997248,213.62130511948882
2001-12-04,231.18815396504047,215.18011892324037
2001-12-05,231.01613694442455,216.60130485635301
2001-12-06,231.32485587547419,217.63172432654756
2001-12-07,229.90388982465541,217.15283231368511
2001-12-10,228.66528044571629,215.90021229858849
2001-12-11,229.18932954485618,216.08182344931316
2001-12-12,230.16164697251605,216.367078737074
2001-12-13,227.94586537140253,215.04192905173696
2001-12-14,228.66299672645857,216.24345634065799
2001-12-17,229.99479946763165,217.4938898868964
2001-12-18,231.81248392879476,218.98746900527772
2001-12-19,231.8461860093106,218.29232162172065
2001-12-20,230.15170681880369,217.03377939721724
2001-12-21,231.87931785132432,218.75817798466164
2001-12-24,232.14884316946996,219.22730405167175
2001-12-27,233.42422190418353,220.32014616060579
2001-12-28,232.96816626260724,220.00735783861268
2001-12-31,232.8428408742941,218.73880854356491
2002-01-02,232.66487944680534,219.47081454180346
2002-01-03,234.11894990223351,220.5466681018022
2002-01-04,234.83895950294732,221.32933588601017
2002-01-07,234.47616019673924,220.40096224292819
2002-01-08,235.01239331467048,221.01092005925921
2002-01-09,234.85098990062806,220.76729343967753
2002-01-10,236.16446444398599,221.41357575165551
2002-01-11,235.81104124403086,220.4935410320183
2002-01-14,234.41931911256287,219.19275685322725
2002-01-15,235.50687034534371,220.02289419450878
2002-01-16,234.25888425650854,219.05552499442274
2002-01-17,235.09588343671589,220.34438195595496
2002-01-18,233.59903535963315,218.74668211928406
2002-01-22,233.0129943400143,218.30240678726503
2002-01-23,233.17812618811982,219.05954788165002
2002-01-24,233.48360891336961,219.45281104451513
2002-01-25,233.37018897996251,219.55175480791371
2002-01-28,234.17805214398442,220.31796184008834
2002-01-29,233.06560548696044,218.68556511770566
2002-01-30,234.89485302330436,220.41128748321955
2002-01-31,235.3745813927884,220.76968464904417
2002-02-01,235.76914203811799,220.63443936712778
2002-02-04,234.9578671708631,219.87524257842981
2002-02-05,235.37439875337654,220.26503579476042
2002-02-06,234.8150139391455,219.74155950854484
2002-02-07,234.30014807728844,219.25974437447718
2002-02-08,236.64385074652105,221.45299799536784
2002-02-11,236.95168046564004,221.7410672350963
2002-02-12,236.40880866450968,221.23304394394293
2002-02-13,236.72683485941542,221.53065511820654
2002-02-14,236.71595991083984,221.52047826401184
2002-02-15,237.36947417888626,222.13204156234002
2002-02-19,235.69839035766211,220.56822944153396
2002-02-20,237.09862872746777,221.87858246327272
2002-02-21,235.11427720649584,220.02161220180329
2002-02-22,237.1887002957709,221.96287207727264
2002-02-25,237.47989578518778,222.23537488658152
2002-02-26,237.65952413118455,222.40347236986895
2002-02-27,239.12468232035724,223.77457782013184
2002-02-28,238.47115420662766,223.16300156491488
2002-03-01,239.6124646929257,224.23104803236765
2002-03-04,241.09865405291873,225.62183460180952
2002-03-05,240.71780736349751,225.26543556214347
2002-03-06,242.10097355690885,226.55981231983446
2002-03-07,241.0449331358472,225.5715621856744
2002-03-08,240.53985989479594,225.09891105577941
2002-03-11,240.80997465905011,225.35168637260341
2002-03-12,240.92253206722768,225.45701839542537
2002-03-13,240.72213543326095,225.26948580059934
2002-03-14,240.4579037749767,225.02221593616915
2002-03-15,240.75464330992909,225.29990690270665
2002-03-18,241.59494555213328,226.08626771525815
2002-03-19,242.38837879566015,226.82876818562289
2002-03-20,240.82589964640061,225.36658908898787
2002-03-21,242.06371605588848,226.52494648548992
2002-03-22,241.20189353999265,225.71844684781513
2002-03-25,240.4604619250261,225.02460987117306
2002-03-26,241.93715454127982,226.40650932030471
2002-03-27,243.3579830249997,227.73613071703397
2002-03-28,243.10846390496982,227.50262895050398
2002-04-02,242.683146277866,226.63728338578582
2002-04-03,242.25116432507596,226.02762869091097
2002-04-04,242.02461842711915,225.76733161491427
2002-04-05,242.48129166627353,225.98826984701506
2002-04-08,243.4853323987731,227.03545446469769
2002-04-09,243.63166144028472,227.07114892223294
2002-04-10,245.86434266337136,229.2142307209071
2002-04-11,243.44833574607225,226.85479627490164
2002-04-12,246.21025127643961,229.3353006841968
2002-04-15,245.23815527817928,228.32551389082391
2002-04-16,248.01094678362705,231.02599456472132
2002-04-17,247.21075952349085,230.38668398960226
2002-04-18,246.79060770858942,229.94527160188053
2002-04-19,247.07900434403777,230.16618873658965
2002-04-22,245.15987243341891,228.27120276328441
2002-04-23,245.04962649985424,228.22438178590923
2002-04-24,244.08516369450078,227.06436307120131
2002-04-25,244.99126520769934,227.91512335285287
2002-04-26,242.64302777573195,225.61910429741098
2002-04-29,242.53895949752837,225.63052607650087
2002-04-30,245.27359639861868,227.86913731410627
2002-05-01,245.67320509499532,227.97347208234996
2002-05-02,246.58073883461367,228.8156217892041
2002-05-03,246.45768654067911,228.70143490144352
2002-05-07,244.73802089435929,227.10566401523445
2002-05-08,245.26176310555675,227.59167277763328
2002-05-09,243.62921288726122,226.07674101505165
2002-05-10,242.53942453652687,225.06546738406803
2002-05-13,243.25917647421568,225.73336418709738
2002-05-14,244.98862485004537,227.33821299782795
2002-05-15,245.18468287304444,227.52014585540357
2002-05-16,244.48459450400719,226.87049594265801
2002-05-17,244.62232265356587,226.99830135166152
2002-05-20,243.7796142085387,226.21630654644187
2002-05-21,243.28927152341714,225.7612910131275
2002-05-22,243.35626131924406,225.82345447268281
2002-05-23,244.46472480443393,226.85205777232846
2002-05-24,243.72168936260138,226.16255494482513
2002-05-28,243.65646891859888,226.10203336265158
2002-05-29,243.50509758393875,225.96156770331007
2002-05-30,243.81786585918223,226.25180232469214
2002-05-31,244.58136383581851,226.96029344644194
2002-06-05,242.25059776625761,224.7974493817664
2002-06-06,240.54605266366519,223.21570966697453
2002-06-07,241.91197442640816,224.4832224456878
2002-06-10,241.17396236944063,223.79838108905525
2002-06-11,240.5382723899462,223.20848992962959
2002-06-12,241.0772545555931,223.70864067112166
2002-06-13,239.81069108193446,222.53332782985763
2002-06-14,241.23844843891703,223.8582212053341
2002-06-17,243.22017945568064,225.69717674161325
2002-06-18,243.4422958990817,225.90329061874181
2002-06-19,242.71189627875555,225.22551325434017
2002-06-20,242.3659771459381,224.9045161568439
2002-06-21,243.45786637417319,225.91773930583898
2002-06-24,242.70172280775009,225.21607273962326
2002-06-25,241.3073673539493,223.92217479907654
2002-06-26,242.71873032879375,225.23185493948648
2002-06-27,242.29623833812281,224.83980174018458
2002-06-28,243.07456199951577,225.56205041774382
2002-07-01,240.83026613727765,223.47944674146319
2002-07-02,238.42547742105975,221.24791305406467
2002-07-03,237.33429094048631,220.23534202268397
2002-07-05,238.69331081225516,221.49645016297242
2002-07-08,238.20072802969534,221.03935592192678
2002-07-09,237.84034941278884,220.70494108605305
2002-07-10,236.72340142771975,219.66846455946921
2002-07-11,235.9276336969393,218.93002858519611
2002-07-12,235.25868001902202,218.30927023852138
2002-07-15,234.48111415175674,217.58772475917351
2002-07-16,233.04301239571626,216.25323225558324
2002-07-17,233.74129903314744,216.90121024399409
2002-07-18,231.43881796607394,214.76461336497482
2002-07-19,229.92545095980938,213.36027815951519
2002-07-22,229.22605840746971,212.71127393276706
2002-07-23,225.39786295977316,209.15888405091664
2002-07-24,228.14043458611957,211.70386479413997
2002-07-25,227.99617376872183,211.5699973688549
2002-07-26,229.73126860740697,213.18008583826801
2002-07-29,231.76861353607674,215.07064853532168
2002-07-30,231.48034566584343,214.80314916663207
2002-07-31,231.11792360672095,214.46683811005818
2002-08-01,231.22303349564672,214.56437526849325
2002-08-02,233.27561910474549,216.4690806183159
2002-08-05,234.4153059040359,217.52665772209568
2002-08-06,232.64018594914634,215.87942777969167
2002-08-07,233.37380369554279,216.56019141755993
2002-08-08,233.03308092635632,216.24401630729949
2002-08-09,234.34028825040002,217.45704477850981
2002-08-12,235.27009966243281,218.31986714410291
2002-08-13,236.83911925174755,219.77584539538594
2002-08-14,236.32688319931992,219.30051382085574
2002-08-15,234.82568012550163,217.90746618708258
2002-08-16,233.5815611916604,216.75298084985786
2002-08-19,233.66958386902243,216.83466185928029
2002-08-20,235.19564153246168,218.25077341282804
2002-08-21,234.72385560763999,217.81297770238581
2002-08-22,233.4479277324362,216.62897512577439
2002-08-23,234.355158242051,217.47084344908606
2002-08-27,234.09850581307839,217.2326817605591
2002-08-28,234.99565345243036,218.0651936424897
2002-08-29,235.9542525621118,218.95472967180402
2002-08-30,236.48920575671673,219.45114171286676
2002-09-03,238.89478204715081,221.68340623303362
2002-09-04,238.75863622703912,221.55706915321915
2002-09-05,239.88185095453929,222.59936092949664
2002-09-06,238.34432295883366,221.17260543343306
2002-09-09,238.36704517363606,221.19369060712916
2002-09-10,238.83285789108538,221.62594345495592
2002-09-11,237.95945732636864,220.81546776966425
2002-09-12,239.13437455943847,221.90573710094418
2002-09-13,240.18228339440364,222.87814846115094
2002-09-16,240.1101936632312,222.81125249538817
2002-09-17,240.72262047451918,223.37955650115734
2002-09-18,241.14913915188629,223.77534628112036
2002-09-19,242.4276046052949,224.96170361397725
2002-09-20,242.45794164927111,224.98985500006469
2002-09-23,243.8387045623077,226.27113968589671
2002-09-24,244.6102024648356,226.98705437213826
2002-09-25,243.09142368005774,225.57769728430713
2002-09-26,242.72056473258723,225.23355718211337
2002-09-27,243.99291959164125,226.41424416353343
2002-09-30,245.45052230525854,227.7668326617846
2002-10-01,243.53718322880519,225.99134171086365
2002-10-02,244.10349653431754,226.51685449722621
2002-10-03,244.15204673217795,226.56190685518376
2002-10-04,244.2998928338298,226.6991012598987
2002-10-07,245.21346469257665,227.54685406450233
2002-10-08,244.68307833243526,227.05467983646716
2002-10-09,245.65165767897332,227.95347706806658
2002-10-10,244.43978512378467,226.82891489198047
2002-10-11,242.68840492267327,225.20371435279566
2002-10-14,242.57984252041359,225.10297342025819
2002-10-15,238.87256148277908,221.66278656794029
2002-10-16,238.60609914166341,221.41552173065435
2002-10-17,237.37593383833496,220.27398472287777
2002-10-18,237.98209481358293,220.83647432004273
2002-10-21,236.40959440385561,219.37726602698595
2002-10-22,236.17524928917095,219.1598045034977
2002-10-23,236.76381560058513,219.70596705920627
2002-10-24,237.60080862508534,220.48265821618546
2002-10-25,238.62845295626414,221.43626504585168
2002-10-28,238.95765322847561,221.7417478071381
2002-10-29,241.13816063291469,223.76515871879627
2002-10-30,241.14705855030351,223.77341557823135
2002-10-31,242.2261662106458,224.77477801815945
2002-11-01,241.10258259707913,224.02453133374186
2002-11-04,240.29871621396907,223.92602676687395
2002-11-05,239.84537302089961,224.05739240263898
2002-11-06,240.44858955172725,223.9679242042121
2002-11-07,242.72322723841839,224.13309122586946
2002-11-08,243.47452172640305,224.34426734107018
2002-11-11,243.9215055285496,224.25118357121795
2002-11-12,243.29769308213608,224.31725091672195
2002-11-13,243.65090126130525,224.4186741026532
2002-11-14,240.55814114034689,224.10265586565959
2002-11-15,240.70281043681325,224.10509747797346
2002-11-18,241.00542546971911,224.20664056546326
2002-11-19,241.1829798807465,224.21610356431012
2002-11-20,239.92912465264152,224.16900786638152
2002-11-21,238.63987288762615,224.13607216667498
2002-11-22,238.37079280173319,224.13144810876918
2002-11-25,238.14058838960386,224.23299345218138
2002-11-26,239.95411310696829,224.13641624045124
2002-11-27,237.50813181803358,224.16016798410615
2002-11-29,237.81649546239865,224.17326691766161
2002-12-02,237.5114027868878,223.21548812768989
2002-12-03,236.72663747912253,222.47795818519836
2002-12-04,237.22080822910965,222.94238458276283
2002-12-05,237.10553570268141,222.83405035984774
2002-12-06,238.35155147226919,224.00506789820523
2002-12-09,237.34376819265995,223.0579435326153
2002-12-10,238.0213213387722,223.69471446010462
2002-12-11,238.42476337076698,224.07387314068279
2002-12-12,238.72689816556283,224.35782231074108
2002-12-13,237.79932524962825,223.48608041214203
2002-12-16,238.56786179227788,224.20835840595032
2002-12-17,239.03624362265339,224.64854813019366
2002-12-18,239.03827718996294,224.65045929620217
2002-12-19,240.09611460207594,225.64462501428523
2002-12-20,240.70220865457026,226.21423800208856
2002-12-23,240.68848673612044,226.20134201187972
2002-12-24,240.93627445488522,226.43421528005607
2002-12-27,241.11354581005341,226.60081659523766
2002-12-30,241.88747854257807,227.3281659799049
2002-12-31,241.49002181181018,226.95463234266893
2003-01-02,237.7596173963245,223.44876259180285
2003-01-03,238.23921923816806,223.89949699014289
2003-01-06,238.56158638043527,224.20246071387649
2003-01-07,238.72127840139552,224.35254080262376
2003-01-08,239.08788746359173,224.69708350587911
2003-01-09,237.04495588170272,222.77711686464801
2003-01-10,237.16942575821673,222.89409484514604
2003-01-13,237.49128228767503,223.19657869007784
2003-01-14,238.09368182402332,223.76271953626926
2003-01-15,238.44229845594023,224.09035278145112
2003-01-16,238.29298278643728,223.95002448705287
2003-01-17,239.69222369287817,225.26504447461821
2003-01-21,240.2365475784155,225.77660526868581
2003-01-22,241.37896088496902,226.85025622132963
2003-01-23,241.21045885667519,226.6918964034229
2003-01-24,241.69504087102163,227.14731121551631
2003-01-27,241.51140129144116,226.97472498212019
2003-01-28,241.23041514889306,226.7106515177305
2003-01-29,240.53752038528305,226.05946239137472
2003-01-30,240.8867363543248,226.38765889931915
2003-01-31,241.50489516255294,226.96861045996016
2003-02-03,241.07119193913098,226.56101202223144
2003-02-04,242.16684928635763,227.59072127708072
2003-02-05,241.98699518268032,227.42169267014629
2003-02-06,242.01361159031501,227.44670702462645
2003-02-07,241.98878030027805,227.42337034073927
2003-02-10,241.65881936719134,227.11326989975916
2003-02-11,241.237028812218,226.71686710178273
2003-02-12,242.24605742064793,227.66516183930986
2003-02-13,242.45622053993259,227.86267514901675
2003-02-14,241.82135800851128,227.26602526954827
2003-02-18,241.21818835387529,226.6991606588239
2003-02-19,242.04724344629045,227.47831456455972
2003-02-20,243.06708195753427,228.43676855214773
2003-02-21,242.43991865737496,227.84735448386212
2003-02-24,243.23534630733423,228.59490499753255
2003-02-25,243.94575177156412,229.26255084782014
2003-02-26,244.18179014764459,229.48438197135968
2003-02-27,244.48046540127365,229.76507983153903
2003-02-28,244.80588147647671,230.07090897160867
2003-03-03,245.31075927942689,230.54539795996044
2003-03-04,246.02036583377509,231.21229298709966
2003-03-05,246.57383434784927,231.73244799053427
2003-03-06,246.02907268707003,231.22047577110698
2003-03-07,247.00077206319449,232.13368813906061
2003-03-10,247.48976443639378,232.59324784858887
2003-03-11,247.44269589408725,232.54901238232017
2003-03-12,246.64308403352604,231.79752950750427
2003-03-13,243.75302494992061,229.08142433741401
2003-03-14,243.94212359163248,229.259141049617
2003-03-17,242.56936454374903,227.96900896602205
2003-03-18,240.98258452209473,226.47773792417382
2003-03-19,240.23134579361542,225.77171658157582
2003-03-20,240.13710276967038,225.68314608624092
2003-03-21,237.9506005083195,223.62825034720282
2003-03-24,239.86175331941368,225.42437003918144
2003-03-25,240.08794166080682,225.63694400590657
2003-03-26,240.35580555015312,225.88868505122332
2003-03-27,241.01166360717275,226.5050667264706
2003-03-28,241.16616158818033,226.65026540678949
2003-03-31,243.09438153790566,228.4624249589003
2003-04-01,242.83159301899423,228.21545379526401
2003-04-02,240.89311964524398,226.39365797718099
2003-04-03,240.87123784453911,226.37309325157983
2003-04-04,240.38207362601895,225.91337204017532
2003-04-07,239.6248925801641,225.20176605086971
2003-04-08,240.62110583076031,226.13801679252623
2003-04-09,241.48700401926638,226.95179619237126
2003-04-10,240.97629661123381,226.47182848540311
2003-04-11,240.41459443824147,225.94393541056252
2003-04-14,239.84593816303786,225.40950680394801
2003-04-15,240.46922453928181,225.99527730205529
2003-04-16,240.96184451576846,226.45824626785091
2003-04-17,240.84575239780398,226.3491417849707
2003-04-22,241.00900257407773,226.50256586211523
2003-04-23,240.94759403965975,226.44485353409863
2003-04-24,242.08509007746153,227.51388319053603
2003-04-25,242.54169563837479,227.94300546409914
2003-04-28,242.3385326230034,227.75207091900569
2003-04-29,241.87506470357607,227.31649933527282
2003-04-30,243.44014117245311,228.78737317062723
2003-05-01,243.17989404947829,228.54279043520057
2003-05-02,244.58764595231452,229.86580913858558
2003-05-06,246.83896434391227,231.98161969679376
2003-05-07,247.12366738651642,232.24918633940817
2003-05-08,246.14450916131213,231.32896407374574
2003-05-09,248.33783156966774,233.39026945217336
2003-05-12,250.27854454436121,235.21417006864456
2003-05-13,250.48132350330491,235.40474367383376
2003-05-14,250.84620240251434,235.74766035336518
2003-05-15,251.72941903846322,236.57771579576732
2003-05-16,251.48253132404972,236.34568836028882
2003-05-19,249.69295330267684,234.66382581854904
2003-05-20,250.89236892997482,235.7910480974538
2003-05-21,250.6898373001975,235.60070693458081
2003-05-22,252.50672956778766,237.30823966617541
2003-05-23,253.02406136707222,237.79443303940431
2003-05-27,254.7945398018355,239.45834560696147
2003-05-28,254.89570967739678,239.55342602370041
2003-05-29,255.16221453350022,239.80388983657642
2003-05-30,257.50229139391956,242.00311645275491
2003-06-02,257.90808389660413,242.3844841281695
2003-06-03,258.92048773767698,243.33595094161842
2003-06-04,262.60167855356866,246.79556928085964
2003-06-05,263.86700319076817,247.98473347768731
2003-06-06,263.44207227600748,247.58537933954534
2003-06-09,259.37534335335454,243.76342859991084
2003-06-10,262.33867267854549,246.5483938438706
2003-06-11,264.49722196473181,248.57701910947981
2003-06-12,265.18545644056195,249.22382845280453
2003-06-13,262.06546271349202,246.29162850546916
2003-06-16,267.05321093077197,250.97916198771264
2003-06-17,267.17048987133404,251.08938185782202
2003-06-18,266.73650157540027,250.68151550622002
2003-06-19,262.6083433561385,246.80183292606347
2003-06-20,262.06851687823149,246.29449883870433
2003-06-23,258.83073437526525,243.25159987313606
2003-06-24,259.02204796416925,243.43139821389605
2003-06-25,257.3939543878131,241.90130029817624
2003-06-26,260.76027868025449,245.06500406699121
2003-06-27,258.69109493393051,243.12036539052312
2003-06-30,257.98350050593126,242.4553613789725
2003-07-01,260.47768032385505,244.76766127378048
2003-07-02,264.11318523293403,248.17232630482346
2003-07-03,262.36977791199763,246.61158295394472
2003-07-07,266.22182148337447,250.29706498857004
2003-07-08,268.24821831286869,252.19777702355049
2003-07-09,267.86131893723666,251.81249301718688
2003-07-10,264.34233001917499,248.47810983017345
2003-07-11,267.11151621714464,251.03823744910451
2003-07-14,268.09619979575621,252.03447979176622
2003-07-15,267.53959414935144,251.67608242744342
2003-07-16,266.15806356880739,250.37400061049027
2003-07-17,261.54781217579097,246.06650947529056
2003-07-18,263.7498607286953,248.16680887727284
2003-07-21,260.77883060931759,245.52966329516153
2003-07-22,263.08741335952487,247.6583014558145
2003-07-23,263.61730562059836,248.12083986120444
2003-07-24,262.62951081787088,247.23847501883347
2003-07-25,265.61006977829186,250.05526018819515
2003-07-28,266.16911998547954,250.66670464354291
2003-07-29,265.52569446627388,250.17567346937432
2003-07-30,264.91537944710979,249.51005961025925
2003-07-31,265.37275079727772,250.01765041918006
2003-08-01,262.28249392715571,247.10467252167052
2003-08-04,261.38850427756267,246.26241646297296
2003-08-05,256.8751879226777,242.01027769777465
2003-08-06,257.77911396440015,242.8618951472628
2003-08-07,259.29134357106574,244.28661471637159
2003-08-08,259.96969971139532,244.92571559344253
2003-08-11,261.82261252039797,246.67140363393742
2003-08-12,264.97316913070784,249.63964313705816
2003-08-13,263.6490087275057,248.39210954112434
2003-08-14,265.15789452252045,249.81367879901495
2003-08-15,266.2931801661112,250.88326748172727
2003-08-18,268.86041779266793,253.30194363314359
2003-08-19,270.94792839061051,255.26865370580819
2003-08-20,270.51898814708954,254.86453547122994
2003-08-21,271.96662645006063,256.22840152050151
2003-08-22,268.4287030922693,252.89521149457244
2003-08-26,269.18839595754662,253.61094228499087
2003-08-27,270.35595624860105,254.71093793872456
2003-08-28,272.19335584499134,256.44201048862789
2003-08-29,273.37500452409074,257.55527926044914
2003-09-02,277.99763936333676,261.91041044376169
2003-09-03,279.17769611253448,263.02217940783328
2003-09-04,279.42840253087797,263.25837789167508
2003-09-05,277.53550074549116,261.47501496573159
2003-09-08,280.71148810980793,264.46721359035814
2003-09-09,278.80040357101376,262.66672011460548
2003-09-10,275.55623655895704,259.61028727718355
2003-09-11,277.12736818662285,261.09050031210546
2003-09-12,277.90028230151427,261.81868726193926
2003-09-15,276.76156541910882,260.74586590009926
2003-09-16,280.22186278713161,264.00592201421557
2003-09-17,279.50080239983265,263.32658810898988
2003-09-18,282.41040336208687,266.06781563882362
2003-09-19,281.70806256385077,265.40611805333805
2003-09-22,279.76813338258643,263.57844912326942
2003-09-23,281.43730790256245,265.15103148271106
2003-09-24,276.96247335591949,260.9351476519588
2003-09-25,273.58038944189985,257.74877891837974
2003-09-26,271.22114529383498,255.52606003280994
2003-09-29,273.87180845194877,258.02333402865986
2003-09-30,271.6095200593569,255.89196024144766
2003-10-01,277.77967109669089,261.70505561300956
2003-10-02,278.99860894164505,262.8534556929834
2003-10-03,281.68066563548911,265.38030653649008
2003-10-06,282.7827130360788,266.41858041420346
2003-10-07,284.23635144595238,267.78809935486333
2003-10-08,282.7352511781117,266.37386508953716
2003-10-09,283.81073376304323,267.38711141022407
2003-10-10,283.96990028443838,267.53706724813327
2003-10-13,286.12015353918741,269.56288917165432
2003-10-14,287.89831621051354,271.23815273198306
2003-10-15,286.59787916306573,270.01296966340249
2003-10-16,287.59404571324143,270.95148982718655
2003-10-17,283.96476397506086,267.53222816784353
2003-10-20,285.6506179173798,269.12052474112454
2003-10-21,285.8778568819406,269.33461379099282
2003-10-22,282.38147448267432,266.04056082220717
2003-10-23,281.82407908242203,265.51542090233636
2003-10-24,281.7103506912062,265.4082737708332
2003-10-27,283.53753845813372,267.12972543168109
2003-10-28,287.27386856002744,270.64984075633453
2003-10-29,288.25844152589218,271.57743823591034
2003-10-30,289.33976585503075,272.59618824945767
2003-10-31,287.92852875249935,271.26661692790265
2003-11-03,290.83850514008594,274.00819815787253
2003-11-04,290.60623556443011,273.78936960942536
2003-11-05,291.15722121224201,274.30847069782862
2003-11-06,292.97063814773259,276.01694842076085
2003-11-07,291.44732097117623,274.58178289970959
2003-11-10,289.12566280659991,272.39447496361748
2003-11-11,288.7596407265213,272.04963393027487
2003-11-12,292.79827600713702,275.85456057066358
2003-11-13,293.25112748651782,276.28120634041295
2003-11-14,290.12971191867837,273.34042153946757
2003-11-17,288.65980235547704,271.95557302818179
2003-11-18,285.81439785130073,269.27482702158233
2003-11-19,288.52388426391178,271.82752027481985
2003-11-20,285.90630041102969,269.3614113436455
2003-11-21,287.65638864841821,271.01022508759297
2003-11-24,292.35806408036274,275.43982292509304
2003-11-25,293.36660035693336,276.38999700120735
2003-11-26,294.6140597767826,277.565268163268
2003-11-28,295.33356336640844,278.24313535993281
2003-12-01,298.54576335796787,281.26945105147433
2003-12-02,297.70731508893749,280.47952229243697
2003-12-03,296.39221859112189,279.24052808980684
2003-12-04,297.26805769227508,280.06568394001863
2003-12-05,294.92166989853143,277.85507743441286
2003-12-08,298.19608915620876,280.94001187381059
2003-12-09,295.23267329171512,278.14808361441021
2003-12-10,294.35523666482317,277.32142268443266
2003-12-11,298.35813982189734,281.09268495571297
2003-12-12,299.47772205879926,282.14747895995009
2003-12-15,296.55355371960496,279.39252704136908
2003-12-16,299.31399522650753,281.9932267082246
2003-12-17,299.62237138083316,282.28375768300361
2003-12-18,302.73635502442198,285.21754063193555
2003-12-19,302.35465774167449,284.85793149202124
2003-12-22,304.67021236628568,287.0394890891497
2003-12-23,305.25761700109035,287.59290166254641
2003-12-24,304.88115627315887,287.23822604733505
2003-12-29,309.70290020791424,291.78094423695234
2003-12-30,310.07698888839218,292.13338507087713
2003-12-31,308.20623729411614,290.37089054388304
2004-01-02,309.20255139113533,291.3095497162372
2004-01-05,312.22703406139971,294.15901095397703
2004-01-06,312.75227922358607,294.65386111287364
2004-01-07,313.75776057468323,295.60115704661791
2004-01-08,315.01474082903565,296.78539808942355
2004-01-09,313.26098195792156,295.13312612479535
2004-01-12,316.16192951502586,297.86620100664345
2004-01-13,314.77469307494516,296.55924147189285
2004-01-14,317.23217824381345,298.87451634513201
2004-01-15,316.92159872349401,298.58190950923017
2004-01-16,317.80633830588533,299.41545078566196
2004-01-20,318.92353049377459,300.46799304877169
2004-01-21,320.34943893369638,301.81138670351788
2004-01-22,319.28992562549854,300.81318554592451
2004-01-23,319.50956250388839,301.02011242882691
2004-01-26,322.3492248882236,303.69544860184709
2004-01-27,319.30908913580163,300.83124009797223
2004-01-28,315.9916285614388,297.70575506632861
2004-01-29,315.31936344953181,297.07239274069951
2004-01-30,314.2967249982924,296.1089325576811
2004-02-02,315.27534050482279,297.03091732549785
2004-02-03,314.66340086050877,296.45438953995205
2004-02-04,310.63063833923508,292.65499581276811
2004-02-05,311.89782449490082,293.84885215953119
2004-02-06,316.57405054421037,298.25447332490285
2004-02-09,317.57392945693994,299.19649102342288
2004-02-10,319.99621083502706,301.47859928663695
2004-02-11,322.10124862293264,303.4618222819567
2004-02-12,321.19133418778415,302.60456297671863
2004-02-13,319.08628642404534,300.6213305828494
2004-02-17,322.83423110179928,304.15238836851671
2004-02-18,321.44406098825243,302.84266492676539
2004-02-19,318.43191525361783,300.00482670813398
2004-02-20,317.53679131425849,299.16150199900136
2004-02-23,315.37106717577007,297.1211044642651
2004-02-24,315.67403365835048,297.4065388153806
2004-02-25,317.70384886012454,299.31889222183099
2004-02-26,317.90471294586507,299.50813266020373
2004-02-27,318.51600220728386,300.08404769935561
2004-03-01,322.28704990258473,303.63687157203742
2004-03-02,320.71508663880587,302.15587502630507
2004-03-03,320.44105888828597,301.89770477429863
2004-03-04,322.58484958450532,303.91743811605721
2004-03-05,323.04956739508708,304.35526353352748
2004-03-08,320.33047241400465,301.79351774258544
2004-03-09,319.15616193635663,300.68716252354983
2004-03-10,313.46044962644572,295.32105095413232
2004-03-11,309.84835265124713,291.91797960610376
2004-03-12,315.63485143516579,297.36962399775877
2004-03-15,310.27679526421019,292.32162900711938
2004-03-16,311.44285841823404,293.42021416047953
2004-03-17,315.09626395587742,296.86220361791908
2004-03-18,314.80478022985699,296.58758753666558
2004-03-19,312.15971001074053,294.09558282638125
2004-03-22,308.64200031479857,290.78143673364406
2004-03-23,309.1885134964329,291.29632416953234
2004-03-24,308.64444413485603,290.78373913418159
2004-03-25,312.90675751789337,294.79940002305773
2004-03-26,313.24753070801069,295.12045327479132
2004-03-29,317.80078954436516,299.41022312110152
2004-03-30,319.65596928440982,301.15804690937119
2004-03-31,320.45068454271563,301.90677340922753
2004-04-01,322.66739465937894,303.99520645426975
2004-04-02,325.36179640287224,306.5336879613605
2004-04-05,325.87128564947966,307.0136939714879
2004-04-06,323.87624460236407,305.13410240121829
2004-04-07,324.01979886572462,305.26934943469604
2004-04-08,322.83382671695244,304.15200738470179
2004-04-13,317.88775118643463,299.49215244762206
2004-04-14,316.8445248188321,298.50929573434104
2004-04-15,315.32624681350387,297.078877776642
2004-04-16,317.87456224129335,299.47972672327717
2004-04-19,318.87907896828784,300.42611385399988
2004-04-20,313.44180829829236,295.30348836648221
2004-04-21,315.62695624866302,297.36218569165607
2004-04-22,319.67554700914172,301.17649170599572
2004-04-23,319.49853694025046,301.00972489494592
2004-04-26,318.9388200695243,300.48239784396833
2004-04-27,319.52670016486957,301.03625836384981
2004-04-28,314.41917686324564,296.22429835101303
2004-04-29,310.04649540382729,292.10465619002599
2004-04-30,307.69840447568902,289.89244510738365
2004-05-04,311.09190575078026,293.13748686843763
2004-05-05,312.23558883696046,294.24860715475285
2004-05-06,309.27134100586761,291.47038666718993
2004-05-07,302.82328878209404,285.57364878218709
2004-05-10,298.45786081756535,281.46491290732524
2004-05-11,302.34356258309475,285.09848033812392
2004-05-12,303.94917293006552,286.63265027231427
2004-05-13,301.82414743633461,284.67466507887752
2004-05-14,301.62359319277061,284.41491117431627
2004-05-17,299.44598778286229,282.27160491419761
2004-05-18,301.49905960265136,284.23431888275405
2004-05-19,300.21213291424601,283.08859027828817
2004-05-20,301.14034907422689,283.89228486685124
2004-05-21,302.5978046362381,285.29731068618622
2004-05-24,304.87680382785385,287.43456515700518
2004-05-25,309.73101202727116,292.00324723797996
2004-05-26,311.03290579047501,293.15903135972741
2004-05-27,312.07273121832208,294.06093420270378
2004-05-28,312.52989142123363,294.53229148229599
2004-06-01,313.2642863695292,295.15791494049591
2004-06-02,313.85729671276317,295.71664986197561
2004-06-03,309.83439291585159,291.92626599644314
2004-06-04,312.15520100536577,294.11293363295118
2004-06-07,317.18741756531819,298.85429296432579
2004-06-08,317.51785788051399,299.16563415031226
2004-06-09,313.87512269498075,295.73344551973832
2004-06-10,314.96860733499847,296.76372780983746
2004-06-14,310.74498569411878,292.78422739672919
2004-06-15,314.13762756181222,295.98077786027926
2004-06-16,314.7479868697115,296.55585899312058
2004-06-17,314.48669189156908,296.30966661087757
2004-06-18,315.25405678717851,297.03267856098364
2004-06-21,314.78673633467065,296.59236877664841
2004-06-22,316.20296496925806,297.92674077196352
2004-06-23,319.51262159265195,301.04510245771797
2004-06-24,318.7525012795104,300.3289163602509
2004-06-25,319.41636279794295,300.95440732783169
2004-06-28,318.76557897000566,300.34123817293994
2004-06-29,320.05053460586021,301.55192462132266
2004-06-30,321.81320055277729,303.21271018886404
2004-07-01,320.8261987911398,302.28275617021836
2004-07-02,323.08340300469456,304.4094961730089
2004-07-06,322.24756555818976,303.62196931893106
2004-07-07,322.32392198897406,303.69391242219308
2004-07-08,321.81542080650479,303.214802114083
2004-07-09,322.40169200982706,303.76718741139115
2004-07-12,322.71237164767336,304.05991006798212
2004-07-13,322.10953072109407,303.49191276132444
2004-07-14,321.87497803063252,303.27091698851348
2004-07-15,321.86734191115897,303.2637222293273
2004-07-16,324.10271210660443,305.36989019904451
2004-07-19,324.17699076768974,305.4398756256777
2004-07-20,322.89880781954474,304.23557041023435
2004-07-21,321.47191205261498,302.89114783246367
2004-07-22,321.70263274759594,303.10853309541022
2004-07-23,321.95257253201811,303.34402660309877
2004-07-26,320.81610067255957,302.2732417130822
2004-07-27,319.42839849663108,300.96574737482786
2004-07-28,319.8072695523104,301.32272005154624
2004-07-29,320.40074461155268,301.8818928289005
2004-07-30,322.5315902064296,303.88957761842073
2004-08-02,322.53677379954388,303.89446160488876
2004-08-03,322.84581397316458,304.18563955669379
2004-08-04,322.76986416869551,304.1140795771409
2004-08-05,323.08549246636801,304.41146486582761
2004-08-06,326.31110600193142,307.45064107258378
2004-08-09,325.61791097601514,306.79751204575558
2004-08-10,324.76502758146773,305.9939244828725
2004-08-11,325.41101472322458,306.60257419538527
2004-08-12,325.55422105246214,306.73750333791185
2004-08-13,326.31996380305276,307.45898690140547
2004-08-16,326.084478194724,307.23711213247361
2004-08-17,327.15753192285666,308.24814439754692
2004-08-18,326.78879839563677,307.90072330999118
2004-08-19,327.16376307280143,308.25401539307819
2004-08-20,326.97109640476231,308.07248467128414
2004-08-23,326.08461114168159,307.23723739522626
2004-08-24,326.2558188049685,307.39854942189623
2004-08-25,326.54407562480196,307.67014527757271
2004-08-26,327.46118538967568,308.53424698897044
2004-08-27,327.26144845926024,308.34605465909692
2004-08-31,330.01825354074089,310.94351908498857
2004-09-01,330.05526850504742,310.97839462031669
2004-09-02,329.46437453752878,310.42165375009193
2004-09-03,327.92845219674331,308.9745062285196
2004-09-07,328.75698824530275,309.7551536983604
2004-09-08,330.01609688867131,310.94148708531344
2004-09-09,329.9295849120976,310.85997541694303
2004-09-10,330.51174218966679,311.40848456941012
2004-09-13,330.99089667911966,311.85994439485103
2004-09-14,331.08743436324511,311.95090229461636
2004-09-15,330.57512201703628,311.46820110432844
2004-09-16,332.57439224224572,313.35191545272801
2004-09-17,331.53076145842954,312.36860551437286
2004-09-20,332.6547272942359,313.42760721675529
2004-09-21,333.14086462704807,313.88564628399303
2004-09-22,333.30730670218594,314.04246816887945
2004-09-23,332.54029825861915,313.31979206823416
2004-09-24,332.33858780322157,313.12974028120539
2004-09-27,332.75360504622671,313.52076993073666
2004-09-28,332.99380067945026,313.74708248969989
2004-09-29,331.73773938943611,312.56362032203754
2004-09-30,332.22514579079376,313.02285510689165
2004-10-01,331.89769221133452,312.7143280262178
2004-10-04,332.25952113416525,313.05524358881053
2004-10-05,332.15308018452845,312.95495482265983
2004-10-06,331.55066592512031,312.38735952222532
2004-10-07,330.59063793508449,311.48282021738663
2004-10-08,332.3803886124266,313.16912504424619
2004-10-11,332.65567138373046,313.42849673879425
2004-10-12,332.97444129810384,313.72884206178844
2004-10-13,333.27732597700839,314.01422030049213
2004-10-14,333.99403092625749,314.68950039992342
2004-10-15,333.58301128437279,314.30223729405128
2004-10-18,333.8563080349939,314.55973775798287
2004-10-19,333.46541456660873,314.19143755233375
2004-10-20,334.48248398084814,315.1497213424704
2004-10-21,334.58659287436399,315.24781284307846
2004-10-22,334.58170907462039,315.24321132221564
2004-10-25,335.24938009838797,315.87229160942388
2004-10-26,335.35544177376681,315.97222302300025
2004-10-27,334.16969785361175,314.85501394952968
2004-10-28,334.36924460924587,315.04302709653939
2004-10-29,335.66773762071898,316.266468473381
2004-11-01,334.88310280147073,315.52718478444547
2004-11-02,335.09649255381004,315.72824081639874
2004-11-03,335.76609006355437,316.35913624056587
2004-11-04,336.07360087729097,316.64887322800223
2004-11-05,334.23104095312505,314.91281147748344
2004-11-08,333.74427735772809,314.45418234503001
2004-11-09,333.88322784996961,314.58510163380447
2004-11-10,333.52738824888934,314.24982921598343
2004-11-11,333.85269076383736,314.55632956158519
2004-11-12,334.98951923395833,315.6274504505144
2004-11-15,335.3035861247393,315.92336458011107
2004-11-16,334.73042820357881,315.38333462999475
2004-11-17,336.14800442673516,316.71897632456853
2004-11-18,336.41232257221492,316.96801713801358
2004-11-19,334.67158286660327,315.32789049633061
2004-11-22,335.41950507278369,316.03258352556884
2004-11-23,335.52802273881554,316.13482897592445
2004-11-24,335.80035664912037,316.39142225077461
2004-11-26,335.07229091162054,315.70543800561688
2004-11-29,333.65445854572704,314.36955497310731
2004-11-30,334.29352399604886,314.97168306122592
2004-12-01,334.3395334776144,313.94719726523238
2004-12-02,333.75521478350191,313.86251065339206
2004-12-03,336.24582340286452,313.87665289431811
2004-12-06,336.60494152499314,313.68662651956947
2004-12-07,335.98658725923741,313.14582183342964
2004-12-08,338.12978936100211,313.46020656095527
2004-12-09,337.36281846101809,313.37580451187466
2004-12-10,337.91352558670042,313.5666431969712
2004-12-13,338.33703947147166,313.89895539601963
2004-12-14,338.92093496396035,314.0911718854457
2004-12-15,340.01884982575331,314.37064616629738
2004-12-16,337.8578945811301,314.13254162550248
2004-12-17,337.44463119636646,314.08884370428035
2004-12-20,337.58053175306691,314.09137918936256
2004-12-21,338.44891553277034,314.43845724014693
2004-12-22,338.27062307258626,314.58587415760007
2004-12-23,337.94974810072478,314.62875999892725
2004-12-27,336.63789169151016,314.42772301765814
2004-12-28,336.87167753718632,314.84312403324691
2004-12-29,336.41733726850828,314.85078851197636
2004-12-30,337.2042525555712,314.82353846291335
2004-12-31,338.46399435217546,314.79144231648797
2005-01-03,338.3375853510413,313.37203227747136
2005-01-04,336.21553861977105,311.40656900777293
2005-01-05,335.78253210608182,311.00551356179466
2005-01-06,335.99258054936126,311.20006276471253
2005-01-07,335.36564811847546,310.61939097868117
2005-01-10,335.66886348623154,310.90023242262794
2005-01-11,335.98292688294993,311.19112143157895
2005-01-12,336.25168522999695,311.44004839994477
2005-01-13,336.97180695868786,312.10703314943066
2005-01-14,337.06782692622488,312.19596791065464
2005-01-18,337.39357594562728,312.49768027322483
2005-01-19,337.26598670959203,312.37950570461572
2005-01-20,337.43974621149556,312.54044368666854
2005-01-21,337.83144561189363,312.90324002517536
2005-01-24,337.78709973355336,312.86216637973871
2005-01-25,336.82040447983229,311.9668024906299
2005-01-26,337.19776553983479,312.31631849888743
2005-01-27,336.95927258050102,312.09542366903059
2005-01-28,338.08226132419088,313.13554832579814
2005-01-31,339.1680681991532,314.14123472246246
2005-02-01,339.2690775822727,314.23479073585781
2005-02-02,339.54110791665755,314.48674825526513
2005-02-03,339.02606235344888,314.00970732973286
2005-02-04,340.78916613121993,315.64271364614001
2005-02-07,341.17624716673072,316.00123240375376
2005-02-08,341.32513009404408,316.13912942591048
2005-02-09,341.96454071721871,316.73135865233871
2005-02-10,340.68658761726886,315.54770428632719
2005-02-11,340.62342686441923,315.4892040949868
2005-02-14,340.97912376865474,315.8186545213693
2005-02-15,340.60263570788516,315.46994709470499
2005-02-16,339.74457112591585,314.67519814123574
2005-02-17,338.96934269188841,313.9571729487393
2005-02-18,337.66292134453982,312.74715097555378
2005-02-22,336.86121634187873,312.00460289089375
2005-02-23,337.12799810537263,312.25169912560239
2005-02-24,337.22734611117812,312.34371635286277
2005-02-25,338.06535971032287,313.11989386316708
2005-02-28,336.93231663578678,312.07045677341284
2005-03-01,337.08993896682352,312.2164483284393
2005-03-02,336.92802644189345,312.06648314814203
2005-03-03,336.96713846394334,312.10270913770665
2005-03-04,338.55804516441628,313.57622460709734
2005-03-07,338.5367752165987,313.55652414500673
2005-03-08,337.03833147851913,312.16864889913887
2005-03-09,334.48299980558386,309.80187230037609
2005-03-10,335.07883632463137,310.35374270722247
2005-03-11,333.62517396507906,309.00734447190513
2005-03-14,334.43884477562682,309.7609754208334
2005-03-15,333.8086224985073,309.17725654265263
2005-03-16,333.9086614885079,309.26991376715506
2005-03-17,334.82534081911427,310.11895235233271
2005-03-18,333.9819524700905,309.33779668894846
2005-03-21,333.81780893035386,309.18576511793896
2005-03-22,331.80899887825461,307.32518291914892
2005-03-23,331.61368686847419,307.14428276473774
2005-03-24,331.85841559256176,307.37095322922198
2005-03-28,331.29796266974961,306.85185550250844
2005-03-29,331.53235804799482,307.06895510721517
2005-03-30,332.47134771244146,307.9386577715818
2005-03-31,334.45335409658571,309.77441411518106
2005-04-01,334.50603555249472,309.82320826521448
2005-04-04,334.50005022016364,309.81766458388063
2005-04-05,334.51216444179306,309.82888491060709
2005-04-06,335.41601596679868,310.66604223965231
2005-04-07,334.5562488832777,309.86971641032216
2005-04-08,334.16550595634737,309.50780596817253
2005-04-11,334.83732926031843,310.13005617983129
2005-04-12,336.56339718219476,311.72875947484397
2005-04-13,336.1780574752857,311.37185355513651
2005-04-14,336.2535854750663,311.44180842804997
2005-04-15,337.49685311376703,312.5933367343132
2005-04-18,337.20596196634096,312.32391012022345
2005-04-19,339.13893532560195,314.1142515311588
2005-04-20,338.41631934545666,313.44495657825144
2005-04-21,337.29929504863901,312.4103562584736
2005-04-22,337.91655715735033,312.98207128461837
2005-04-25,338.27738953281454,313.31627824153509
2005-04-26,337.64776999658795,312.73311762866905
2005-04-27,338.5340807974876,313.55402854407691
2005-04-28,339.38605412508667,314.34313571004225
2005-04-29,339.04772811535605,314.02977439923308
2005-05-02,338.99759773289986,313.98334308178767
2005-05-03,339.09501302720315,314.07357021017208
2005-05-04,339.59206833311475,314.53394835942862
2005-05-05,340.25648005158331,315.14933387821287
2005-05-06,338.33351396831,313.36826131753128
2005-05-09,338.3279825814916,313.36313808557702
2005-05-10,339.01497776850857,313.99944066395301
2005-05-11,339.39231629613801,314.34893580247603
2005-05-12,339.25136856192415,314.21838844437013
2005-05-13,339.873118133952,314.7942598089183
2005-05-16,339.99260741697469,314.90493211101358
2005-05-17,340.30275076514187,315.19219032742387
2005-05-18,341.61854681972744,316.4108952586551
2005-05-19,340.89113459993354,315.73715797527353
2005-05-20,340.66480022841063,315.52752456459342
2005-05-23,341.86182722526701,316.63622427440157
2005-05-24,342.52791125808056,317.25315870932053
2005-05-25,341.64154923842437,316.43220035453101
2005-05-26,341.97929706664831,316.74502614720205
2005-05-27,342.2652408058085,317.00987041676399
2005-05-31,344.33569697256758,318.92754993216727
2005-06-01,346.42415400683859,320.86190205114536
2005-06-02,346.61521399953415,321.03886394006997
2005-06-03,344.93024833148422,319.47823000941543
2005-06-06,345.46912779488662,319.9773461582281
2005-06-07,346.4599010524222,320.89501136210413
2005-06-08,345.65010522363929,320.14496946435816
2005-06-09,345.7503124739053,320.23778253338861
2005-06-10,344.26700633129076,318.86392789669929
2005-06-13,343.73055208266652,318.36705800877121
2005-06-14,343.56288352191331,318.21176152411442
2005-06-15,343.65457652083222,318.29668859890876
2005-06-16,344.68951581928729,319.25526088080346
2005-06-17,344.51383553487545,319.09254384864136
2005-06-20,344.14380736995952,318.74981964932039
2005-06-21,344.83819944238905,319.39297330518406
2005-06-22,347.03085676384268,321.42383688836861
2005-06-23,346.18993320915695,320.64496414489713
2005-06-24,346.53706323816402,320.96647983621961
2005-06-27,346.76024444590195,321.17319275155347
2005-06-28,346.37338262021876,320.81487702851871
2005-06-29,346.15393893337261,320.61162584657836
2005-06-30,347.64587125728025,321.99347014826395
2005-07-01,345.82320109329868,320.30529278285013
2005-07-05,345.03023847389193,319.57084199073449
2005-07-06,345.39412033278529,319.90787341309925
2005-07-07,345.91473442824349,320.39007197509693
2005-07-08,345.61288385676289,320.11049462063056
2005-07-11,346.2078415993783,320.66155109497754
2005-07-12,345.23959982178474,319.76475479826797
2005-07-13,344.83564153958866,319.39060414717858
2005-07-14,344.3456369672075,318.93675646568909
2005-07-15,344.38314906650265,318.97150058901462
2005-07-18,343.66170177544416,318.30328808892983
2005-07-19,344.51355612260357,319.09228505388944
2005-07-20,345.40778032352085,319.92052544835349
2005-07-21,343.0900113232866,317.77378203762794
2005-07-22,344.68258558797277,319.24884202352843
2005-07-25,343.97699487154682,318.59531605911894
2005-07-26,344.28966290778078,318.8849126696793
2005-07-27,343.96237858408671,318.58177829120893
2005-07-28,345.40937632420355,319.92200368192584
2005-07-29,344.6068433249344,319.17868869760406
2005-08-01,343.86532747623642,318.49188847636538
2005-08-02,345.12818843135699,319.66156433008234
2005-08-03,346.92676085405162,321.32742209966256
2005-08-04,345.74420120180912,320.23212220524471
2005-08-05,344.09069663173102,318.70062789323129
2005-08-08,342.90700038780471,317.60427527496239
2005-08-09,344.10578584937184,318.71460369433152
2005-08-10,344.9993250913389,319.54220967220226
2005-08-11,348.37779768501048,322.6713885412131
2005-08-12,347.2418763306074,321.61928555665298
2005-08-15,347.35241865940554,321.72167109029755
2005-08-16,346.02034611799593,320.48789069605186
2005-08-17,343.95296062848604,318.57305527604819
2005-08-18,343.68003195258603,318.32026570274422
2005-08-19,343.40869110847279,318.06894679689037
2005-08-22,343.72912969365069,318.36574057625467
2005-08-23,343.53885602272112,318.18950698728986
2005-08-24,341.18119558605179,316.00581568473274
2005-08-25,342.36155429526627,317.09907704125385
2005-08-26,340.59651395289939,315.46427705719248
2005-08-29,342.01521397958584,316.77829279119254
2005-08-30,339.15635796887466,314.13038857701628
2005-08-31,342.9508337240336,317.64487419819852
2005-09-01,345.38287059029778,319.89745377656311
2005-09-02,345.10835881858532,319.64319792232101
2005-09-06,347.57196020665151,321.92501291162796
2005-09-07,348.11421633384634,322.42725656397789
2005-09-08,348.27931043272145,322.5801685534272
2005-09-09,350.88445618184193,324.99308350325123
2005-09-12,350.62283719961994,324.75076909394249
2005-09-13,348.4215534651762,322.71191563116139
2005-09-14,348.93040691661065,323.18322135394106
2005-09-15,350.28368580184616,324.43664329955328
2005-09-16,353.01797313542795,326.96917062035345
2005-09-19,353.68589301462509,327.58780543659879
2005-09-20,351.86953571415393,325.90547511553768
2005-09-21,352.57126519635972,326.55542476189362
2005-09-22,351.08355787278612,325.17749370247964
2005-09-23,350.99933098641145,325.09948182411188
2005-09-26,352.151848597286,326.16695644588822
2005-09-27,351.08985698654158,325.18332801165644
2005-09-28,353.03049109054393,326.98076488952273
2005-09-29,355.64774441677179,329.40489401184311
2005-09-30,355.02393525086757,328.82711502855369
2005-10-03,353.38505036511953,327.309161630669
2005-10-04,351.08733456192749,325.18099171394135
2005-10-05,348.06116057395252,322.37811572943315
2005-10-06,349.90141179360148,324.08257686402499
2005-10-07,351.06719069655549,325.16233424192865
2005-10-10,349.34921776470765,323.57112861665871
2005-10-11,349.1158002450972,323.35493471548864
2005-10-12,345.8638061505024,320.34290163816979
2005-10-13,346.25959434641993,320.70948506453499
2005-10-14,347.73724621182726,322.07810264682587
2005-10-17,349.89767177176884,324.07911281423208
2005-10-18,346.87396894317669,321.27852564501188
2005-10-19,348.25999673572312,322.56227999258954
2005-10-20,343.51275604264464,318.1653328956337
2005-10-21,345.95098333035617,320.42364611115124
2005-10-24,348.72372533814405,322.99179057863648
2005-10-25,350.34549974134404,324.49389605739691
2005-10-26,349.34429908064624,323.56657287680821
2005-10-27,347.90587525069742,322.23428873699055
2005-10-28,350.97052569169858,325.07280203996913
2005-10-31,349.0484677550682,323.29257061480257
2005-11-01,347.6532222582083,322.0002787270322
2005-11-02,351.05337394179628,325.14953701009313
2005-11-03,351.44845587300881,325.51546628623822
2005-11-04,349.81540460951567,324.00291605412855
2005-11-07,350.80700667676513,324.92134891077404
2005-11-08,351.22826207029266,325.31152033864134
2005-11-09,353.46303359002115,327.38139056038011
2005-11-10,354.87841746313717,328.69233483608315
2005-11-11,356.57348822943351,330.26232822105476
2005-11-14,355.90982810957371,329.6476388412562
2005-11-15,355.24567686123316,329.03249457279975
2005-11-16,359.05154830248171,332.55753500510468
2005-11-17,363.16273854840159,336.36536510800772
2005-11-18,363.95673978370576,337.10077787771212
2005-11-21,366.64979436626834,339.59511496620365
2005-11-22,368.58421066778106,341.38679284629126
2005-11-23,369.34529572199108,342.0917182831929
2005-11-25,370.33197063487086,343.00558755469433
2005-11-28,369.72596508436862,342.44429847788285
2005-11-29,369.6623915046361,342.38541592169497
2005-11-30,366.37067585695411,339.33659230038961
2005-12-01,371.80219923838172,344.367329629305
2005-12-02,372.53050477756221,345.04189431503187
2005-12-05,373.43011920495223,345.87512719716892
2005-12-06,374.17915184903677,346.56888955784609
2005-12-07,374.16549423085758,346.55623972007993
2005-12-08,375.7563212642018,348.02968140089047
2005-12-09,377.82708459930473,349.94764541902811
2005-12-12,378.51496767663616,350.58477037128245
2005-12-13,377.30631762477623,349.46530525873629
2005-12-14,374.30266473440867,346.68328856516086
2005-12-15,373.32589421685668,345.77859285470231
2005-12-16,372.15918509288161,344.69797389574927
2005-12-19,371.40177275655367,343.9964501709735
2005-12-20,368.09136913435742,340.93031753995052
2005-12-21,369.42869513285535,342.16896374454518
2005-12-22,372.88983907277179,345.37471373336518
2005-12-23,372.95353842419775,345.43371278069355
2005-12-27,372.2324591169205,344.76584111127715
2005-12-28,375.2031179639032,347.51729835513061
2005-12-29,374.21640077618918,346.60338992820778
2005-12-30,373.34643922650878,345.79762187100613
2006-01-03,381.72349728270154,353.55654615620432
2006-01-04,383.32410609525965,355.03904782965026
2006-01-05,380.68856991439873,352.59798492414927
2006-01-06,386.59096973962733,358.06485324924824
2006-01-09,389.73224958131766,360.9743415549043
2006-01-10,388.40277878727875,359.74297092799259
2006-01-11,390.50113467067422,361.68649147105839
2006-01-12,389.29410758609964,360.56852956885166
2006-01-13,392.00226057089748,363.07685096531691
2006-01-17,390.85146473773091,362.01097107319174
2006-01-18,386.48886083971456,357.97027885117757
2006-01-19,391.77097030124247,362.86262734670066
2006-01-20,386.43203366824162,357.91764489330808
2006-01-23,388.89196443004863,360.19606010777352
2006-01-24,389.00996049583915,360.305349375471
2006-01-25,390.39491304221463,361.58810781809348
2006-01-26,390.90145565966532,362.05727322075177
2006-01-27,392.3004420272419,363.35302994456089
2006-01-30,395.1605107794818,366.00205741342103
2006-01-31,393.52720739471204,364.48927366378257
2006-02-01,395.14434575662307,365.98708518957017
2006-02-02,393.16250149680525,364.15147900732416
2006-02-03,390.66347874087921,361.83685635338622
2006-02-06,391.88526708129677,362.96849029483059
2006-02-07,383.92618272450107,355.59669789591896
2006-02-08,386.67559296932586,358.14323222520818
2006-02-09,390.03440392330117,361.25420026498716
2006-02-10,386.60161472463381,358.07471275268369
2006-02-13,383.20547791171271,354.92917308746081
2006-02-14,387.82428293040016,359.2071616351941
2006-02-15,386.63106779199325,358.10199251105183
2006-02-16,390.51848318431223,361.70255985722406
2006-02-17,391.09176157249851,362.23353667252616
2006-02-21,390.9434347956539,362.09615476311535
2006-02-22,392.99854986076264,363.99962517964906
2006-02-23,390.70348792094205,361.87391330067459
2006-02-24,394.09050165099382,365.01100306513803
2006-02-27,393.01728250468614,364.0169755626701
2006-02-28,393.09910493885559,364.09276041067915
2006-03-01,395.27276797784947,366.10603127832223
2006-03-02,397.04910688444363,367.75129611815782
2006-03-03,394.65557804906814,365.53438310603087
2006-03-06,390.62592373349156,361.80207248810842
2006-03-07,389.47284231062531,360.73407565739842
2006-03-08,387.22127905741002,358.64865274545889
2006-03-09,386.39646371354405,357.8846996058964
2006-03-10,387.47233627608591,358.88118473197397
2006-03-13,389.25986731400769,360.53681584824926
2006-03-14,393.31335548393884,364.29120164699543
2006-03-15,395.08115971757815,365.92856157787469
2006-03-16,396.19485282332329,366.96007651145408
2006-03-17,395.77910647739532,366.57500762470829
2006-03-20,395.53154347987379,366.34571202466572
2006-03-21,393.06382741024174,364.06008597155653
2006-03-22,394.29836947453032,365.20353255381178
2006-03-23,393.65956794923022,364.61186748060527
2006-03-24,396.67648604602033,367.40617055581606
2006-03-27,398.23267099579721,368.84752635376924
2006-03-28,395.8298285468893,366.62198696926487
2006-03-29,400.15798840766138,370.63077674112742
2006-03-30,404.0238401642635,374.21137160821229
2006-03-31,402.67711057626002,372.96401569449381
2006-04-03,403.50820300636178,373.73378274109962
2006-04-04,404.66449986313472,374.8047577424345
2006-04-05,406.4167685834492,376.42772850819051
2006-04-06,407.87509694667119,377.77844844797073
2006-04-07,403.48723689242371,373.71436369332548
2006-04-10,406.65939221126808,376.65244920911186
2006-04-11,402.97674915944629,373.24154428081505
2006-04-12,404.58775756782245,374.73367817550229
2006-04-13,404.4654872963601,374.62043009100262
2006-04-17,408.78039153489726,378.61694235821091
2006-04-18,414.68345956945132,384.08442958621441
2006-04-19,420.41588730699777,389.39386787441072
2006-04-20,413.01635266680489,382.54033664258225
2006-04-21,419.26349186742073,388.32650640904808
2006-04-24,414.51987498195274,383.93291572298074
2006-04-25,416.64755511783437,385.90359671464728
2006-04-26,419.11526120438918,388.18921352131929
2006-04-27,418.37478744481569,387.5033784946109
2006-04-28,425.09849349627996,393.7309497755183
2006-05-01,423.15781647639363,391.93347314848324
2006-05-02,428.68959401402878,397.05706699123357
2006-05-03,427.50393766860952,395.95889890517481
2006-05-04,431.08009111194292,399.27117197442516
2006-05-05,434.66231718688084,402.58906958256682
2006-05-08,433.22881159864517,401.26134077289169
2006-05-09,439.27087854103411,406.85757033434709
2006-05-10,440.96348604250403,408.42528221605659
2006-05-11,439.5575258498676,407.12306625796083
2006-05-12,436.47559942214156,404.26855174404989
2006-05-15,427.28919458495125,395.76000147415573
2006-05-16,430.05511432837181,398.32182708455252
2006-05-17,424.08144019853432,392.78894370628916
2006-05-18,421.03757685267811,389.96968364188865
2006-05-19,417.85339259243926,387.02045678687733
2006-05-22,415.24032927528094,384.60020849753045
2006-05-23,416.19910927085766,385.48824118656529
2006-05-24,412.07900535366753,381.67215514225359
2006-05-25,416.77685996884588,386.02336030491699
2006-05-26,419.08262974138819,388.1589898975792
2006-05-30,414.68587817216087,384.08666972292758
2006-05-31,415.12237431372409,384.49095730103113
2006-06-01,413.18026711651646,382.69215602786426
2006-06-02,416.13776884279741,385.4314270002784
2006-06-05,411.92256033726756,381.52725402912989
2006-06-06,409.40411477471912,379.19464175580782
2006-06-07,406.850374938198,376.82933953362567
2006-06-08,403.09375927567623,373.34992035107052
2006-06-09,401.12322559004497,371.52479014835649
2006-06-12,397.3809763646758,368.05867731957937
2006-06-13,383.94319112635333,355.61245126676829
2006-06-14,385.02323051227245,356.61279575097342
2006-06-15,394.53582697637813,365.42346833143586
2006-06-16,393.67123261305574,364.62267142189688
2006-06-19,388.33596915004716,359.6810910993795
2006-06-20,391.59016327512006,362.6951618693812
2006-06-21,396.05797546175944,366.83329917774017
2006-06-22,393.42762475997802,364.39703912060088
2006-06-23,394.06063855724642,364.98334353577201
2006-06-26,395.88946335546268,366.67722139182473
2006-06-27,392.219474729784,363.2780371336795
2006-06-28,393.50553716587967,364.46920245696703
2006-06-29,403.56839774234913,373.78953577465404
2006-06-30,408.00854756530657,377.90205189429525
2006-07-03,411.51809898168392,381.15263742587712
2006-07-05,410.96698690857124,380.64219129798153
2006-07-06,413.06448560709919,382.58491790689521
2006-07-07,410.42887062712992,380.1437820167842
2006-07-10,409.26447608823679,379.06530685226136
2006-07-11,415.11241757511215,384.48173525905656
2006-07-12,415.45521865002218,384.79924142497657
2006-07-13,413.1917852194689,382.702824222846
2006-07-14,413.06812960190018,382.58829301538401
2006-07-17,407.65777882168504,377.57716598505152
2006-07-18,406.07099642893888,376.10747049532034
2006-07-19,412.39075600944648,381.96090206483956
2006-07-20,406.76554753118853,376.75077144637112
2006-07-21,402.86082815944991,373.13417696212139
2006-07-24,405.68827723623576,375.75299172499831
2006-07-25,407.64645836319391,377.56668085056674
2006-07-26,409.17282575624859,378.98041929605256
2006-07-27,411.34070161400831,380.98833001211028
2006-07-28,414.34295520538939,383.76905065941071
2006-07-31,414.22629184444634,383.6609957577565
2006-08-01,416.03234306245724,385.33378047068771
2006-08-02,418.83213959986057,387.92698314422216
2006-08-03,417.84039245695146,387.00841591688811
2006-08-04,417.83248469383818,387.00109165879536
2006-08-07,417.82638490160321,386.99544196342629
2006-08-08,415.48357203221872,384.82550264272356
2006-08-09,416.3790452576344,385.65489989756134
2006-08-10,413.51711117686506,383.00414474068356
2006-08-11,411.40073304803911,381.04393179357726
2006-08-14,410.38843209663958,380.1063274003576
2006-08-15,412.71351593412413,382.25984589465094
2006-08-16,416.0526298656788,385.3525703333255
2006-08-17,412.86414500892431,382.39936021801896
2006-08-18,414.17339459551897,383.61200173783095
2006-08-21,416.75735354803788,386.0052932411449
2006-08-22,415.71487043209504,385.0397337916412
2006-08-23,414.43788304989062,383.85697388413968
2006-08-24,414.0141851205218,383.46454015242671
2006-08-25,414.37772637618536,383.80125610429417
2006-08-28,413.56296509020967,383.04661514490357
2006-08-29,413.69723009320109,383.17097288307059
2006-08-30,415.11195663560346,384.4813083317602
2006-08-31,417.35525877856884,386.55907971156148
2006-09-01,418.43206802939096,387.55643240873587
2006-09-05,422.18082822749909,391.02857577283532
2006-09-06,418.61742277512445,387.72811003450869
2006-09-07,413.15260197764718,382.66653226873723
2006-09-08,412.22700826003256,381.80923707922642
2006-09-11,406.74096530383031,376.72800311415301
2006-09-12,408.71211823023839,378.55370686455751
2006-09-13,410.53194393575416,380.23924966092341
2006-09-14,406.71873999919814,376.70741778996171
2006-09-15,407.87641012468464,377.77966472804349
2006-09-18,410.44729203840359,380.16084413266572
2006-09-19,406.30125982710388,376.32074301414872
2006-09-20,408.56008166762308,378.41288891033054
2006-09-21,409.17717127735739,378.98444416600546
2006-09-22,409.88105338390881,379.63638759695749
2006-09-25,411.82545679446702,381.43731564845274
2006-09-26,414.5863869409319,383.99451983868823
2006-09-27,417.7619779458783,386.93578752513105
2006-09-28,417.61217539924456,386.79703874133793
2006-09-29,416.54276684418733,385.80654065084201
2006-10-02,414.92377774845369,384.30701495481651
2006-10-03,412.58207122146462,382.13810034073776
2006-10-04,414.84421631750342,384.23332427312084
2006-10-05,415.80864001738229,385.12658422381185
2006-10-06,415.136570411815,384.50410588487699
2006-10-09,415.68049720032434,385.00789692230632
2006-10-10,415.23464191121525,384.59494079771611
2006-10-11,414.66704151243312,384.06922299931273
2006-10-12,417.7581281625433,386.93222181301462
2006-10-13,419.78320525201286,388.80787072263013
2006-10-16,421.15607148366604,390.07943468621374
2006-10-17,419.7149049020299,388.74461017929673
2006-10-18,419.94727143581247,388.95983064571084
2006-10-19,421.43603486062017,390.33873987782675
2006-10-20,420.59006116539592,389.55518963805486
2006-10-23,420.10922607329337,389.10983483112079
2006-10-24,421.55993021213629,390.45349312953562
2006-10-25,423.56578593205541,392.31133899302216
2006-10-26,425.39270531643979,394.0034520336045
2006-10-27,424.19174956525023,392.8911134678637
2006-10-30,424.74474808130975,393.403306840185
2006-10-31,425.55488910116503,394.15366845773923
2006-11-01,425.69926656439941,394.28739246898647
2006-11-02,426.10620850806777,394.66430662049572
2006-11-03,425.55195270585438,394.15094873576356
2006-11-06,427.90852249006446,396.33362986389005
2006-11-07,429.38972903470011,397.70553982959359
2006-11-08,428.81640434652746,397.17452013072949
2006-11-09,430.05300342258238,398.31987194014704
2006-11-10,429.69903889253715,397.99202605799553
2006-11-13,429.86419691480091,398.14499725399799
2006-11-14,431.1745927910768,399.35870048005415
2006-11-15,431.97649520148639,400.10143140596517
2006-11-16,431.6792614661876,399.82613021648774
2006-11-17,432.72521547550252,400.79490444601271
2006-11-20,432.91065086173927,400.96665676191594
2006-11-21,433.99958281004012,401.97523763624258
2006-11-22,434.97681112830128,402.88035736680655
2006-11-24,435.42563668344826,403.29606458481652
2006-11-27,432.21405144675128,400.32145864083941
2006-11-28,433.29599521827492,401.3235669881592
2006-11-29,435.30105969063311,403.18067998935987
2006-11-30,437.60136836838967,405.31125145532974
2006-12-01,435.8927080630209,403.72867128821736
2006-12-04,437.89010337700131,405.57868102968348
2006-12-05,438.18684332875421,405.85352487135202
2006-12-06,434.92096051821875,402.82862791095158
2006-12-07,433.87228625565029,401.85733415262683
2006-12-08,432.51067613162968,400.59619572104759
2006-12-11,434.68846791209774,402.61329067493625
2006-12-12,434.34724940430181,402.29725030026793
2006-12-13,434.5186068498582,402.45596347103253
2006-12-14,435.87416483164685,403.71149634120513
2006-12-15,432.8566992047796,400.91668613755093
2006-12-18,432.23325817409858,400.33924812519717
2006-12-19,434.8042289469127,402.72050983210102
2006-12-20,434.16517054498331,402.12860683690513
2006-12-21,432.53724480399984,400.62080392071573
2006-12-22,431.63747183486714,399.78742419545438
2006-12-26,434.09186062482212,402.06070637398977
2006-12-27,436.48934263023295,404.28128085614418
2006-12-28,437.77311136321731,405.47032172611489
2006-12-29,437.50748118500633,405.2242921024955
2007-01-03,434.45407791975288,402.39619605871019
2007-01-04,433.26600436893614,401.29578913014427
2007-01-05,427.07415125768551,395.56082595417024
2007-01-08,429.13713200667235,397.47158165454141
2007-01-09,429.9391498985828,398.21441954070201
2007-01-10,430.09033692620915,398.35445064617943
2007-01-11,431.35038231778105,399.52151869364172
2007-01-12,437.61559170936607,405.32442527183889
2007-01-16,436.54298180780847,404.33096205863046
2007-01-17,438.50905395241443,406.15195993245527
2007-01-18,436.56731927318771,404.35350368958302
2007-01-19,439.13497272758042,406.73169285929191
2007-01-22,437.54424294133617,405.25834124982629
2007-01-23,442.50328416712438,409.85146035440539
2007-01-24,444.91166825906708,412.08213247028561
2007-01-25,441.03163769141366,408.48840503080322
2007-01-26,441.09518137068801,408.54725989285441
2007-01-29,439.83953116584945,407.38426271619841
2007-01-30,442.45694462518878,409.80854015558651
2007-01-31,445.92517532288105,413.02085397822998
2007-02-01,448.59373906138808,415.49250737473415
2007-02-02,446.37969651735352,413.44183656069185
2007-02-05,446.53671020276897,413.58726438137859
2007-02-06,447.93195222032057,414.87955304657498
2007-02-07,448.08716410567484,415.02331202001756
2007-02-08,450.18223639822327,416.96379126474272
2007-02-09,449.8228450383865,416.63091899251742
2007-02-12,447.6727511209383,414.639478107228
2007-02-13,450.39258435220711,417.15861787780409
2007-02-14,453.61908637398921,420.14703991393162
2007-02-15,454.0826399421245,420.57638838127775
2007-02-16,453.8147758145127,420.32828964889228
2007-02-20,451.50285373107749,418.18696171749639
2007-02-21,457.00388196361109,423.28207521207366
2007-02-22,456.24881857956143,422.58272711300731
2007-02-23,456.75635089370138,423.05280918374001
2007-02-26,457.55980809624111,423.79698017540386
2007-02-27,439.60562783355238,407.16761884991809
2007-02-28,445.21102413534118,412.35939921032247
2007-03-01,442.6248970341685,409.96409954362571
2007-03-02,433.48562268941782,401.49920205969897
2007-03-05,428.89435788766525,397.24672156700871
2007-03-06,436.61641804932088,404.39897952178546
2007-03-07,436.75281771698621,404.52531441010103
2007-03-08,439.47146593605032,407.04335660920134
2007-03-09,438.9312974512323,406.54304655442559
2007-03-12,439.65069474832302,407.20936032731117
2007-03-13,432.71619587873522,400.78655039523142
2007-03-14,435.25769920539824,403.14051902597043
2007-03-15,435.72509699567968,403.57342805459791
2007-03-16,436.69911488233697,404.47557424772549
2007-03-19,440.19842793893031,407.71667689667288
2007-03-20,443.08324819690273,410.38862948526298
2007-03-21,448.97120474460041,415.84212028617139
2007-03-22,448.60126639290104,415.49947927284995
2007-03-23,447.36682788105708,414.35612860201996
2007-03-26,448.85345274185187,415.73305707237631
2007-03-27,447.83155030913031,414.78655968043273
2007-03-28,446.79015902977108,413.82201150210886
2007-03-29,446.00399983225589,413.09386211497139
2007-03-30,446.30221367784736,413.37007109349588
2007-04-02,446.891481131398,413.91585715886174
2007-04-03,449.72220073093138,416.53770111626028
2007-04-04,452.68522270153915,419.28208500032918
2007-04-05,453.55656240538036,420.0891295192331
2007-04-09,453.03747735978368,419.60834718021306
2007-04-10,455.06883559333249,421.48981375529161
2007-04-11,453.73902280562254,420.25812637004032
2007-04-12,454.70149052311842,421.14957466810699
2007-04-13,458.25422001961789,424.44015221743547
2007-04-16,462.37716077301843,428.25886577097754
2007-04-17,462.02649623873737,427.93407638158328
2007-04-18,463.39773540916008,429.20413334296995
2007-04-19,461.0141446260368,426.99642506530336
2007-04-20,466.81245516745787,432.36688473875574
2007-04-23,464.5617573664465,430.28226341826729
2007-04-24,463.23558784122474,429.0539504632286
2007-04-25,466.23459356282046,431.83166289743281
2007-04-26,463.78538634246269,429.563179946253
2007-04-27,465.43280113432945,431.08903383799736
2007-04-30,461.81815712776614,427.74111038124903
2007-05-01,461.41524398470131,427.36792774964005
2007-05-02,462.95823228830318,428.79706066722122
2007-05-03,466.75703972171158,432.31555833694597
2007-05-04,469.74944671603691,435.08715895660555
2007-05-07,469.9707563317146,435.29213838256999
2007-05-08,468.57831424246194,434.00244304208616
2007-05-09,468.16025852345933,433.61523518832928
2007-05-10,461.21580756542011,427.18320752130535
2007-05-11,464.84652656539595,430.54601981563076
2007-05-14,463.76176576840282,429.54130230800899
2007-05-15,464.55252507035868,430.2737123630111
2007-05-16,463.88900649130483,429.65915407988024
2007-05-17,461.84148967660309,427.76272124733032
2007-05-18,465.57440532598321,431.22018921428082
2007-05-21,465.83799658214792,431.46433036563769
2007-05-22,464.31963939176637,430.05801105890356
2007-05-23,465.2932214087042,430.95975354465213
2007-05-24,460.53948383562192,426.55678896522198
2007-05-25,462.23992429624207,428.13175582076212
2007-05-29,463.62552943044341,429.41511869748263
2007-05-30,464.9786755338651,430.66841765910294
2007-05-31,466.93755272166379,432.48275148395885
2007-06-01,470.86183240273124,436.11746294412774
2007-06-04,471.18331170645718,436.41522064857918
2007-06-05,469.58429328622054,434.93419201417908
2007-06-06,466.68329422835529,432.24725444129592
2007-06-07,458.39981912738187,424.57500772942501
2007-06-08,458.98095768390135,425.11326472000542
2007-06-11,460.82385195950155,426.82017388239757
2007-06-12,456.09916443891262,422.44411578448694
2007-06-13,461.41747104297679,427.36999047576933
2007-06-14,463.38920073766587,429.19622843536661
2007-06-15,465.69100848351457,431.32818835486597
2007-06-18,465.64570804142159,431.28623058187122
2007-06-19,467.85331470735548,433.33094041407992
2007-06-20,461.75031566591122,427.67827486520059
2007-06-21,462.8642683820122,428.71003025277719
2007-06-22,460.86696319224279,426.860103985357
2007-06-25,458.54847671937051,424.71269604349925
2007-06-26,453.41424620702105,419.95731467442477
2007-06-27,457.42869096933242,423.67553803505416
2007-06-28,459.07324996277691,425.1987468545567
2007-06-29,459.19348504842054,425.31010992732934
2007-07-02,462.47027772732258,428.23126202064077
2007-07-03,462.80429756857831,428.80893734392424
2007-07-05,461.54348540228528,428.13046147590313
2007-07-06,463.56252664400802,430.21618094595402
2007-07-09,464.71103285587822,430.99060634944897
2007-07-10,461.6751982652753,427.61597521416604
2007-07-11,463.07228875436113,429.22045853237751
2007-07-12,468.0304899418054,434.07065962040571
2007-07-13,469.09096810215851,434.87939414893759
2007-07-16,469.1181600069616,434.58373391190992
2007-07-17,468.67871700405647,434.37149732630718
2007-07-18,469.73787229465142,435.06317835653806
2007-07-19,471.38118734331584,436.61177594420872
2007-07-20,469.77646026858628,434.72053201758604
2007-07-23,470.44533818423537,435.38766688100037
2007-07-24,465.80962012799358,430.87863218314754
2007-07-25,465.68809790767426,430.66628045637788
2007-07-26,458.07285815234042,422.94490332483309
2007-07-27,452.5869221727848,417.71101711664636
2007-07-30,457.01622602312443,422.04998719806861
2007-07-31,454.3933287368319,419.27885128269929
2007-08-01,454.46612897232052,418.94870278963066
2007-08-02,455.54818317236419,419.94619231537695
2007-08-03,455.08210539562464,419.51653943804229
2007-08-06,456.31871018592085,420.65650111996024
2007-08-07,457.64931116995444,421.88311300730163
2007-08-08,459.43073772981677,423.52531756071244
2007-08-09,452.42951794360204,417.0712569379495
2007-08-10,454.65811070863583,419.12568077382161
2007-08-13,454.50374827157941,418.98338206630194
2007-08-14,453.0089324603872,417.60538906509737
2007-08-15,450.97512471391229,415.73052741361209
2007-08-16,448.49444071598509,413.4437137729285
2007-08-17,451.94235528956625,416.62216700815139
2007-08-20,452.47836140921618,417.11628319019212
2007-08-21,453.20703969287183,417.78801382582571
2007-08-22,455.27773385087892,419.69687914287988
2007-08-23,454.95746096295596,419.40163621413313
2007-08-24,458.9053497518064,423.04098969155655
2007-08-27,457.6380495866465,421.87273153898661
2007-08-28,454.25593889720875,418.75493948430699
2007-08-29,457.68538053861471,421.91636348351398
2007-08-30,457.27100562392002,421.53437278737022
2007-08-31,460.63586899783354,424.63626543832123
2007-09-04,465.32646757435316,428.96028446562138
2007-09-05,463.24605353323545,427.04245889353194
2007-09-06,467.47787732369642,430.94355729102313
2007-09-07,465.09153551702866,428.74371281289484
2007-09-10,465.20416398320702,428.8475391418433
2007-09-11,470.87262839505553,434.07300185679458
2007-09-12,471.41731199357162,434.57511735557796
2007-09-13,472.31099122358376,435.39895378750361
2007-09-14,472.04343589354852,435.15230843530503
2007-09-17,473.2581805908203,436.27211843367263
2007-09-18,483.43065915397608,445.6495976923062
2007-09-19,484.3668396539922,446.5126138359858
2007-09-20,485.91542059013977,447.94017011136947
2007-09-21,485.6328114605318,447.67964744378696
2007-09-24,484.9407654671748,447.04168621256542
2007-09-25,484.51522142627607,446.64939927950502
2007-09-26,485.10555826760572,447.1936001299473
2007-09-27,488.73280914495967,450.53737418236426
2007-09-28,490.01512130080243,451.71947110887561
2007-10-01,494.3354705975828,455.70217656940616
2007-10-02,489.79817298203238,451.5194777299925
2007-10-03,488.00113195493486,449.8628790108213
2007-10-04,491.04974575736446,452.67323761933318
2007-10-05,495.98888775373678,457.22637590700526
2007-10-08,492.06992651272833,453.61368923238763
2007-10-09,496.3759817179772,457.58321771289059
2007-10-10,496.5949948294633,457.78511451685813
2007-10-11,496.61641006579583,457.80485611014637
2007-10-12,500.08640138434248,461.00366074908334
2007-10-15,499.00947767019977,460.01090075162494
2007-10-16,496.58630794101475,457.77710652591054
2007-10-17,495.83878242517551,457.08800160653806
2007-10-18,498.75898708933551,459.77998650472296
2007-10-19,490.21348443356032,451.90233177076499
2007-10-22,488.95693966778202,450.74398846185807
2007-10-23,492.98735867073935,454.45942225404383
2007-10-24,493.22108345273739,454.67488098239676
2007-10-25,495.27445380731024,456.56777638549374
2007-10-26,503.13001215530778,463.80940732292777
2007-10-29,505.25925700520907,465.77224747958547
2007-10-30,501.14462204710344,461.97917937558998
2007-10-31,507.59420838237497,467.92471779184518
2007-11-01,508.62190436741412,468.87209730452275
2007-11-02,510.09274407670853,470.22798798357906
2007-11-05,509.53246366161886,469.71149459026276
2007-11-06,508.30187620329144,468.5770799739276
2007-11-07,509.4923164720912,469.67448498294328
2007-11-08,510.5831541742092,470.6800715627171
2007-11-09,512.37383791617356,472.33080983115292
2007-11-12,512.82399570976145,472.74578690348335
2007-11-13,510.72295698339087,470.80894850605608
2007-11-14,510.64301419217884,470.73525340197557
2007-11-15,513.38442696218033,473.26241934589348
2007-11-16,513.38442696218033,473.26241934589348
2007-11-19,516.28595117087798,475.93718370313036
2007-11-20,515.85552618858333,475.54039728389091
2007-11-21,518.41697867928269,477.90166720000627
2007-11-23,517.37657690633023,476.94257488185235
2007-11-26,523.02916556800119,482.15340256787925
2007-11-27,518.74710290889323,478.20599156861761
2007-11-28,516.51575902030254,476.14903161493197
2007-11-29,519.02752646358636,478.46449946828449
2007-11-30,520.22334236373149,479.5668599924316
2007-12-03,522.55922873268992,481.7201922250274
2007-12-04,522.53366989729034,481.69663086312846
2007-12-05,521.28609816871585,480.54655933083359
2007-12-06,518.59508589882671,478.06585498833317
2007-12-07,514.81373072814745,474.58002019768492
2007-12-10,513.95393962979733,473.78742347295565
2007-12-11,519.84675771216394,479.21970617566319
2007-12-12,516.35087695695233,475.99703541070431
2007-12-13,513.38781761663085,473.26554501399755
2007-12-14,511.58611565503679,471.60464962157249
2007-12-17,513.63450994643279,473.49295785066454
2007-12-18,515.1969159229518,474.93325871219099
2007-12-19,517.7812842338335,477.31565353185078
2007-12-20,518.1564811856789,477.66152810037306
2007-12-21,514.16651103709546,473.983382004649
2007-12-24,512.62913638229543,472.56615621757743
2007-12-26,510.61512677024336,470.70954543718102
2007-12-27,513.38540773498028,473.2633234693609
2007-12-28,516.76917416317292,476.38264186353922
2007-12-31,519.90194004597356,479.27057590102368
2008-01-02,523.87727557249434,477.12501522447377
2008-01-03,524.41473098207621,477.1837393983709
2008-01-04,525.89866032614555,477.24182809478407
2008-01-07,526.376819266138,477.30084205491272
2008-01-08,526.67891496683058,477.35977150403102
2008-01-09,526.79169204195284,477.41778976072396
2008-01-10,525.01231243472716,477.47618255669465
2008-01-11,527.74754103257953,477.53237625468017
2008-01-14,527.8670537162684,477.58995592759499
2008-01-15,530.66168988699712,477.64754254332439
2008-01-16,529.62298703490922,477.70430840533095
2008-01-17,532.57048973718747,477.7599767286207
2008-01-18,532.18224934870761,477.81214999152189
2008-01-22,537.02865054650601,477.85396984792555
2008-01-23,534.71170732446194,477.8935660066569
2008-01-24,530.93406968184559,477.93669118367706
2008-01-25,533.9450388903623,477.97833639496503
2008-01-28,532.95918098081938,478.01989244524236
2008-01-29,530.82132925474559,478.061266503615
2008-01-30,530.43636902221124,478.10143716825229
2008-01-31,533.78457547190987,478.13658898021777
2008-02-01,535.17931985151688,477.18808128156542
2008-02-04,533.15426791907771,475.3824609776936
2008-02-05,536.10344707982529,478.01207145192342
2008-02-06,535.09026775316465,477.10867873671646
2008-02-07,530.74096288507508,473.2306581033929
2008-02-08,533.51075995109716,475.70032406104065
2008-02-11,534.3743945267363,476.47037647299101
2008-02-12,533.00345227581988,475.24798749420142
2008-02-13,531.60377380594014,473.99997611058075
2008-02-14,528.80222358835908,471.50199772585472
2008-02-15,529.6364677661627,472.24584443995582
2008-02-19,526.12026672786556,469.11065373914403
2008-02-20,524.80823530871703,467.94079210163108
2008-02-21,529.66520912909198,472.27147143136028
2008-02-22,528.65235463018769,471.36836834605492
2008-02-25,525.28494933598199,468.36585010285148
2008-02-26,526.47666856766489,469.42843640336639
2008-02-27,527.37075811257228,470.22564372921488
2008-02-28,532.07767044058505,474.42252200767325
2008-02-29,537.92837163139643,479.639249881556
2008-03-03,536.69726674312801,478.54154569587831
2008-03-04,534.33251045672921,476.4330308987852
2008-03-05,532.08970991748697,474.43325690468691
2008-03-06,534.77168930358323,476.82462097615934
2008-03-07,535.9639914474044,477.88772702531651
2008-03-10,538.16706881962159,479.85208219594381
2008-03-11,532.24488508346838,474.57161751947626
2008-03-12,537.50312843624783,479.2600854093053
2008-03-13,534.72178998021195,476.78012866957431
2008-03-14,538.87050678322976,480.4792966635132
2008-03-17,541.05063773473557,482.42319185359679
2008-03-18,537.55268858246438,479.30427529146976
2008-03-19,541.2550906624615,482.60549056484194
2008-03-20,542.12071262443624,483.37731501288761
2008-03-24,534.2958723576869,476.4003628498989
2008-03-25,536.33051122525148,478.21453126280289
2008-03-26,536.80957259926913,478.64168225575798
2008-03-27,536.18048401698707,478.08076078065585
2008-03-28,537.79500918213535,479.52033838980492
2008-03-31,539.71994719215127,481.23669296763194
2008-04-01,535.41481924681329,477.39806231113084
2008-04-02,534.25213395721357,476.36136387773035
2008-04-03,534.25213395721357,476.36136387773035
2008-04-04,538.22336318950056,479.9022765912672
2008-04-07,535.62323937901306,477.58389834644765
2008-04-08,535.92870389861127,477.85626318305447
2008-04-09,538.9043889526838,480.50950741126019
2008-04-10,536.73654120429342,478.57656443459217
2008-04-11,538.71682980711341,480.34227189695372
2008-04-14,537.48516669035143,479.24406997159531
2008-04-15,535.44599524098794,477.42586012074412
2008-04-16,532.26344326527919,474.58816476418849
2008-04-17,531.09082345859088,473.54260830325933
2008-04-18,530.82494842377503,473.30554309349071
2008-04-21,531.68307383927379,474.07068330973527
2008-04-22,531.61382469624994,474.00893790130073
2008-04-23,531.34803793921969,473.77195140366757
2008-04-24,527.62325718155137,470.45078237299685
2008-04-25,526.99301868855252,469.88883558980029
2008-04-28,528.29407387053186,471.04891035894946
2008-04-29,529.04275388677718,471.71646451732965
2008-04-30,532.11647155279445,474.45711868882302
2008-05-01,532.34840413061579,472.30011759296934
2008-05-02,529.36967083017248,472.32737632952177
2008-05-05,530.03365039893447,472.35620623850849
2008-05-06,528.64627835297529,472.38586839469508
2008-05-07,530.24289056846123,472.41617813382476
2008-05-08,533.04750649377888,472.44630533698256
2008-05-09,533.62095243516683,472.47698788470257
2008-05-12,533.17187986331396,472.50951611700918
2008-05-13,529.03539728375586,472.54269149821215
2008-05-14,528.67108577007116,472.57586920869289
2008-05-15,531.51065857889807,472.6091413734402
2008-05-16,530.78711920375395,472.64260012984744
2008-05-19,531.66033754415798,472.67615337930698
2008-05-20,533.56671913558705,472.71007749127642
2008-05-21,532.11465979061586,472.74372766396095
2008-05-22,528.73068265041115,472.77765662575746
2008-05-23,530.99641288739031,472.81112731234185
2008-05-27,528.33703315802939,472.84552173949686
2008-05-28,525.26315067208145,472.8800107874581
2008-05-29,522.93752439030573,472.91468658855314
2008-05-30,525.54319044739054,472.94908854907987
2008-06-02,527.55557523257221,472.77439027017277
2008-06-03,529.8890258856344,472.66506915684909
2008-06-04,528.31706772586244,472.86852724630518
2008-06-05,526.72785157190515,473.46566184320659
2008-06-06,529.70136955208022,472.79103584515951
2008-06-09,526.11795798321862,472.73290200157777
2008-06-10,522.81349360139859,472.63312432405678
2008-06-11,522.94478032327913,472.1958271406512
2008-06-12,518.8654206131489,472.3110139023741
2008-06-13,517.96452020694073,472.66468277137238
2008-06-16,518.38290483992159,472.91425154193581
2008-06-17,519.6389132987249,472.73014689719741
2008-06-18,522.04873430936584,472.65237071195918
2008-06-19,519.56089216515898,472.83998904210938
2008-06-20,521.12813744839082,472.51523285951293
2008-06-23,520.35670821255417,472.25192367010192
2008-06-24,522.31440169581367,471.92709362900206
2008-06-25,522.4376895331053,472.23071996520628
2008-06-26,524.32424105686789,471.72558055057937
2008-06-27,525.92766128984613,471.56268884361077
2008-06-30,526.17398526116494,471.3136641469614
2008-07-01,524.90415621285865,468.64646140817734
2008-07-02,526.32985499548624,469.91935795815516
2008-07-03,525.85323590388009,469.49382150911583
2008-07-07,527.58709912835513,471.04185433586781
2008-07-08,528.56050158348444,471.91093035807671
2008-07-09,531.19293053700244,474.26122326273861
2008-07-10,532.52148107774758,475.44738363573759
2008-07-11,528.98356863364268,472.28865431710483
2008-07-14,531.94873453667674,474.9360223965864
2008-07-15,533.82376650726053,476.61009391543519
2008-07-16,528.46182470323163,471.82282937772464
2008-07-17,526.07095057106494,469.68820215397318
2008-07-18,524.42439150264909,468.21811647875182
2008-07-21,526.04898893241693,469.66859429963006
2008-07-22,523.24699712166728,467.16691178967102
2008-07-23,521.06077174528366,465.21499966560793
2008-07-24,525.54146499425394,469.21546529524926
2008-07-25,522.99862940169805,466.94516339672356
2008-07-28,525.71717103152105,469.37233967248301
2008-07-29,523.7140985209079,467.58395062482191
2008-07-30,524.01541256546977,467.85297070988912
2008-07-31,528.11207633582762,471.510566019115
2008-08-01,528.09630815476783,471.49648782566004
2008-08-04,527.33561512214703,470.81732365114163
2008-08-05,524.16782207083395,467.98904540948627
2008-08-06,524.50301081526948,468.28830960300479
2008-08-07,529.01395174281663,472.31578105335279
2008-08-08,528.29914996686489,471.67758964461075
2008-08-11,524.88211822324718,468.6267853859444
2008-08-12,528.17848883352099,471.56986061922242
2008-08-13,527.40147357435126,470.87612358673761
2008-08-14,528.29167221271143,471.6709133343133
2008-08-15,529.66825347823601,472.89995663925384
2008-08-18,531.26466460089659,474.32526907911989
2008-08-19,531.00125478176699,474.09009075527894
2008-08-20,532.3743391518783,475.31601195184612
2008-08-21,531.94816927218199,474.93551771548988
2008-08-22,530.10913569796844,473.29358638999952
2008-08-25,533.42675331357464,476.25563143661708
2008-08-26,533.68601428309591,476.48710557243658
2008-08-27,534.46472194432556,477.18235362027013
2008-08-28,533.96443009811878,476.73568159334661
2008-08-29,533.20007934483442,476.0532517219853
2008-09-02,535.6557654508714,478.24574456149105
2008-09-03,537.67105107255441,480.04503775463832
2008-09-04,536.70671305868473,479.18405467334202
2008-09-05,535.78051947015979,478.35712780925911
2008-09-08,539.02148802156819,481.25073881457342
2008-09-09,537.65217216956,480.02818223734278
2008-09-10,537.57557212026393,479.95979195766705
2008-09-11,537.52813301651031,479.91743723853722
2008-09-12,535.36041160966977,477.98204588259102
2008-09-15,539.1268927600679,481.34484658097006
2008-09-16,541.12236240607433,483.12644761685351
2008-09-17,539.60552350414696,481.77217907944413
2008-09-18,541.94100174592563,483.85734758258997
2008-09-19,540.41024709764235,482.49065474788665
2008-09-22,533.37417292829707,476.20868646350527
2008-09-23,531.29619557226783,474.3534206530465
2008-09-24,531.75530591798793,474.76332489246028
2008-09-25,530.24916672418135,473.41860929969721
2008-09-26,530.57548762735757,473.70995608128942
2008-09-29,528.47079950784121,471.83084228898178
2008-09-30,528.69823962113003,472.03390603502663
2008-10-01,532.04102788556145,475.01842401382373
2008-10-02,533.74060407868387,476.5358445931293
2008-10-03,535.74619361331645,478.32648089752473
2008-10-06,540.40288349971252,482.48408035888201
2008-10-07,540.93468869201183,482.95888822347922
2008-10-08,535.03663427760148,477.69297005958219
2008-10-09,530.090886666232,473.2772932361998
2008-10-10,522.13084148012319,466.17038245074525
2008-10-13,518.35232244648341,462.79683405430109
2008-10-14,516.09716184215267,460.78337497873963
2008-10-15,520.46022648123801,464.67881908944184
2008-10-16,519.32561722784442,463.66581394290188
2008-10-17,521.79284162856004,465.86860843635293
2008-10-20,522.70278144351676,466.68102355885952
2008-10-21,527.2004420624778,470.69663804531871
2008-10-22,529.70785014544686,472.935309451291
2008-10-23,530.05813464122571,473.24805147760173
2008-10-24,528.39143847766275,471.75998694229321
2008-10-27,528.09899915786832,471.49889041490599
2008-10-28,524.52444901933268,468.30745012295392
2008-10-29,525.32460583873888,469.02184847081963
2008-10-30,521.07536054998911,465.22802488482318
2008-10-31,519.63081071462,463.93829768289379
2008-11-03,520.3589728125271,461.81186219551154
2008-11-04,526.58860704795711,461.82036405089605
2008-11-05,529.37760212813464,461.82731486289174
2008-11-06,527.77562790286186,461.83307866707452
2008-11-07,525.87704565957483,461.83838575164651
2008-11-10,526.4110717022844,461.84204748972701
2008-11-11,528.36898247603131,461.84561780123471
2008-11-12,531.63167067418897,461.84818182295896
2008-11-13,527.77562790286197,461.85166072079528
2008-11-14,532.99608833762613,461.85404174760816
2008-11-17,535.25084956938338,461.85569048751665
2008-11-18,539.40346572443957,461.85770542063744
2008-11-19,545.21759244093926,461.85889633476143
2008-11-20,556.1933359417352,461.85898797114749
2008-11-21,551.09087451647304,461.85917123939271
2008-11-24,545.93005432073505,461.85935450771063
2008-11-25,555.30333871626624,461.86118637080995
2008-11-26,558.6851342210507,461.86173612341179
2008-11-28,559.81275727692537,461.86210264383169
2008-12-01,567.38945739893279,465.95978433417798
2008-12-02,570.36613567033169,468.40433515775464
2008-12-03,571.25928461574904,469.13781986487771
2008-12-04,574.83018331744597,472.07036499278627
2008-12-05,568.75872386229071,467.08427316216427
2008-12-08,566.61603917727496,465.32462662536921
2008-12-09,571.43765118426552,469.28430064049769
2008-12-10,570.90182415872835,468.84426101338812
2008-12-11,574.35444677664213,471.67967374348274
2008-12-12,575.96144297326146,472.99939442464461
2008-12-15,577.21146359285206,474.0259544544835
2008-12-16,586.37791203747463,481.55375794936521
2008-12-17,590.36611924092949,484.82901120648597
2008-12-18,594.35522693579833,488.10500397820215
2008-12-19,592.38986979074434,486.49098493095516
2008-12-22,590.8422021245849,485.21998688448008
2008-12-23,590.54469361515669,484.97566263932003
2008-12-24,589.94919171630829,484.48661594883333
2008-12-26,593.1044443619345,487.07781820524417
2008-12-29,594.4125813120047,488.15210536935285
2008-12-30,595.24927637262942,488.83922819992046
2008-12-31,588.67735149707391,483.44213691149139
2009-01-02,580.2531157831902,476.52386410040242
2009-01-05,579.23791561690848,475.69014672273875
2009-01-06,578.87906978848173,475.39545015648696
2009-01-07,578.99880051224113,475.49377715480102
2009-01-08,580.55183649259857,476.76918384597923
2009-01-09,583.24018434013374,478.97694778469474
2009-01-12,586.88509650919366,481.97027532376819
2009-01-13,587.30264745094757,482.31318255306371
2009-01-14,590.58916403728767,485.01218328318305
2009-01-15,590.11093382795298,484.6194441473076
2009-01-16,584.67459789385646,480.15493764936838
2009-01-20,583.77833186277564,479.41889308403057
2009-01-21,578.57986419908093,475.14973221074303
2009-01-22,574.75641229007897,472.00978168170451
2009-01-23,574.87614301383837,472.10810868001863
2009-01-26,573.4423182429631,470.93060234411877
2009-01-27,577.20595674151309,474.02143203830389
2009-01-28,573.5015428705675,470.97923965019839
2009-01-29,566.0333519639313,464.84610379643163
2009-01-30,565.79434076211942,464.64981955710107
2009-02-02,570.38414549860897,462.51692155824583
2009-02-03,565.47116824739601,462.52260248462716
2009-02-04,562.59524111149494,462.52791749275718
2009-02-05,563.91297175855141,462.53286649757121
2009-02-06,560.49844685430128,462.53781555533908
2009-02-09,559.35987936431945,462.54285619093571
2009-02-10,566.84902401347063,462.54844594180008
2009-02-11,571.222329833495,462.55394426050441
2009-02-12,571.0432013107054,462.55916811436339
2009-02-13,566.54943744693344,462.56448354268178
2009-02-17,576.07577074853714,462.56970751556617
2009-02-18,571.88197442843898,462.57520608700707
2009-02-19,568.7062529202899,462.58070472380956
2009-02-20,570.32426281958647,462.58556275498887
2009-02-23,570.86338010221277,462.59051237660168
2009-02-24,568.7062529202899,462.59591968222844
2009-02-25,563.55353714727687,462.60132705106219
2009-02-26,562.11552162789872,462.60618529881759
2009-02-27,561.63652946429079,462.61076894146129
2009-03-02,565.41697639360734,463.79567344872078
2009-03-03,564.22876346496025,462.8210157386581
2009-03-04,560.99860454461361,460.17140705275682
2009-03-05,568.76136785156314,466.53898387850694
2009-03-06,566.51132308064143,464.69333531578513
2009-03-09,565.68509125869878,464.01560054608149
2009-03-10,560.48346840328236,459.74885533683482
2009-03-11,564.7583840049399,463.25544860018778
2009-03-12,567.35792569629643,465.3877796757256
2009-03-13,567.10011815001963,465.17630738264336
2009-03-16,563.87872761468429,462.53389115682216
2009-03-17,562.44586287664674,461.35855243533956
2009-03-18,581.69511495993083,477.14817355760306
2009-03-19,580.67570598520717,476.31198099230858
2009-03-20,580.21511154912184,475.93416830611454
2009-03-23,577.51637184318861,473.72046788388889
2009-03-24,576.07490356730955,472.53807192183194
2009-03-25,573.5648801213672,470.47917015006675
2009-03-26,574.88564733979206,471.56255842299322
2009-03-27,573.81006446091988,470.68028798102972
2009-03-30,575.59531405250561,472.14467810579168
2009-03-31,576.69583660784576,473.04740586425964
2009-04-01,578.43283364316062,474.47221577164993
2009-04-02,573.61366047100023,470.51918330151739
2009-04-03,566.91321682297098,465.02299747072698
2009-04-06,564.24559620715127,462.83482316455172
2009-04-07,566.47791588587609,464.66593233172011
2009-04-08,568.92756316219686,466.67530922641407
2009-04-09,565.71785981725509,464.04247967479199
2009-04-13,569.73879988987562,467.34074394123274
2009-04-14,572.05389591750156,469.2397522237215
2009-04-15,572.62157530276204,469.70540368765381
2009-04-16,569.49434714149243,467.14022621396902
2009-04-17,564.96868929369862,463.42795612490323
2009-04-20,569.6300653690522,467.25155206617791
2009-04-21,567.59781682465223,465.58455563413401
2009-04-22,566.67101957675709,464.82432986857663
2009-04-23,567.4705174666442,465.48013554428542
2009-04-24,566.06450937795466,464.32682657834766
2009-04-27,567.71221904326944,465.6783965625865
2009-04-28,564.42852290204792,462.98487279728914
2009-04-29,562.05098793731906,461.03464760746982
2009-04-30,560.51170134218853,459.77201402406956
2009-05-01,559.21084618696773,458.41670504135016
2009-05-04,570.43136243891161,467.40421959909321
2009-05-05,568.27985650380492,465.68867325149154
2009-05-06,573.10239384613089,469.54932584833534
2009-05-07,566.28331139984687,465.6899174129623
2009-05-08,575.06018241268578,472.63304846288997
2009-05-11,572.88769764038784,468.93644167972025
2009-05-12,569.91844082686873,466.63984002700261
2009-05-13,562.15932373176531,459.34106953567982
2009-05-14,565.15760138126302,461.77463431536745
2009-05-15,563.23614895732464,460.71058171082223
2009-05-18,569.29834609330373,466.88761847068491
2009-05-19,568.66511940480086,466.65745574689538
2009-05-20,567.74944410107582,465.26956660098597
2009-05-21,562.22596021010224,462.99995672357522
2009-05-22,560.04454546621355,462.40703472840829
2009-05-26,567.10599405151333,469.53455642782149
2009-05-27,557.7639733317169,464.16100996899445
2009-05-28,561.95425904821377,466.5552935024582
2009-05-29,570.67314851171579,471.44304735074218
2009-06-01,574.26277814622119,477.8800968163327
2009-06-02,576.65784847310931,479.1617972441727
2009-06-03,574.44085555007314,476.05175219586374
2009-06-04,575.65868542678515,479.50205509974614
2009-06-05,571.37003020865961,478.03114166620924
2009-06-08,568.23683299703964,476.49113381322843
2009-06-09,570.45226667955092,477.43865521546388
2009-06-10,567.77480745892478,476.46123672488426
2009-06-11,569.8455698777932,476.77753868282048
2009-06-12,570.85851917293758,476.52223622415897
2009-06-15,565.12426095876185,470.85535381455088
2009-06-16,563.04904755612415,467.97938854056815
2009-06-17,563.19386601517363,468.6586770835068
2009-06-18,561.2814950623,469.61627646531758
2009-06-19,563.37699390476166,470.39500416726878
2009-06-22,555.99385899476374,463.18034832568975
2009-06-23,555.89566824162375,462.42604479421061
2009-06-24,557.15646742189767,464.26025594136513
2009-06-25,567.14131283435734,469.90467436066945
2009-06-26,566.9483823265291,469.46753647055573
2009-06-29,569.060471776128,470.77159917541269
2009-06-30,565.95238004746113,468.76387750150457
2009-07-01,569.37545192754692,470.62235422179504
2009-07-02,561.82188315734743,464.37888463529822
2009-07-06,560.74198951773781,463.4862889231689
2009-07-07,556.60137185106657,460.06382448845505
2009-07-08,557.98569100409782,461.20804582182723
2009-07-09,556.53294493485794,460.00726561102323
2009-07-10,558.00543521493637,461.22436557526163
2009-07-13,563.78050761707652,465.99780313828882
2009-07-14,563.89253925773232,466.09040388932971
2009-07-15,570.15699875094083,471.26834871403224
2009-07-16,572.97362032942442,473.59645238223635
2009-07-17,571.88886227155569,472.69983594184185
2009-07-20,576.88272119390274,476.82755454075607
2009-07-21,579.89562267942733,479.31789511542542
2009-07-22,579.17204033370831,478.71981167880585
2009-07-23,583.96226363681274,482.6792134417783
2009-07-24,586.16010102539747,484.49585552304615
2009-07-27,586.44129137802804,484.72827591505887
2009-07-28,585.36960777857053,483.84246628478741
2009-07-29,584.04169414636942,482.74486743735895
2009-07-30,589.3565262548193,487.13788928384793
2009-07-31,592.69488101335867,489.89723616185705
2009-08-03,602.14551979170801,497.70874587080141
2009-08-04,606.2404453898348,501.09344311903942
2009-08-05,604.3788693182064,499.55474082615547
2009-08-06,600.04267299182277,495.97061910720538
2009-08-07,610.41113283832181,504.54076199990334
2009-08-10,610.31999044933991,504.46542744600418
2009-08-11,601.44998621847435,497.13384639705794
2009-08-12,608.89068185459746,503.28401968862738
2009-08-13,613.20003975902898,506.84595787072163
2009-08-14,605.12369181876363,500.17038050205463
2009-08-17,589.46596964055243,487.22835068971517
2009-08-18,595.5789369186939,492.28107827391358
2009-08-19,600.91675388916303,496.69309846295204
2009-08-20,606.73046519666457,501.49847335756618
2009-08-21,620.28773539488532,512.70435586603719
2009-08-24,619.05989276564708,511.68947159796818
2009-08-25,621.39548050501651,513.61997245934606
2009-08-26,621.85802367776671,514.0022916410951
2009-08-27,622.43231984087265,514.4769812529961
2009-08-28,621.7921047244655,513.94780574275603
2009-08-31,614.4664724422239,507.89273909181378
2009-09-01,601.23515069238692,496.9562721782969
2009-09-02,599.42120053262204,495.45693550731909
2009-09-03,605.65361973737402,500.60839714604589
2009-09-04,612.74463218552512,506.4695366821241
2009-09-08,618.90739414123254,511.56342250084856
2009-09-09,624.40835785698539,516.11029308621005
2009-09-10,631.49332894993881,521.96643908630722
2009-09-11,633.00738552595442,523.21789604290279
2009-09-14,636.72349751717434,526.28948152826069
2009-09-15,641.52405838500283,530.2574278974871
2009-09-16,652.75684511837812,539.54198788165206
2009-09-17,651.17493989323009,538.23445001943037
2009-09-18,651.7569893534826,538.71554818818743
2009-09-21,649.01289047734417,536.44738880594912
2009-09-22,654.5057163850845,540.98753301357146
2009-09-23,647.66987070580956,535.33730384442447
2009-09-24,638.01388231314809,527.35606058163808
2009-09-25,634.27804320862845,524.26816947496877
2009-09-28,646.64698495156813,534.49182850801617
2009-09-29,645.0667130887764,533.1856407160069
2009-09-30,640.43417490018442,529.35657498976809
2009-10-01,623.54972533916305,515.40058272623423
2009-10-02,620.77086261709019,513.10368897731371
2009-10-05,631.34376821210071,521.84281832552074
2009-10-06,641.6323692325816,530.34695319384946
2009-10-07,643.15393699846572,531.60461859137263
2009-10-08,649.29947821983353,536.68427045865269
2009-10-09,653.88472360205174,540.4742458942967
2009-10-12,655.57940840034439,541.8750027178238
2009-10-13,653.91320569253242,540.49778802002379
2009-10-14,664.41993936852657,549.18222237882537
2009-10-15,664.73226102012609,549.44037462345159
2009-10-16,658.9573798687602,544.66709514045635
2009-10-19,664.6367580753041,549.36143581326041
2009-10-20,659.17542275261997,544.84732042936901
2009-10-21,652.87614059281714,539.64059261924388
2009-10-22,660.18105601126092,545.67853556177977
2009-10-23,650.3917155163864,537.58706893043848
2009-10-26,643.06378930801861,531.5301062144124
2009-10-27,639.02918373052637,528.19526701681843
2009-10-28,624.03684568000472,515.80321638530756
2009-10-29,637.32022946820393,526.78271564062413
2009-10-30,620.49156124706769,512.87282994071074
2009-11-02,622.27557765251231,514.34742460027735
2009-11-03,627.74034151356193,518.86437387311071
2009-11-04,625.46267070225304,516.98174476479289
2009-11-05,638.54156308719189,527.7922198282605
2009-11-06,639.74647271537435,528.78814861992169
2009-11-09,652.91421444084028,539.67206289765204
2009-11-10,651.07653314282436,538.15311104285433
2009-11-11,655.78652385335931,542.04619584138345
2009-11-12,646.19177324902296,534.11556921830515
2009-11-13,651.56098299370365,538.55353738464919
2009-11-16,664.27416950996644,549.06173500309137
2009-11-17,665.24490601410253,549.86410591205652
2009-11-18,665.57999280968897,550.14107488933439
2009-11-19,654.36627568738311,540.87227706215231
2009-11-20,653.49149454951873,540.14921891635959
2009-11-23,663.30728716132967,548.26254978070324
2009-11-24,662.76846098772603,547.81717820474375
2009-11-25,664.93966076518927,549.61180273113723
2009-11-27,651.5793955941615,538.56875648365576
2009-11-30,654.02441605001945,540.58970993214189
2009-12-01,663.98763251123989,548.8248952930968
2009-12-02,667.26724584248541,551.53568892085661
2009-12-03,660.50308289144505,545.94470974958813
2009-12-04,666.61658057805653,550.99787574763457
2009-12-07,666.37552215596065,550.79862676047196
2009-12-08,659.22977768575879,544.89224798378086
2009-12-09,659.95294296208942,545.48998668798038
2009-12-10,660.6286224107613,546.04847555812171
2009-12-11,663.9744825201841,548.81402605079336
2009-12-14,670.66044401112026,554.34036710825956
2009-12-15,667.98798297379483,552.13142062014845
2009-12-16,671.00973210209531,554.62907429280676
2009-12-17,662.01713337485103,547.19616167028278
2009-12-18,666.95130470162042,551.27454495511984
2009-12-21,672.83343113105798,556.13646897850492
2009-12-22,676.28818828957151,558.99202929762282
2009-12-23,680.44604250840132,562.42874075814041
2009-12-24,684.51053459885054,565.78828291937566
2009-12-28,684.89886727004682,566.10926274968085
2009-12-29,683.46998430256508,564.9282067983097
2009-12-30,683.09338499743706,564.61692528629931
2009-12-31,675.56604753777356,558.39513742330666
2010-01-04,689.93217433647249,570.26958756365582
2010-01-05,689.75434111695893,570.12259793116834
2010-01-06,690.57730603201935,570.80282691620187
2010-01-07,694.8567292187596,574.34002229060184
2010-01-08,697.89109557280608,576.84810484364891
2010-01-11,697.72469390282015,576.71056406030448
2010-01-12,689.64419419066621,570.03155500758135
2010-01-13,697.35833607241693,576.40774773050259
2010-01-14,699.77012307043924,578.40123176822897
2010-01-15,691.49237381262719,571.55918434559976
2010-01-19,701.51897493741421,579.84676086512729
2010-01-20,692.29854253087353,572.22553028446407
2010-01-21,680.20335284390706,562.22814345303516
2010-01-22,667.27002869338355,551.53798911106765
2010-01-25,669.81428344308699,553.64096554953517
2010-01-26,665.90980446264098,550.413683650454
2010-01-27,669.39812010378216,553.29698203247028
2010-01-28,661.17152901983673,546.49721985438634
2010-01-29,654.89348624314619,541.30804764566381
2010-02-01,664.37803703942404,549.14758763526015
2010-02-02,671.71662794052304,555.21336534810985
2010-02-03,667.49931619706558,551.72750874070948
2010-02-04,645.62024874335941,533.64317054456444
2010-02-05,647.59671385476804,535.27683539720158
2010-02-08,641.97523814053807,530.63035454546264
2010-02-09,650.35871467823745,537.55979179355336
2010-02-10,649.9571039177182,537.22783684018032
2010-02-11,658.32801727539174,544.14688987985414
2010-02-12,659.99410180159066,545.52400689358888
2010-02-16,671.73920688367491,555.23202817480171
2010-02-17,674.95285155337695,557.88829481743164
2010-02-18,680.17127412927971,562.20162850556551
2010-02-19,681.62502782484603,563.40324157888983
2010-02-22,682.69221282224089,564.28533284953357
2010-02-23,674.27208889517135,557.32560437514724
2010-02-24,679.57739842810622,561.71075525197648
2010-02-25,679.89282752451129,561.97147598280117
2010-02-26,679.12726277932188,561.33869161974064
2010-03-01,688.62977737641404,569.19307974899834
2010-03-02,693.05373283135236,572.84973955778901
2010-03-03,694.66007291819983,574.17747427271877
2010-03-04,696.49547303892655,575.69454060009753
2010-03-05,707.22196543299253,584.56061848587171
2010-03-08,707.30478122120576,584.62907061369651
2010-03-09,709.07764212367192,586.09444459285521
2010-03-10,712.30624484870907,588.76307494943285
2010-03-11,714.31915522845986,590.42686396342833
2010-03-12,713.71621716689287,589.92850013508973
2010-03-15,712.91146925484225,589.26332857624902
2010-03-16,720.03773660365187,595.15360836466789
2010-03-17,723.99929059292458,598.42806612096297
2010-03-18,723.35971971811421,597.89942311435652
2010-03-19,716.39647133410745,592.1438881041654
2010-03-22,721.79873197970846,596.60917478722399
2010-03-23,728.22292648116468,601.91915000659583
2010-03-24,722.43033482023884,597.13123174408292
2010-03-25,719.83498173009025,594.98601951691808
2010-03-26,721.11203908668017,596.04158265649505
2010-03-29,724.96709403889815,599.22801268456385
2010-03-30,725.42170572186092,599.60377602274127
2010-03-31,722.58245251771893,597.25696598265006
2010-04-01,728.74738259379455,602.35264388058783
2010-04-05,738.19617402808319,610.16262665083457
2010-04-06,741.41703557643541,612.82485846883139
2010-04-07,740.05948427786291,611.70276234412472
2010-04-08,741.34106698360881,612.76206595137774
2010-04-09,746.03583944270235,616.64257196854862
2010-04-12,747.24619266129616,617.64300020837914
2010-04-13,748.44360986894549,618.63273607307406
2010-04-14,759.16129972096155,627.49153813926637
2010-04-15,760.92266991053975,628.94741436727895
2010-04-16,748.56597470782174,618.73387782119653
2010-04-19,749.12607470793876,619.19683346805891
2010-04-20,756.71020902978785,625.46556728368034
2010-04-21,759.03940801417502,627.39078746268945
2010-04-22,764.00438315229667,631.49463191233167
2010-04-23,771.64015871525726,637.80605025603472
2010-04-26,768.47906028840828,635.19321617874175
2010-04-27,752.57876141092288,622.05068243370658
2010-04-28,756.05115876461605,624.9208234133647
2010-04-29,767.75449080431429,634.59431681410069
2010-04-30,752.09001008435587,621.64670066884605
2010-05-03,764.30954247014563,631.74686406616388
2010-05-04,744.68989013510429,615.53006557288211
2010-05-05,738.11818000452524,610.0981599955586
2010-05-06,716.54078080102818,592.26316838017476
2010-05-07,703.22793425395344,581.25931641892953
2010-05-10,734.38150199749828,607.00957548654537
2010-05-11,737.2485509313999,609.37936033479286
2010-05-12,751.85755462175393,621.45456253452539
2010-05-13,743.24811220101935,614.33835117194155
2010-05-14,730.52242993469304,603.81982507991916
2010-05-17,730.05373770496237,603.43242334032072
2010-05-18,719.45401174460756,594.67112538010792
2010-05-19,711.85837939513806,588.39288776728336
2010-05-20,682.72368129418817,564.31134339547737
2010-05-21,691.7880954446963,571.8036156961391
2010-05-24,683.25188534459573,564.74793516084208
2010-05-25,684.29181040217293,565.60749448528134
2010-05-26,683.39947667758008,564.86992809249489
2010-05-27,707.25708702122722,584.58964854764065
2010-05-28,699.67300722418793,578.32095979998667
2010-06-01,697.13190739610332,576.22059109010081
2010-06-02,693.91812225698311,573.56420834122139
2010-06-03,692.88558179143274,572.71075281713536
2010-06-04,699.45770877003906,578.1430029439108
2010-06-07,703.47014499623856,581.45951786661431
2010-06-08,701.56548130273404,579.88520111586013
2010-06-09,700.92179227534848,579.35315421354039
2010-06-10,694.25400967983637,573.84183908410216
2010-06-11,698.64601065837985,577.4720866356414
2010-06-14,697.93739437826912,576.8863735339321
2010-06-15,696.25901240745975,575.49909195775649
2010-06-16,697.96095357861304,576.90584660094237
2010-06-17,701.42729062476815,579.77097837939368
2010-06-18,700.62338293694597,579.10650131537727
2010-06-21,700.90589781556787,579.34001650615278
2010-06-22,704.05038781682015,581.93912274125
2010-06-23,707.17881834054538,584.52495487207102
2010-06-24,706.28885270114097,583.78934584120191
2010-06-25,707.44152659301051,584.74209871947437
2010-06-28,712.08843822864549,588.58304494646677
2010-06-29,714.12542984946606,590.26673852488716
2010-06-30,715.05143161247975,591.03213353488945
2010-07-01,714.39067074744992,590.48597575301585
2010-07-02,712.491562114045,588.91625058669513
2010-07-06,714.20544099858,590.33287245326892
2010-07-07,714.14330018341207,590.28150940867579
2010-07-08,713.50304744240236,589.75230279948516
2010-07-09,713.0570357719954,589.38364787833132
2010-07-12,713.4468949926063,589.70588949166006
2010-07-13,713.26870065332298,589.55860137240836
2010-07-14,716.53820960519204,592.26104313534131
2010-07-15,718.86389385742416,594.18335818116338
2010-07-16,720.7539010410627,595.74556046306509
2010-07-19,719.83524637481571,594.98623826137498
2010-07-20,720.48072394772817,595.51976350193979
2010-07-21,724.19587893010385,598.59055796310849
2010-07-22,723.15670485035969,597.73161936608983
2010-07-23,721.96922054334357,596.75009362893809
2010-07-26,723.19753025215175,597.76536396578842
2010-07-27,722.03944911362714,596.80814167960227
2010-07-28,723.89940500947591,598.34550480175619
2010-07-29,725.16963533934324,599.39542500155096
2010-07-30,729.22264082324057,602.74547280576917
2010-08-02,728.1647712825237,601.87108130886452
2010-08-03,729.80736929745251,603.22878533739038
2010-08-04,727.6949981014443,601.48278609929514
2010-08-05,730.23441205680319,603.58176133605468
2010-08-06,734.00355608775681,606.69718092649077
2010-08-09,733.2870713612806,606.10496409031225
2010-08-10,736.81248746510164,609.0189281904062
2010-08-11,737.84502164885691,609.8723785222187
2010-08-12,735.25587495766388,607.7322962494236
2010-08-13,737.83190822194911,609.86153950233745
2010-08-16,742.79324519991951,613.96237679828255
2010-08-17,740.56117630062363,612.11744035675588
2010-08-18,740.56544341500728,612.12096737817933
2010-08-19,742.12299143005168,613.40837257131182
2010-08-20,740.22320837689711,611.83808995733648
2010-08-23,740.79682932255037,612.31222146223411
2010-08-24,744.16651803439834,615.09746769860726
2010-08-25,742.49717172588657,613.71765462963219
2010-08-26,744.37055949621697,615.26611998734734
2010-08-27,737.76583486786865,609.80692598265841
2010-08-30,741.8673300793829,613.19705340339203
2010-08-31,744.5365334267633,615.40330721884573
2010-09-01,737.62128596844866,609.68744780158283
2010-09-02,735.21865189024447,607.70152919130555
2010-09-03,731.17693592472472,604.36081283911778
2010-09-07,736.88571166506063,609.07945230547648
2010-09-08,735.068927852824,607.57777345379384
2010-09-09,729.17141358532308,602.70313047571699
2010-09-10,727.38469969236826,601.22630618380822
2010-09-13,730.42360544661528,603.73814081854744
2010-09-14,735.19089821627733,607.67858914473982
2010-09-15,732.84672059202887,605.74098823745965
2010-09-16,730.97162768193311,604.1911134812749
2010-09-17,732.4019332947081,605.37334533279216
2010-09-20,734.62773055334833,607.21309789384031
2010-09-21,741.4645230763058,612.86410968507164
2010-09-22,742.59273722051842,613.79664514092622
2010-09-23,743.59893881650191,614.62833003763251
2010-09-24,740.52790260446386,612.08993768665061
2010-09-27,745.67687057330897,616.34586305032235
2010-09-28,748.59203210667033,618.75541579644596
2010-09-29,747.03253838090734,617.46640235877828
2010-09-30,746.19811838539488,616.77670507490632
2010-10-01,746.54717274954419,617.06521907046272
2010-10-04,739.88956572003337,611.56231464579037
2010-10-05,756.58266964615632,625.36014846947398
2010-10-06,757.45769706180954,626.08341017836779
2010-10-07,754.82301967260503,623.90569410134913
2010-10-08,761.47654415090074,629.40522405692991
2010-10-11,762.2965050044121,630.08297000811683
2010-10-12,763.99621782848737,631.48788279116593
2010-10-13,773.12339031631211,639.0320285548562
2010-10-14,771.97295845729923,638.08112884882314
2010-10-15,770.31059696989644,636.70708914598617
2010-10-18,777.15043011007424,642.36061418647989
2010-10-19,763.30430720409254,630.91597789807406
2010-10-20,771.07546415082561,637.33929693109053
2010-10-21,769.21660687288249,635.80284188135784
2010-10-22,770.70730504687617,637.0349917425857
2010-10-25,773.79200202512857,639.58467552163063
2010-10-26,773.53881162710047,639.3753987416377
2010-10-27,770.10759770857783,636.53929829735807
2010-10-28,769.541576922486,636.07144877208032
2010-10-29,771.49926843775802,637.68959614151515
2010-11-01,769.20862045312754,635.79624063493202
2010-11-02,779.07153159262305,643.94851773826667
2010-11-03,781.05779524108334,645.59028165903101
2010-11-04,799.75282126438356,661.04282203381854
2010-11-05,803.56300170737734,664.19216063635395
2010-11-08,803.00546384041149,663.73132274348222
2010-11-09,794.16893043522475,656.42740730380206
2010-11-10,800.46314235586101,661.62994426255671
2010-11-11,798.29912985261808,659.84126044172478
2010-11-12,785.59746813896595,649.34258875159287
2010-11-15,784.35310193052123,648.31404677186822
2010-11-16,770.9027056572553,637.19650185855835
2010-11-17,771.76151668614818,637.90635976845056
2010-11-18,783.69361584988155,647.76894267439343
2010-11-19,785.7426631650028,649.46260099438189
2010-11-22,786.35350441749654,649.96749727561621
2010-11-23,778.06628022820439,643.11761826392899
2010-11-24,790.48410459574222,653.38168166599337
2010-11-26,783.38672183267863,647.51527668935023
2010-11-29,785.07891135623481,648.91397102130554
2010-11-30,781.18063286658673,645.69181419315373
2010-12-01,796.06412131410173,657.99389421520164
2010-12-02,804.52247034616221,664.98521799079094
2010-12-03,809.20506507034997,668.85565839264405
2010-12-06,811.50481444443449,670.75653673379452
2010-12-07,811.60176263196922,670.8366701222302
2010-12-08,812.42990313830296,671.52117703835711
2010-12-09,815.38719929771366,673.96555653515713
2010-12-10,821.99347914251894,679.42603601786902
2010-12-13,821.39636129592805,678.93248294009027
2010-12-14,821.69195985570093,679.17681256412652
2010-12-15,817.06744689895731,675.35438016479497
2010-12-16,821.57624011308394,679.08116337954004
2010-12-17,822.14724949252525,679.55313627111036
2010-12-20,825.70019024626015,682.48985111589809
2010-12-21,832.50678847284757,688.11590554236466
2010-12-22,834.72444410352989,689.94892856826402
2010-12-23,833.52196026902504,688.95500483798628
2010-12-27,834.99058423342422,690.16890906454228
2010-12-28,836.71298447635195,691.59257433584037
2010-12-29,837.86559310873224,692.54527327330038
2010-12-30,836.47713666528716,691.39763222566387
2010-12-31,835.21814444591189,690.35700098625341
2011-01-03,845.19066459067551,698.59987638975804
2011-01-04,837.69117115276833,692.40110325110174
2011-01-05,842.89678790511459,696.70385217164585
2011-01-06,840.23762460168609,694.50589704400022
2011-01-07,837.33015393897631,692.10270125555689
2011-01-10,838.06371357114779,692.70903150721404
2011-01-11,841.8665811273172,695.85232557797053
2011-01-12,848.97755509491697,701.7299644858515
2011-01-13,846.49125329922401,699.67488957801413
2011-01-14,852.05026738976369,704.26974221801675
2011-01-18,853.74330074178226,705.66913402390787
2011-01-19,841.10051332669207,695.2191254099564
2011-01-20,836.76313937721147,691.63403031614007
2011-01-21,835.79109124828585,690.83057527201572
2011-01-24,840.34976979445639,694.59859165255352
2011-01-25,842.25824550271693,696.17605925807811
2011-01-26,849.20929362367826,701.92151003211711
2011-01-27,849.36119257122414,702.04706346097635
2011-01-28,834.82571926307571,690.03263845397862
2011-01-31,839.17682594834014,693.62908446294705
2011-02-01,853.97572146153539,705.86124344121731
2011-02-02,851.51617050515847,703.82827967802746
2011-02-03,854.3487468828655,706.16957092772316
2011-02-04,854.44987960164917,706.25316307775654
2011-02-07,860.54035605930812,711.2873006738406
2011-02-08,865.37852160949626,715.28632952841451
2011-02-09,863.07852994113182,713.38525091676786
2011-02-10,863.85580313213961,714.02771300006839
2011-02-11,869.68229907900763,718.84365515229126
2011-02-14,872.55074542475381,721.21459504375287
2011-02-15,870.37492562346699,719.41615179549296
2011-02-16,875.84512347518728,723.93759258174441
2011-02-17,880.35724203494976,727.66712439056141
2011-02-18,882.26546283802804,729.24438130193596
2011-02-22,865.37891039404155,715.28665088174557
2011-02-23,858.56243960756353,709.65243620291437
2011-02-24,858.92706433573721,709.95382002162239
2011-02-25,871.96830836289951,720.73317649943726
2011-02-28,875.86293840820838,723.95231767340465
2011-03-01,863.38522258841192,713.63875045770669
2011-03-02,865.22234708230872,715.15724208109737
2011-03-03,878.43941059143492,726.08192371868131
2011-03-04,873.55779442920129,722.04698037347737
2011-03-07,865.20799181844654,715.14537660981398
2011-03-08,874.34835039744974,722.70042145468619
2011-03-09,873.05079805772198,721.6279180041397
2011-03-10,854.9823750418758,706.69330192962229
2011-03-11,858.88609739602032,709.91995843249083
2011-03-14,854.34736236719243,706.16842654395464
2011-03-15,844.93506057139382,698.38860460960746
2011-03-16,833.09751871906258,688.60417889212488
2011-03-17,840.69763332458422,694.88612135363644
2011-03-18,847.90676422905744,700.844892752492
2011-03-21,862.6369068017184,713.02022337501853
2011-03-22,859.68462760802277,710.5799906959428
2011-03-23,861.49270634829895,712.07447429281467
2011-03-24,866.4590486045887,716.17944874616296
2011-03-25,870.53800076257016,719.55094300508927
2011-03-28,867.79804231249386,717.2862059289132
2011-03-29,873.03882301072895,721.61801992232245
2011-03-30,880.62431070029834,727.88787237609472
2011-03-31,882.05858438755297,729.07338407493774
2011-04-01,885.12932465589927,731.61153181102361
2011-04-04,886.92824347150804,733.09844419052558
2011-04-05,889.05153150118508,734.85346683478383
2011-04-06,892.43525375831518,737.65031262308071
2011-04-07,888.99903890727387,734.81007861345802
2011-04-08,884.16890423600137,730.81768775342528
2011-04-11,878.59156671365054,726.20768971755581
2011-04-12,870.43655078786344,719.46708862434502
2011-04-13,869.36914748291088,718.58481690964379
2011-04-14,872.73154501222018,721.36403655410879
2011-04-15,878.52699350440639,726.15431615596094
2011-04-18,869.10423919851303,718.36585460623917
2011-04-19,871.13086363669549,720.04097909745508
2011-04-20,883.20131835093548,730.01792101673198
2011-04-21,887.67410091988143,733.71493931176622
2011-04-25,887.24346417562015,733.35899267284367
2011-04-26,894.69111753238326,739.51491693041726
2011-04-27,901.17558925218646,744.87471482182104
2011-04-28,904.66814728098711,747.76151978716666
2011-04-29,908.37023057196029,750.82150972530815
2011-05-02,903.76941562990794,747.01866513122286
2011-05-03,904.46870024637951,747.59666506318467
2011-05-04,905.38569552907563,748.35461568661231
2011-05-05,907.8799767058905,750.41628602303035
2011-05-06,908.55163956831973,750.97145494801589
2011-05-09,910.41150170689798,752.50874057426222
2011-05-10,908.20328904566281,750.68352271891786
2011-05-11,908.83022530656569,751.20172247279595
2011-05-12,907.84931977571421,750.39094626417
2011-05-13,910.0581623972181,752.21668481878885
2011-05-16,910.11809599601122,752.26622346901604
2011-05-17,911.20319205181795,753.16311928461835
2011-05-18,909.08667944508636,751.4136969265802
2011-05-19,910.08686655666816,752.2404104976016
2011-05-20,910.28506137806028,752.40423019359025
2011-05-23,909.66579166030942,751.89236728928074
2011-05-24,909.88491203188187,752.07348318526522
2011-05-25,910.77409103097352,752.80844201157277
2011-05-26,915.41100603008567,756.64112542955445
2011-05-27,916.17978632272479,757.2765676320173
2011-05-31,918.0321221501523,758.80763231870537
2011-06-01,921.3745306950309,761.5703298899416
2011-06-02,916.0540683744905,757.17265434147112
2011-06-03,917.04338467046898,757.99038254297204
2011-06-06,915.40574331264406,756.63677548355031
2011-06-07,917.04251088137335,757.98966030480733
2011-06-08,917.39015791870293,758.27701106183861
2011-06-09,914.43266551952718,755.83246936131172
2011-06-10,914.56061655077292,755.93822842652276
2011-06-13,912.8580295314764,754.53093995179813
2011-06-14,909.52391292477091,751.77509615595875
2011-06-15,914.67678960991066,756.03425230391929
2011-06-16,917.24040084046635,758.15322801414561
2011-06-17,917.04328944711392,757.99030383525906
2011-06-20,916.50820395450091,757.54802415251015
2011-06-21,917.57334584190471,758.4284266723821
2011-06-22,916.71794942178587,757.72139113780395
2011-06-23,919.59094573351808,760.09609184420185
2011-06-24,921.68958484224663,761.83074070317195
2011-06-27,919.556843605719,760.06790442654187
2011-06-28,914.53891220129037,755.92028850302279
2011-06-29,911.5939798973684,753.48612846116703
2011-06-30,910.39262610287244,752.49313877553004
2011-07-01,911.65343621578404,753.53527261104466
2011-07-05,915.60213370431097,756.79910371206768
2011-07-06,917.09687236143475,758.03459327063661
2011-07-07,917.15316857208609,758.08112540527793
2011-07-08,923.45917643440816,763.29341240476163
2011-07-11,926.23606438880608,765.58867389186059
2011-07-12,926.48270814471448,765.79253948646397
2011-07-13,928.77369344322062,767.68617380283706
2011-07-14,923.05170244132466,762.95661114425809
2011-07-15,926.01330191533577,765.40454758409339
2011-07-18,923.29790673844718,763.16011350028521
2011-07-19,928.35057085008123,767.33643805249255
2011-07-20,925.31202357830171,764.8248997246319
2011-07-21,922.96980005314481,762.88891399537124
2011-07-22,924.96755848923544,764.54017903529621
2011-07-25,922.33627778483356,762.36527051837345
2011-07-26,925.19074219435402,764.72465351583674
2011-07-27,920.55525244012074,760.89314814671184
2011-07-28,922.83832437228773,762.78024159961126
2011-07-29,930.79381399877877,769.35592245190537
2011-08-01,927.92501555965885,766.98469153452788
2011-08-02,922.75532321854496,762.71163625625604
2011-08-03,924.95447667139456,764.52936614217083
2011-08-04,909.47304835816328,751.73305359511016
2011-08-05,902.05011195137638,745.59755935282374
2011-08-08,883.26110490819497,730.0673381284688
2011-08-09,906.27811364489332,749.09225183371757
2011-08-10,897.42554052904029,741.77507862823575
2011-08-11,904.99328090378981,748.03026188077467
2011-08-12,909.17838004572582,751.48949287529979
2011-08-15,918.01071128927606,758.78993498082843
2011-08-16,916.72237444515599,757.72504868030785
2011-08-17,920.74172359538363,761.04727754197677
2011-08-18,907.17380940606517,749.83259714780183
2011-08-19,902.65107684984878,746.09429224562098
2011-08-22,904.57079576246099,747.68105302190531
2011-08-23,911.79462841234749,753.65197627945815
2011-08-24,909.01480328826494,751.35428704857941
2011-08-25,904.98862736889112,748.02641546003053
2011-08-26,915.51991180217544,756.73114246607338
2011-08-29,924.31195408539145,763.99828337237159
2011-08-30,931.24597274467078,769.72965829308578
2011-08-31,929.80848467770545,768.54148972004555
2011-09-01,934.70498096380925,772.58873236425018
2011-09-02,945.22925303741272,781.28766324190281
2011-09-06,946.18934592428275,782.08123657415786
2011-09-07,938.59997998091694,775.80817851514621
2011-09-08,945.21363331474038,781.27475262092082
2011-09-09,948.77886080608243,784.22162317818038
2011-09-12,944.07361989546814,780.33246436910724
2011-09-13,942.5319264663043,779.05816392523479
2011-09-14,942.32473053648141,778.88690428285236
2011-09-15,934.51825880861179,772.43439550275241
2011-09-16,936.99538267705532,774.48188431302549
2011-09-19,942.48177714701512,779.01671255843166
2011-09-20,944.91007470712248,781.02384354839603
2011-09-21,947.42299527075147,783.10092043610484
2011-09-22,953.01661539092288,787.72437699831789
2011-09-23,941.03469288249926,777.82061216278203
2011-09-26,936.30019854270756,773.90727367110776
2011-09-27,932.20452621335323,770.52195920551844
2011-09-28,930.0638181115105,768.75253784535926
2011-09-29,930.83660271163558,769.39128984386218
2011-09-30,936.38866793535487,773.98039883606407
2011-10-03,945.85890763926841,781.80810986472238
2011-10-04,939.55227629795775,776.59530752312389
2011-10-05,937.09468602914842,774.56396438371712
2011-10-06,931.83813860239286,770.2191182603317
2011-10-07,926.72179050928423,765.99015514566713
2011-10-10,920.38486413046132,760.75231217081534
2011-10-11,922.42525720949277,762.43881725483482
2011-10-12,920.2987850461011,760.68116273647695
2011-10-13,923.02539527085889,762.93486671805294
2011-10-14,919.5778463634723,760.08526444314566
2011-10-17,924.50083111633808,764.15440136562495
2011-10-18,923.15457190279767,763.04163881443969
2011-10-19,923.27376997432611,763.14016304278766
2011-10-20,920.3418522277907,760.71676029932905
2011-10-21,919.85128376138437,760.31127656133958
2011-10-24,920.337682706137,760.71331394404638
2011-10-25,930.11735498537951,768.79678922559128
2011-10-26,925.08183093112018,764.63463194056385
2011-10-27,916.39010400664085,757.45040758806761
2011-10-28,921.33393699426495,761.53677680479166
2011-10-31,930.99374535510242,769.52117749631839
2011-11-01,930.71168341466387,769.28803668563523
2011-11-02,933.86874249883579,771.89753200823895
2011-11-03,936.66604028849952,774.20966342657493
2011-11-04,936.57040561070778,774.13061573132347
2011-11-07,941.01218383529294,777.80200710920712
2011-11-08,940.45715256643894,777.34324106734414
2011-11-09,936.28570235658572,773.89529171927506
2011-11-10,934.93349629888655,772.77761375105047
2011-11-11,938.0268121436718,775.33442153104181
2011-11-14,939.18477248676243,776.29154397268542
2011-11-15,939.60282937809416,776.63709262205384
2011-11-16,937.09342548111715,774.56292246650787
2011-11-17,932.22206763685824,770.53645822545082
2011-11-18,929.9883677117657,768.69017364501576
2011-11-21,925.09823918866323,764.64819433207128
2011-11-22,927.1057472891074,766.30751804395913
2011-11-23,924.07369507935891,763.801348267506
2011-11-25,918.9511578677816,759.56726948181222
2011-11-28,927.04762887495167,766.25947975077145
2011-11-29,926.6461922517492,765.92766873214964
2011-11-30,934.03346532196383,772.03368512575094
2011-12-01,932.44646786996088,770.72193823803877
2011-12-02,936.27489314556601,773.88635726957227
2011-12-05,934.41825662917552,772.35173781009303
2011-12-06,932.70386974963947,770.93469605572386
2011-12-07,937.17816033300085,774.63296081351291
2011-12-08,939.59448975295834,776.63019943057293
2011-12-09,933.99502527665936,772.00191216371604
2011-12-12,934.49125837255986,772.41207805169881
2011-12-13,936.43644555079538,774.01988984991408
2011-12-14,936.95011926279392,774.4444714345683
2011-12-15,935.9145912689736,773.58854654236507
2011-12-16,941.63480024854186,778.31663625450756
2011-12-19,944.35240222161474,780.56289438536919
2011-12-20,937.73587547484772,775.09394523451761
2011-12-21,935.08180328729895,772.90019821407577
2011-12-22,935.5201723930013,773.26253610526044
2011-12-23,932.18624981178482,770.50685268291841
2011-12-27,931.89703302602538,770.26779797106929
2011-12-28,935.12296336087934,772.93421943972373
2011-12-29,935.79867663211076,773.49273626620311
2011-12-30,939.7053649645693,776.72184432488075
2012-01-03,947.40697338265181,783.08767740170526
2012-01-04,946.78002271128503,782.56946573672985
2012-01-05,949.25049226324188,784.61145436240599
2012-01-06,948.32147834052955,783.84356962495963
2012-01-09,949.64956702178438,784.94131316074356
2012-01-10,956.69688367771244,790.76633555033084
2012-01-11,959.37051780868114,792.97625166944795
2012-01-12,960.94306964324971,794.27605840332626
2012-01-13,957.91297720916691,791.77150849691543
2012-01-17,959.8975719195314,793.41189294202263
2012-01-18,968.40870914319862,800.44684926784748
2012-01-19,970.12553356245974,801.86590579240067
2012-01-20,972.24481839369446,803.61761955730844
2012-01-23,970.65892364675665,802.30678412029556
2012-01-24,971.09593258319751,802.66799775145512
2012-01-25,979.15280119138288,809.32747430458596
2012-01-26,977.77702035586174,808.19031039364768
2012-01-27,979.75684546847424,809.82675248522514
2012-01-30,977.27363296597764,807.77423106021172
2012-01-31,978.34033136561732,808.65592012914431
2012-02-01,989.42940263307366,817.82169081412223
2012-02-02,993.19133206645051,820.93114711463272
2012-02-03,1006.6260748327686,832.03575348226605
2012-02-06,1004.351560020708,830.15573299325399
2012-02-07,1006.4016661907737,831.8502665192334
2012-02-08,1008.3133193473221,833.4303604729588
2012-02-09,1006.5484905602568,831.97162551036888
2012-02-10,996.6836232957769,823.81773155449491
2012-02-13,1005.249399415993,830.89785014721917
2012-02-14,1002.3828003948415,828.52843717836515
2012-02-15,996.98316101978958,824.06531712984054
2012-02-16,1010.3876381279822,835.14490714801457
2012-02-17,1012.0774681694905,836.54165122905476
2012-02-21,1011.7404758745058,836.26310724426685
2012-02-22,1006.8029884461832,832.1819830061371
2012-02-23,1014.438846939763,838.49346989688252
2012-02-24,1013.592208734976,837.79367354324256
2012-02-27,1013.6399567824443,837.83314011742118
2012-02-28,1014.9337758188677,838.90255777284926
2012-02-29,1001.2526502341984,827.59430149087586
2012-03-01,1005.3385533347212,830.97154111330838
2012-03-02,996.69376657820862,823.82611557498876
2012-03-05,996.26780283018945,823.47403144275722
2012-03-06,979.88146746304699,809.92975990550485
2012-03-07,987.8204092747003,816.49176301396619
2012-03-08,998.10154884516749,824.98973055428758
2012-03-09,1006.9369380187427,832.29270021913169
2012-03-12,1006.4100677974293,831.85721094209225
2012-03-13,1026.4507674830954,848.42202987552321
2012-03-14,1021.6783797515054,844.47737026314155
2012-03-15,1029.2833179687259,850.76329972389226
2012-03-16,1029.7837847062819,851.17696496611666
2012-03-19,1036.5183352831814,856.7434677656255
2012-03-20,1030.5789220470192,851.83419282158661
2012-03-21,1029.0312668297079,850.55496460858762
2012-03-22,1020.3982273625602,843.41924889698794
2012-03-23,1026.8560458471072,848.75701631924971
2012-03-26,1043.7310216772503,862.70517798609376
2012-03-27,1038.0878201197738,858.0407394449926
2012-03-28,1034.6010000744968,855.15867726106694
2012-03-29,1032.3067195133144,853.26231921596059
2012-03-30,1032.3835532816752,853.3258268519628
2012-04-02,1043.090503846551,862.17575226465772
2012-04-03,1037.002954691199,857.1440342563842
2012-04-04,1024.1599287310335,846.52851668841959
2012-04-05,1021.0739473542232,843.97777127829977
2012-04-09,1007.6786220103365,832.90574573247591
2012-04-10,987.71365663641814,816.4035256693852
2012-04-11,998.32522473574147,825.17461185510274
2012-04-12,1012.1732596441265,836.62082852613526
2012-04-13,998.34313651549382,825.18941699629181
2012-04-16,1000.7014458088181,827.13869856059193
2012-04-17,1015.4292529131701,839.31209878097343
2012-04-18,1008.3302960765534,833.44439273980652
2012-04-19,1002.8747101333645,828.93502955677684
2012-04-20,1007.1841200523825,832.49701073199094
2012-04-23,996.06963441410539,823.3102335723114
2012-04-24,1002.8570143143783,828.92040291988383
2012-04-25,1016.2568739617493,839.99617633466369
2012-04-26,1023.7742628769154,846.20974113953775
2012-04-27,1028.9327282055901,850.47351663061977
2012-04-30,1021.0842703418955,843.98630383576165
2012-05-01,1024.39167362526,846.72006749611683
2012-05-02,1023.1427925309545,845.68779369724598
2012-05-03,1013.2692262209846,837.52670946779403
2012-05-04,995.60770240196098,822.92841955080803
2012-05-07,997.74865842893314,824.69804583569248
2012-05-08,996.80698717558903,823.91969906880695
2012-05-09,991.15054414350652,819.24431566885869
2012-05-10,994.80129475876765,822.26187612639922
2012-05-11,991.45761001162828,819.49812369881033
2012-05-14,980.08576676962844,810.09862531813178
2012-05-15,976.42234517118845,807.07059154651733
2012-05-16,970.72465658273654,802.36111626436002
2012-05-17,953.65848684926209,788.25492157274471
2012-05-18,945.23643287428376,781.29359780005825
2012-05-21,962.04390702402486,795.18596535137249
2012-05-22,960.5389117799391,793.94199811944054
2012-05-23,962.99680972302713,795.97359556976448
2012-05-24,965.93500532199619,798.40218732810195
2012-05-25,963.79730032683256,796.63524821253282
2012-05-29,975.81812453631528,806.57116759578207
2012-05-30,959.85629645305426,793.37777633734788
2012-05-31,959.36605134111858,792.97255987087783
2012-06-01,956.1981495345342,790.35410239943076
2012-06-04,951.9212852250007,786.81902208779138
2012-06-05,951.30310770073083,786.30806194573745
2012-06-06,951.87784860863587,786.78311916541588
2012-06-07,953.74347938628875,788.32517291170086
2012-06-08,956.18150870715294,790.34034777525085
2012-06-11,955.02769296672739,789.38665109187798
2012-06-12,953.93579285731062,788.48413132512474
2012-06-13,956.16156358092951,790.32386195341451
2012-06-14,956.78771096559512,790.8414096546079
2012-06-15,962.57800304373427,795.62742717647404
2012-06-18,962.85461838600827,795.85606605290286
2012-06-19,962.78178618759762,795.79586595020578
2012-06-20,960.92416561572645,794.26043311089893
2012-06-21,956.8911610037319,790.92691720560538
2012-06-22,955.64562635351149,789.89740943991728
2012-06-25,955.63796250887231,789.89107482082841
2012-06-26,955.25594348278798,789.57531359015957
2012-06-27,958.42326646354741,792.19329262796225
2012-06-28,960.04439414092815,793.53325015763835
2012-06-29,962.78495937515163,795.79848877665904
2012-07-02,965.44388572909145,797.99624805159317
2012-07-03,974.81847935848464,805.7449019649323
2012-07-05,971.95120823355751,803.37493346271276
2012-07-06,963.07508645346741,796.0382958989336
2012-07-09,959.95413736740011,793.45864761708549
2012-07-10,951.63727440454784,786.58427041296318
2012-07-11,950.61722026913094,785.74113557633052
2012-07-12,946.34927324758814,782.21342592855319
2012-07-13,959.97042826657753,793.47211300498964
2012-07-16,957.27459686277848,791.24384953218646
2012-07-17,962.05269182321695,795.19322650543722
2012-07-18,967.79350406453204,799.93834602719835
2012-07-19,966.81343388317418,799.12826028414111
2012-07-20,957.53285867532145,791.45731813504426
2012-07-23,944.96675067642536,781.07068957593606
2012-07-24,934.74374800800149,772.62077561013075
2012-07-25,935.0539763533186,772.87719761379299
2012-07-26,947.00183394162309,782.75280578600859
2012-07-27,966.95880384967268,799.24841712552768
2012-07-30,966.07258121257246,798.51590190657191
2012-07-31,959.17774655143933,792.81691486874388
2012-08-01,952.8206576318214,787.56240636610369
2012-08-02,948.77731286048424,784.22034370995107
2012-08-03,962.88008612798933,795.87711664201288
2012-08-06,965.69585893554245,798.20451875103981
2012-08-07,968.32697152098694,800.37928830774013
2012-08-08,969.17495046701652,801.08019286300305
2012-08-09,970.24343169128429,801.96335554152097
2012-08-10,971.27602595562144,802.81685553347393
2012-08-13,970.53429052670617,802.20376750415312
2012-08-14,968.54478532780251,800.55932425098013
2012-08-15,969.84566342314201,801.63457663446752
2012-08-16,975.51144120123331,806.31767575192316
2012-08-17,978.45648065427895,808.75192435884196
2012-08-20,978.65751716600039,808.91809287929823
2012-08-21,977.46236079304742,807.93022572767063
2012-08-22,977.90792945439398,808.29851447573765
2012-08-23,972.11893518296824,803.5135696675768
2012-08-24,975.37960486845623,806.20870525610451
2012-08-27,976.7531044828504,807.34398360338946
2012-08-28,977.35335130665817,807.8401229651729
2012-08-29,978.40925636681118,808.71289070315959
2012-08-30,972.81936206017542,804.09251374532982
2012-08-31,978.06462224471818,808.4280302980693
2012-09-04,980.6488992969596,810.56408752738935
2012-09-05,980.50513555215764,810.44525832286115
2012-09-06,999.23277603809902,825.92475647241372
2012-09-07,1005.7218852927549,831.28838755958122
2012-09-10,1000.6427863246629,827.09021304117368
2012-09-11,1004.2009257584086,830.03122490125634
2012-09-12,1008.6466666359947,833.70589164529417
2012-09-13,1023.8678842968773,846.28712475858697
2012-09-14,1031.6875319230985,852.75052419489657
2012-09-17,1026.357004831365,848.34452952009656
2012-09-18,1024.311252242763,846.65359448567608
2012-09-19,1023.2299538002648,845.75983762119927
2012-09-20,1021.2263549019449,844.10374509516703
2012-09-21,1023.2560153085732,845.78137899315902
2012-09-24,1022.0671595168542,844.79871964310291
2012-09-25,1009.2346176936841,834.19186783200928
2012-09-26,1003.4131416759884,829.38007494698286
2012-09-27,1012.6148687589889,836.98584447576695
2012-09-28,1005.5740434700683,831.16618758343247
2012-10-01,1009.0685954875642,834.05464069790514
2012-10-02,1010.6121810147013,835.33050507222038
2012-10-03,1011.1082410423227,835.74052790907467
2012-10-04,1018.9566394297037,842.22769154325579
2012-10-05,1018.651486433022,841.97546461424076
2012-10-08,1014.185345760679,838.283936238038
2012-10-09,1003.9884485421956,829.85559996453981
2012-10-10,999.68769897655648,826.30077708159456
2012-10-11,1002.2789498169279,828.44259855764574
2012-10-12,995.40188433245248,822.75829879114815
2012-10-15,1002.1414454323019,828.32894308305617
2012-10-16,1010.3679416430316,835.12862684283812
2012-10-17,1018.4527339100957,841.81118394507894
2012-10-18,1014.6100252917736,838.63495888932562
2012-10-19,997.41986419805119,824.42627803385199
2012-10-22,998.10174867865976,824.98989572844164
2012-10-23,988.02385942394892,816.65992654803154
2012-10-24,986.01523120347701,814.99967699095168
2012-10-25,989.28289581037643,817.70059429411265
2012-10-26,987.09966044208954,815.8960216428593
2012-10-31,988.79966212097747,817.30117318142811
2012-11-01,1000.5581232313777,827.02023400687835
2012-11-02,989.25892778630282,817.68078331020502
2012-11-05,992.44596056716068,820.31505365893827
2012-11-06,1000.8771477722819,827.28392658439725
2012-11-07,975.42312372394758,806.24467615396304
2012-11-08,962.89319375522314,795.88795086812161
2012-11-09,963.99193784509134,796.79612758791268
2012-11-12,962.95085916882852,795.93561472966735
2012-11-13,958.01317036565138,791.85432404335677
2012-11-14,942.5457203112976,779.06956535074926
2012-11-15,939.09329568064277,776.21593300332097
2012-11-16,945.57806832539723,781.57597962692523
2012-11-19,965.28021645002741,797.86096575031695
2012-11-20,965.82935102611509,798.31485782822097
2012-11-21,969.18289532369135,801.08675975509459
2012-11-23,981.19198773807011,811.01298211854339
2012-11-26,981.50061085903531,811.26807730971154
2012-11-27,978.30358369855514,808.62554601742863
2012-11-28,985.98995995827295,814.97878881800375
2012-11-29,994.00134732735864,821.60067244761558
2012-11-30,994.1742812248624,821.74361250183188
2012-12-03,989.2102828537669,817.6405754076801
2012-12-04,990.93999849245051,819.0702872845369
2012-12-05,991.7602099813231,819.7482404006156
2012-12-06,992.30660948143225,820.1998717770939
2012-12-07,989.48305874625373,817.86604075266905
2012-12-10,990.39350480177086,818.61857805400314
2012-12-11,988.48209555238043,817.03868570391307
2012-12-12,984.29231059050255,813.57558160315364
2012-12-13,982.37967686369416,811.99467715034086
2012-12-14,984.56555743584238,813.80143621842058
2012-12-17,979.37339642153199,809.50980925807119
2012-12-18,975.5495418264743,806.34916816327939
2012-12-19,976.91558767203242,807.47828553150282
2012-12-20,977.55250431049774,808.00473465540313
2012-12-21,980.19360791040435,810.18776237414977
2012-12-24,979.19217376367794,809.36001805511569
2012-12-26,981.20766359359232,811.0259391366327
2012-12-27,983.21373436644615,812.68407481259112
2012-12-28,985.4937113186337,814.56861008220528
2012-12-31,980.29542791723384,810.27192260824268
2013-01-02,1003.539374668786,829.48441395220311
2013-01-03,1001.1816281637336,827.53559756556479
2013-01-04,1006.4108394300725,831.85784874193041
2013-01-07,1002.5206152950624,828.64234931238718
2013-01-08,1000.693827104444,827.13240125259142
2013-01-09,1003.3827925068854,829.35498957078073
2013-01-10,1008.7785821016566,833.81492754910414
2013-01-11,1007.904488760739,833.0924379080077
2013-01-14,1007.6267005759469,832.86282960814287
2013-01-15,1009.3261019048155,834.26748492205252
2013-01-16,1008.288292856919,833.40967460427328
2013-01-17,1016.1946162964834,839.94471670658061
2013-01-18,1018.8117394903003,842.10792320695361
2013-01-22,1025.7523455372727,847.84474299167425
2013-01-23,1025.2821063107256,847.45606256807014
2013-01-24,1026.2594097875924,848.26386146687241
2013-01-25,1031.0756113556063,852.24473579623123
2013-01-28,1032.3326941213022,853.28378875968554
2013-01-29,1035.4522970452881,855.86232435926786
2013-01-30,1027.5515234142549,849.3318695006634
2013-01-31,1029.8372956023968,851.22119487420423
2013-02-01,1040.0161547105454,859.63462158684456
2013-02-04,1027.4755024954216,849.26903373268237
2013-02-05,1036.9170582072838,857.07303575207095
2013-02-06,1039.6764000454536,859.35379434042557
2013-02-07,1037.3152752467113,857.40218559502978
2013-02-08,1043.4865521259489,862.50310949968548
2013-02-11,1043.3191727933745,862.36476062061524
2013-02-12,1047.4610636028319,865.78827738284576
2013-02-13,1049.9679100995882,867.86033369644679
2013-02-14,1051.6718875047059,869.26877140696354
2013-02-15,1051.3752172689221,869.02355597956966
2013-02-19,1059.9297184464622,876.09435516793951
2013-02-20,1042.8698623569021,861.99337907497056
2013-02-21,1034.7501651924574,855.28197101871774
2013-02-22,1045.4696841865068,864.14228497855947
2013-02-25,1024.3955061774575,846.72323532629241
2013-02-26,1030.6068904077958,851.85731031944806
2013-02-27,1042.1275567497214,861.37981975972275
2013-02-28,1041.5459731763513,860.89910667392053
2013-03-01,1045.5161700567,864.18070828886266
2013-03-04,1048.8139151076111,866.90648885110681
2013-03-05,1058.8037832415641,875.16370338968591
2013-03-06,1060.8144212248681,876.82561413414601
2013-03-07,1064.2892203889628,879.6977403515973
2013-03-08,1070.5518913848241,884.8742068778779
2013-03-11,1072.1917153478828,886.22961798910751
2013-03-12,1069.8298179924859,884.27737068012357
2013-03-13,1072.9050957024629,886.81926887902796
2013-03-14,1081.8135508952764,894.18263191325809
2013-03-15,1081.9410302406895,894.28800110234033
2013-03-18,1075.8804894749824,889.27860711923427
2013-03-19,1072.5759256925121,886.54719047364938
2013-03-20,1080.4912914616082,893.08970659401871
2013-03-21,1071.8424735089093,885.94094903456414
2013-03-22,1076.8294450102708,890.06297477428018
2013-03-25,1075.5378728529836,888.99541429682722
2013-03-26,1081.4978310661631,893.92167087472217
2013-03-27,1082.2095510487331,894.50994936936036
2013-03-28,1082.6364016707232,894.86276655517668
2013-04-01,1074.7428465061369,888.33827818434679
2013-04-02,1074.2378033664281,887.92083027613671
2013-04-03,1060.8642032717676,876.86676192868208
2013-04-04,1067.3685374630813,882.24297732293314
2013-04-05,1064.6272240057872,879.97712025346482
2013-04-08,1073.3574911108274,887.19320033568442
2013-04-09,1073.5440229740575,887.34737990966073
2013-04-10,1089.2847892879527,900.35805059246195
2013-04-11,1091.856434403679,902.48366678207617
2013-04-12,1087.925414830499,899.23444751953366
2013-04-15,1054.4129566961801,871.53442657634127
2013-04-16,1070.7221034026427,885.01489713818205
2013-04-17,1052.6344695426124,870.06440216919191
2013-04-18,1048.1205837202961,866.33340961376075
2013-04-19,1058.6279549992169,875.01837098894407
2013-04-22,1061.9807692877557,877.78966952034148
2013-04-23,1076.2632994125763,889.59502208486015
2013-04-24,1080.4194850336005,893.03035435099025
2013-04-25,1084.7620407527884,896.61973248273944
2013-04-26,1080.242379137836,892.88396589442959
2013-04-29,1088.2321783514894,899.4880056417694
2013-04-30,1093.226665965341,903.61624389124972
2013-05-01,1074.9153884096277,888.48089423241822
2013-05-02,1088.2923880804403,899.53777252983946
2013-05-03,1102.7693845885574,911.50386301660978
2013-05-06,1107.8893370697085,915.73580537033399
2013-05-07,1115.7812480847545,922.25893475470798
2013-05-08,1119.7486100081392,925.53819311070538
2013-05-09,1115.8272619764011,922.296967946937
2013-05-10,1120.9662753589519,926.54466525858925
2013-05-13,1119.3902271596485,925.24196857327865
2013-05-14,1131.4995665388424,935.25105095892422
2013-05-15,1136.4365180269347,939.33173221088032
2013-05-16,1131.9412048708505,935.616091058248
2013-05-17,1143.0903320112093,944.83150146020807
2013-05-20,1145.9247757541852,947.17433619730923
2013-05-21,1146.5505309171358,947.69155970414863
2013-05-22,1132.5919624394837,936.15398052633282
2013-05-23,1130.9486491168716,934.79568525386617
2013-05-24,1130.8607325564963,934.72301703735138
2013-05-28,1140.9647226715615,943.07456011650538
2013-05-29,1131.4000075808881,935.16875961492997
2013-05-30,1137.0737593329154,939.85844969160871
2013-05-31,1122.2769751039755,927.62803581415596
2013-06-03,1130.8848785358464,934.74297511177872
2013-06-04,1122.9072172775807,928.14896809964148
2013-06-05,1107.5696269359796,915.47154610995517
2013-06-06,1118.4976604359267,924.5042095929856
2013-06-07,1128.984292848161,933.17202907307842
2013-06-10,1132.559769678855,936.12737131312429
2013-06-11,1118.9877142131413,924.90926791003653
2013-06-12,1108.6323747223184,916.34996976425509
2013-06-13,1128.2590295203881,932.57255620576097
2013-06-14,1120.1720994926777,925.88823211840577
2013-06-17,1127.553448897085,931.98935225324067
2013-06-18,1138.8417593136835,941.31980583261634
2013-06-19,1123.1144734856448,928.32027756554135
2013-06-20,1094.8442950413585,904.95330962078833
2013-06-21,1098.5508869404675,908.01702618916647
2013-06-24,1084.0083293437592,895.99674560032247
2013-06-25,1095.7199828321509,905.67711716863914
2013-06-26,1103.348907314084,911.98287269026036
2013-06-27,1115.4341909546338,921.9720715907381
2013-06-28,1112.0510775937003,919.17572909101909
2013-07-01,1121.5120297394242,926.99576340568251
2013-07-02,1121.8322093955699,927.26041075399894
2013-07-03,1122.7259097392287,927.99910673795409
2013-07-05,1135.7885224789347,938.79612571556618
2013-07-08,1141.3558884498448,943.39788167672305
2013-07-09,1151.3062316905334,951.62242656251772
2013-07-10,1152.6859031727708,952.7628063221739
2013-07-11,1166.7349142778535,964.37514165974221
2013-07-12,1167.6939560113599,965.16784615181643
2013-07-15,1174.2744690898733,970.6070278842094
2013-07-16,1170.9842508548036,967.88746867868031
2013-07-17,1174.5579699927875,970.84135808215149
2013-07-18,1183.5416722417092,978.26691724123009
2013-07-19,1185.2324088341566,979.66441064002834
2013-07-22,1189.3061805246343,983.03162293736978
2013-07-23,1187.928069241505,981.89253277419107
2013-07-24,1180.8306195814766,976.0260725032656
2013-07-25,1186.8748261775927,981.0219653329217
2013-07-26,1184.1128197927587,978.73900433977474
2013-07-29,1177.3620802433352,973.15912040074568
2013-07-30,1177.3620802433352,973.15912040074568
2013-07-31,1177.1269682782759,972.96478651064331
2013-08-01,1188.4370404509702,982.31322746346677
2013-08-02,1188.8796970260721,982.67910920069494
2013-08-05,1188.835659531064,982.64270961672173
2013-08-06,1180.9530323735951,976.12725388756814
2013-08-07,1176.5001909300443,972.44671810745012
2013-08-08,1180.5251638019672,975.77359530640638
2013-08-09,1177.8854088781318,973.59168234788592
2013-08-12,1179.2060465098248,974.68326715224873
2013-08-13,1179.7079134011815,975.09808970407585
2013-08-14,1174.8641751759121,971.09445470524827
2013-08-15,1158.979366853039,957.96472481618412
2013-08-16,1154.5268802805499,954.28448235790484
2013-08-19,1145.2441760216891,946.61178042272252
2013-08-20,1154.7933201737171,954.50471062618806
2013-08-21,1147.7194195970417,948.65771505998362
2013-08-22,1159.3125495873032,958.24011997460673
2013-08-23,1162.2481713746545,960.66658432601298
2013-08-26,1159.4137967990314,958.3238067598038
2013-08-27,1140.3271674988432,942.54758320642816
2013-08-28,1142.6084509686968,944.43319838986326
2013-08-29,1146.9808476041273,948.04724179688321
2013-08-30,1137.9774133791423,940.60537299713246
2013-09-03,1142.1486644842662,944.05315777341286
2013-09-04,1150.437266733974,950.90417583321846
2013-09-05,1152.4245671998019,952.54679674461852
2013-09-06,1153.8542592979447,953.72852149014864
2013-09-09,1166.1372627352098,963.88114745073472
2013-09-10,1174.4804879730284,970.77731462817837
2013-09-11,1176.480302068082,972.43027879133956
2013-09-12,1171.8787013494562,968.62678470662479
2013-09-13,1175.0325900907615,971.23365955407689
2013-09-16,1180.2200861367073,975.52143064324912
2013-09-17,1187.0513580266577,981.16787930606699
2013-09-18,1199.3287043416794,991.31582932184529
2013-09-19,1196.8545084199704,989.27076063204026
2013-09-20,1191.7648750740398,985.06387882974502
2013-09-23,1189.1621721623305,982.91259154206534
2013-09-24,1188.6995168456053,982.53017966671439
2013-09-25,1186.4622634223294,980.68095791068606
2013-09-26,1190.1517126831311,983.73050507859125
2013-09-27,1185.2202161457317,979.65433266474645
2013-09-30,1182.2335079781469,977.18564241046238
2013-10-01,1191.6205485427447,984.94458444902534
2013-10-02,1188.4778851118849,982.34698798196484
2013-10-03,1178.0873258283498,973.75857860262852
2013-10-04,1185.1356036958148,979.58439549017828
2013-10-07,1175.7676980860126,971.84126961903735
2013-10-08,1163.747384436419,961.90577224361493
2013-10-09,1163.9117100098888,962.04159701088111
2013-10-10,1186.5858335133169,980.78309587068259
2013-10-11,1198.2129105010429,990.3935599786048
2013-10-14,1202.0502308486271,993.56533131115816
2013-10-15,1193.5597861913336,986.54747861048736
2013-10-16,1206.5944128844476,997.32136547186929
2013-10-17,1215.7492428820424,1004.8883717967514
2013-10-18,1224.9741930105956,1012.5133365408072
2013-10-21,1224.3383244363276,1011.9877537037098
2013-10-22,1229.6462154262908,1016.3750383068524
2013-10-23,1225.0918135542004,1012.6105568493904
2013-10-24,1229.4030017689577,1016.1740078907965
2013-10-25,1233.4046452591108,1019.4816019813331
2013-10-28,1234.4930300317917,1020.3812161151779
2013-10-29,1238.0069556855831,1023.285682681394
2013-10-30,1229.6476709270414,1016.3762413639695
2013-10-31,1224.740823671623,1012.3204430338271
2013-11-01,1224.8809773941946,1012.4362883423074
2013-11-04,1232.2207008248272,1018.5030021575365
2013-11-05,1227.9909093108174,1015.006830284563
2013-11-06,1230.4015413372495,1016.9993596702278
2013-11-07,1214.9845790894465,1004.2563321240862
2013-11-08,1231.3376182029451,1017.773082346144
2013-11-11,1230.458382832348,1017.0463425145888
2013-11-12,1228.8421328896723,1015.7104167200047
2013-11-13,1237.6217348442576,1022.9672749618016
2013-11-14,1241.8098419980713,1026.4289922553523
2013-11-15,1245.8741956210761,1029.7884199650878
2013-11-18,1241.0383567696847,1025.7913142641403
2013-11-19,1237.4009650228381,1022.7847956983458
2013-11-20,1235.0884166672151,1020.8733382449368
2013-11-21,1247.8739618886045,1031.4413445959817
2013-11-22,1253.7545154991674,1036.3019685919085
2013-11-25,1253.8013803700935,1036.3407051686452
2013-11-26,1256.8241775194874,1038.8392250924787
2013-11-27,1262.0351228987329,1043.1463784370765
2013-11-29,1261.3582746950581,1042.5869235220712
2013-12-02,1254.9740259517293,1037.3099658250869
2013-12-03,1249.7376941088025,1032.9818290726821
2013-12-04,1248.5886408357251,1032.0320688491402
2013-12-05,1246.0932915177252,1029.9695156311059
2013-12-06,1257.2261965089615,1039.1715174711323
2013-12-09,1258.4694905507927,1040.1991732419874
2013-12-10,1251.732482020906,1034.6306387995314
2013-12-11,1237.9257712204069,1023.2185789381638
2013-12-12,1237.1554882290402,1022.581894666675
2013-12-13,1238.3199159264364,1023.5443627576585
2013-12-16,1247.533625042247,1031.1600361424489
2013-12-17,1244.7254589577644,1028.8389214381689
2013-12-18,1262.6012970813501,1043.614354753619
2013-12-19,1257.397444475758,1039.3130640042968
2013-12-20,1268.8384374029943,1048.7697186735891
2013-12-23,1277.3435236849198,1055.7996735395895
2013-12-24,1281.3319900008839,1059.0963759193617
2013-12-26,1284.5905394858605,1061.7897590372606
2013-12-27,1284.5041582951403,1061.7183598942179
2013-12-30,1283.5714800326189,1060.9474463640449
2013-12-31,1287.9645835169656,1064.5786052015819
2014-01-02,1282.4554593597459,1060.0249895305976
2014-01-03,1282.9866047143269,1060.4640124571406
2014-01-06,1283.27490115095,1060.7023064462087
2014-01-07,1284.4895975305128,1061.7063245644454
2014-01-08,1282.7590003077648,1060.2758840064234
2014-01-09,1283.1877177976176,1060.6302442685096
2014-01-10,1285.6701698155646,1062.6821371082408
2014-01-13,1284.9120828907885,1062.0555336042876
2014-01-14,1285.646765952501,1062.6627924366439
2014-01-15,1286.1630934858861,1063.0895675610168
2014-01-16,1286.7074011752875,1063.5394699327119
2014-01-17,1286.8643619801555,1063.6692072848534
2014-01-21,1287.7549159575856,1064.405302611761
2014-01-22,1287.8704590489115,1064.5008057836483
2014-01-23,1287.9258133337134,1064.5465593610841
2014-01-24,1284.6630319335168,1061.8496783159437
2014-01-27,1282.6382610607807,1060.1760859057672
2014-01-28,1284.5128291553779,1061.7255268710244
2014-01-29,1283.3673997865653,1060.7787620178499
2014-01-30,1285.3292056364198,1062.4003101272019
2014-01-31,1284.7761958110323,1061.9432149274517
2014-02-03,1283.3725840708239,1060.7830471342074
2014-02-04,1282.0920257736429,1059.7245902609839
2014-02-05,1277.5383230351483,1055.9606866786262
2014-02-06,1277.1596570882361,1055.6476969654304
2014-02-07,1281.842831451411,1059.5186164730544
2014-02-10,1281.9767849401887,1059.6293369230341
2014-02-11,1280.0865053491834,1058.0669094803957
2014-02-12,1278.7154010716727,1056.9336110201593
2014-02-13,1284.0785901420104,1061.3666027444674
2014-02-14,1284.7200446696761,1061.8968027011292
2014-02-18,1288.2681412701877,1064.8295135678975
2014-02-19,1284.0766210287875,1061.3649751563837
2014-02-20,1284.2916210435492,1061.5426853347244
2014-02-21,1286.3936914902281,1063.2801703966586
2014-02-24,1287.2492886228465,1063.987371831942
2014-02-25,1290.2371232111063,1066.4569931392739
2014-02-26,1294.5073093511094,1069.9865535503702
2014-02-27,1297.3193009097879,1072.3108302344403
2014-02-28,1296.5482429980459,1071.6735054456092
2014-03-03,1300.1794405147193,1074.6749041152495
2014-03-04,1296.4248074848165,1071.5714787220581
2014-03-05,1297.8030195290225,1072.7106521702024
2014-03-06,1293.518680514924,1069.1693935748883
2014-03-07,1288.6151168016258,1065.1163092857494
2014-03-10,1288.9898520971678,1065.4260500840242
2014-03-11,1288.7111384132465,1065.1956768046059
2014-03-12,1292.616470984221,1068.4236642465457
2014-03-13,1296.8963303127173,1071.9612201178013
2014-03-14,1297.833860179876,1072.7361437850261
2014-03-17,1295.1069324929701,1070.4821774022821
2014-03-18,1299.8735181145321,1074.4220412289101
2014-03-19,1289.5104572803855,1065.8563609379894
2014-03-20,1289.6210671480426,1065.947786509887
2014-03-21,1291.6530896720028,1067.6273728370115
2014-03-24,1291.1542977228037,1067.2150919060296
2014-03-25,1291.7357901530142,1067.6957296566413
2014-03-26,1292.9817905501855,1068.7256223896222
2014-03-27,1294.1947706333458,1069.7282218877713
2014-03-28,1292.2259965742087,1068.1009141429342
2014-03-31,1295.2088803539013,1070.566443315322
2014-04-01,1295.5441643446279,1070.8435752860003
2014-04-02,1291.4582768883752,1067.4663485944786
2014-04-03,1292.2166443286412,1068.09318396101
2014-04-04,1295.970483578795,1071.1959532484755
2014-04-07,1295.7816982692227,1071.039911068342
2014-04-08,1298.5522037195944,1073.3298970398555
2014-04-09,1300.3569070037722,1074.8215906234061
2014-04-10,1301.1250133304516,1075.4564757532985
2014-04-11,1301.3949393796863,1075.6795855349487
2014-04-14,1300.9648294821097,1075.3240743658487
2014-04-15,1302.4363948118671,1076.5404098041561
2014-04-16,1301.9969386425789,1076.1771733908761
2014-04-17,1297.7963404015711,1072.705131477881
2014-04-21,1298.0663841925339,1072.9283385800059
2014-04-22,1299.0169035162121,1073.7139987982825
2014-04-23,1300.4161976993792,1074.870597876275
2014-04-24,1300.1460319014811,1074.6472899282305
2014-04-25,1299.3693001635741,1074.0052753878158
2014-04-28,1297.6179326782606,1072.5576669841598
2014-04-29,1298.6496830554884,1073.4104694537016
2014-04-30,1302.8738894648232,1076.9020249086298
2014-05-01,1305.8043327348068,1079.3242089103535
2014-05-02,1307.7768021898578,1080.9545711176174
2014-05-05,1306.0220295951892,1079.5041481904773
2014-05-06,1305.0869170273604,1078.7312225635569
2014-05-07,1306.9995959096157,1080.312164340007
2014-05-08,1306.9745618612324,1080.2914722242053
2014-05-09,1307.1033340805734,1080.3979100497552
2014-05-12,1307.3789173752484,1080.6256958780432
2014-05-13,1310.2259483426919,1082.9789346977091
2014-05-14,1312.7745404348304,1085.0854962052219
2014-05-15,1314.8516547619126,1086.8023535640873
2014-05-16,1314.0734736980537,1086.1591410703904
2014-05-19,1314.0264502608727,1086.1202734293029
2014-05-20,1314.4743034214598,1086.4904504505769
2014-05-21,1313.1404124199198,1085.3879109552497
2014-05-22,1312.6979934191922,1085.0222255872382
2014-05-23,1316.2881298853088,1087.9896848795931
2014-05-27,1319.2089493798642,1090.403914263967
2014-05-28,1324.5012691290281,1094.7783283192521
2014-05-29,1323.664995890251,1094.0870992206428
2014-05-30,1322.4152416312695,1093.0541036997272
2014-06-02,1317.2587539651181,1088.7919628632294
2014-06-03,1312.2615902252078,1084.6615126379047
2014-06-04,1312.1614131174738,1084.5787103567011
2014-06-05,1316.9554526252452,1088.541266437652
2014-06-06,1317.682432340187,1089.1421580000808
2014-06-09,1317.6248397989859,1089.0945543718706
2014-06-10,1315.4019134175728,1087.2571747599807
2014-06-11,1315.2496068027274,1087.1312843700814
2014-06-12,1318.1184327031276,1089.5025379858253
2014-06-13,1316.0382192765028,1087.7831190386125
2014-06-16,1316.6309435930707,1088.2730406049945
2014-06-17,1312.5623270069632,1084.9100893051141
2014-06-18,1319.6794425510834,1090.7928045878034
2014-06-19,1317.5936280009128,1089.0687559820051
2014-06-20,1318.8621846362103,1090.117292774637
2014-06-23,1318.3840383279539,1089.7220766821756
2014-06-24,1320.9367403672588,1091.8320353031479
2014-06-25,1323.5011672449109,1093.9516851937508
2014-06-26,1325.7508255718178,1095.8111603334314
2014-06-27,1326.7065467680111,1096.6011202057955
2014-06-30,1328.1581457075931,1097.8009522463574
2014-07-01,1325.1424610515428,1095.308311217286
2014-07-02,1320.8556755860493,1091.7650304857677
2014-07-03,1319.8980432617286,1090.9734909534168
2014-07-07,1320.2825853244408,1091.2913376224965
2014-07-08,1323.7783096079829,1094.1807596839171
2014-07-09,1324.6123985709844,1094.8701833499172
2014-07-10,1324.8856913814748,1095.0960759580892
2014-07-11,1325.8581521429205,1095.8998720673007
2014-07-14,1324.3733312079389,1094.6725800903578
2014-07-15,1322.6728265054949,1093.2670127731858
2014-07-16,1323.903171679314,1094.2839655417813
2014-07-17,1327.9324752265284,1097.614422298996
2014-07-18,1327.0085851024205,1096.8507726829512
2014-07-21,1327.439372231031,1097.2068436233978
2014-07-22,1328.9472987373044,1098.4532337162148
2014-07-23,1328.9716192086835,1098.473336018584
2014-07-24,1324.9646690606589,1095.1613556626892
2014-07-25,1327.5480332203176,1097.2966583325092
2014-07-28,1326.0303058924085,1096.0421672832213
2014-07-29,1326.9275068659947,1096.7837567440415
2014-07-30,1320.6272506545326,1091.5762238228363
2014-07-31,1317.1568964711412,1088.7077716438002
2014-08-01,1322.5695246726432,1093.1816277225873
2014-08-04,1323.749061113753,1094.156584080341
2014-08-05,1324.4807414832967,1094.7613610107244
2014-08-06,1325.3333310160035,1095.4660764874964
2014-08-07,1329.4325741026053,1098.8543423943122
2014-08-08,1328.1501271031204,1097.7943243973668
2014-08-11,1329.2247567161414,1098.6825690814048
2014-08-12,1327.6648156078045,1097.3931858556832
2014-08-13,1331.6075068012015,1100.652052399937
2014-08-14,1333.6902903819482,1102.373595730945
2014-08-15,1338.075372558392,1105.9981244849466
2014-08-18,1335.4403705079201,1103.8201400562639
2014-08-19,1334.3496831899583,1102.9186227330965
2014-08-20,1330.6384303941045,1099.8510536589749
2014-08-21,1333.4451814293627,1102.1709987417071
2014-08-22,1333.4549832704131,1102.179100540784
2014-08-25,1334.3864526956963,1102.9490148957639
2014-08-26,1335.3286491261179,1103.7277957524436
2014-08-27,1338.2686145211917,1106.1578503515243
2014-08-28,1339.6097200882782,1107.2663531103024
2014-08-29,1340.5181065209658,1108.0171880120308
2014-09-02,1334.2924464212915,1102.8713131718448
2014-09-03,1335.3424594385588,1103.7392107892729
2014-09-04,1331.3227047619398,1100.4166467361508
2014-09-05,1331.4939581654326,1100.5581977630652
2014-09-08,1329.7710555685765,1099.1341172666507
2014-09-09,1326.0265940782422,1096.0390992501414
2014-09-10,1323.6946472912705,1094.1116078504167
2014-09-11,1323.536824295657,1093.9811578468302
2014-09-12,1317.6201396496142,1089.090669421518
2014-09-15,1317.7288738553334,1089.1805446483245
2014-09-16,1317.9445217012953,1089.3587902973175
2014-09-17,1315.2089219456755,1087.0976559388903
2014-09-18,1315.667578990214,1087.4767630067317
2014-09-19,1317.8806836927447,1089.3060244224082
2014-09-22,1318.5211719428844,1089.8354256937689
2014-09-23,1318.2376076209359,1089.6010430762592
2014-09-24,1316.627946693809,1088.2705634912002
2014-09-25,1319.4505511389978,1090.6036123512004
2014-09-26,1316.8810670957898,1088.4797824153363
2014-09-29,1318.8359576917228,1090.095614659929
2014-09-30,1316.7916277381528,1088.405855517173
2014-10-01,1325.9712274334934,1095.9933354564812
2014-10-02,1322.3829583090119,1093.0274196319967
2014-10-03,1323.2690428697897,1093.7598207227377
2014-10-06,1325.4278845536207,1095.544230556701
2014-10-07,1331.6167209576333,1100.6596684430549
2014-10-08,1338.126260087296,1106.0401860254858
2014-10-09,1334.6730984338781,1103.1859444853239
2014-10-10,1337.8964536951692,1105.8502375039752
2014-10-13,1343.0118972574999,1110.0784529706639
2014-10-14,1344.7330301647735,1111.501070714382
2014-10-15,1348.9350432185151,1114.9742820534516
2014-10-16,1346.4744911728203,1112.9404908309639
2014-10-17,1344.2712639323577,1111.1193937195908
2014-10-20,1344.3022686716063,1111.1450209631396
2014-10-21,1342.8413065629379,1109.9374497117224
2014-10-22,1342.1123892026135,1109.3349565712333
2014-10-23,1338.2357742313386,1106.1307059172643
2014-10-24,1339.2698293006315,1106.9854133505723
2014-10-27,1340.8157774939427,1108.2632306076705
2014-10-28,1337.4688464335659,1105.4967949109432
2014-10-29,1332.549697391918,1101.4308284297563
2014-10-30,1334.4800213723702,1103.0263549193785
2014-10-31,1333.8599380108062,1102.5138194905239
2014-11-03,1330.9341559800039,1100.0954882775879
2014-11-04,1330.3974203957632,1099.6518446968983
2014-11-05,1331.4081920807664,1100.4873070414137
2014-11-06,1328.8242329457798,1098.3515125894339
2014-11-07,1335.3359993569261,1103.7338711512255
2014-11-10,1332.096102417551,1101.0559054611299
2014-11-11,1331.852156204307,1100.8542695444571
2014-11-12,1332.6472056947941,1101.5114247865195
2014-11-13,1332.3662416062896,1101.2791914151367
2014-11-14,1333.9144557787624,1102.5588816375057
2014-11-17,1330.4001638071416,1099.654112288023
2014-11-18,1332.0843083313466,1101.0461569540653
2014-11-19,1327.7163348278441,1097.4357695261606
2014-11-20,1331.5866763749898,1100.6348348255053
2014-11-21,1334.3302205298462,1102.9025356979241
2014-11-24,1336.3500234508704,1104.5720218033373
2014-11-25,1340.5341160550465,1108.0304208351063
2014-11-26,1342.9149137992138,1109.998290428874
2014-11-28,1344.4429393048631,1111.2612935287532
2014-12-01,1338.5284766178331,1106.3726416834656
2014-12-02,1334.8021073597456,1103.2925779627626
2014-12-03,1336.3232231980428,1104.5498698155111
2014-12-04,1339.4037884682307,1107.0961384944324
2014-12-05,1335.0753463260883,1103.518426065574
2014-12-08,1335.8432541544421,1104.1531471249064
2014-12-09,1341.1522023816792,1108.5413055969402
2014-12-10,1341.4807122027919,1108.812838317351
2014-12-11,1339.3633341242125,1107.062700595844
2014-12-12,1346.89572422877,1113.2886647675043
2014-12-15,1340.1505495508104,1107.7133805225797
2014-12-16,1343.7318453083378,1110.6735324484594
2014-12-17,1342.8609089841646,1109.9536522676892
2014-12-18,1339.6316310660341,1107.2844638242429
2014-12-19,1344.3140240685884,1111.1547374912823
2014-12-22,1346.3539430711282,1112.8408507231525
2014-12-23,1339.9514094140395,1107.5487794677397
2014-12-24,1341.2412021592897,1108.6148691563149
2014-12-26,1342.9597958178585,1110.0353880613857
2014-12-29,1346.12459112996,1112.6512778321319
2014-12-30,1347.0040015427498,1113.3781623463715
2014-12-31,1346.9948484063368,1113.3705967398942
2015-01-02,1351.3304665773032,1116.9542405793313
2015-01-05,1354.6844377219211,1119.7264953204312
2015-01-06,1358.3226282470821,1122.7336741235606
2015-01-07,1359.2417422797,1123.4933760186188
2015-01-08,1358.7708773748705,1123.1041784350539
2015-01-09,1361.6624467821048,1125.4942308990678
2015-01-12,1363.7814850618774,1127.2457408746673
2015-01-13,1364.8796405891676,1128.1534311128139
2015-01-14,1368.2996636068945,1130.9802816183046
2015-01-15,1373.9510385372173,1135.6514759335751
2015-01-16,1370.1790935532199,1132.5337411904377
2015-01-20,1371.0162070575818,1133.2256648180544
2015-01-21,1367.9407056566527,1130.6835817253998
2015-01-22,1367.6822508882778,1130.4699536331793
2015-01-23,1374.1370436179436,1135.805220090778
2015-01-26,1373.7293241768739,1135.4682159530537
2015-01-27,1374.5735546751841,1136.1660221954471
2015-01-28,1380.0040957876142,1140.6546843504063
2015-01-29,1378.7151371841903,1139.589284129192
2015-01-30,1384.761992963666,1144.5873666649641
2015-02-02,1383.9537578790414,1143.9193127525537
2015-02-03,1375.2281008655998,1136.7070431826314
2015-02-04,1376.3564785353001,1137.6397138019349
2015-02-05,1373.1441673469099,1134.9845493601676
2015-02-06,1360.8015838765421,1124.7826769922267
2015-02-09,1360.4094789128985,1124.4585791399795
2015-02-10,1356.0573693835413,1120.8613042212887
2015-02-11,1355.3370287215585,1120.2659002272521
2015-02-12,1358.0126604395796,1122.4774674697505
2015-02-13,1354.1134032059617,1119.2545016520476
2015-02-17,1346.7657239648329,1113.1812118907483
2015-02-18,1352.8583648837275,1118.2171385415572
2015-02-19,1349.6007736397551,1115.5245474663
2015-02-20,1350.2409696081681,1116.0537071495951
2015-02-23,1354.955947790673,1119.9509143875302
2015-02-24,1363.1628170529998,1126.7343753181894
2015-02-25,1363.8684017514279,1127.3175826390407
2015-02-26,1357.0389970838442,1121.6726773455111
2015-02-27,1360.2038769683722,1124.2886370203501
2015-03-02,1357.5490896916222,1123.356240603224
2015-03-03,1353.0269307468971,1120.5835920786403
2015-03-04,1349.9923430968001,1117.7467863207585
2015-03-05,1351.1838997287266,1118.4800801678837
2015-03-06,1334.245200083144,1109.0453191952784
2015-03-09,1340.0414780659444,1111.7865896419285
2015-03-10,1329.2549141616391,1101.0131130167033
2015-03-11,1328.3593726539402,1099.4831720627944
2015-03-12,1338.9095068731717,1107.7711406206172
2015-03-13,1333.194928579092,1103.7234379381127
2015-03-16,1345.6876502374212,1112.4894478441397
2015-03-17,1344.4026965186806,1110.514057040737
2015-03-18,1360.2716515092843,1118.4834547824021
2015-03-19,1353.9874183784459,1115.4234657588095
2015-03-20,1363.3536273068742,1121.3180718770814
2015-03-23,1362.468864605436,1120.0052338092255
2015-03-24,1359.5559423624807,1116.2276172903903
2015-03-25,1345.3085997420026,1106.4309530408307
2015-03-26,1340.3268199113536,1104.8623793208224
2015-03-27,1344.2711930609776,1106.3678202258513
2015-03-30,1353.9608377906156,1114.4041249746456
2015-03-31,1348.3119210250447,1108.5776617950564
2015-04-01,1347.9818639791338,1106.2774038661403
2015-04-02,1349.3367253231449,1107.3893272015382
2015-04-06,1355.481923437563,1112.43263972519
2015-04-07,1353.7747103851484,1111.0315442995466
2015-04-08,1356.0201351260307,1112.8743455413878
2015-04-09,1357.4320163858397,1114.0330646431851
2015-04-10,1361.7501120336829,1117.5768895050717
2015-04-13,1359.1234102270164,1115.4211773749162
2015-04-14,1362.2859114963451,1118.0166156277935
2015-04-15,1366.2682942961778,1121.2849237725302
2015-04-16,1366.4319597414624,1121.4192426300388
2015-04-17,1358.044883236335,1114.5360393243727
2015-04-20,1364.4938725815705,1119.828670761822
2015-04-21,1362.3686024730218,1118.0844794184318
2015-04-22,1363.2647717532036,1118.8199580262651
2015-04-23,1366.9862117236203,1121.8741125806621
2015-04-24,1370.8003903566544,1125.0043769772312
2015-04-27,1366.5043081721374,1121.4786183799652
2015-04-28,1366.6385424544892,1121.588783329033
2015-04-29,1361.2354765170044,1117.1545324552167
2015-04-30,1352.8170907684973,1110.2456339162477
2015-05-01,1358.6344877141182,1115.019922771487
2015-05-04,1359.8619619633459,1116.0273005871943
2015-05-05,1349.5319287393004,1107.5495290070828
2015-05-06,1343.5629179367081,1102.6508119317295
2015-05-07,1349.0621603218206,1107.1639940090272
2015-05-08,1361.8364555618982,1117.6477509141064
2015-05-11,1352.6118951849103,1110.077231622744
2015-05-12,1350.5615573203527,1108.3945365431859
2015-05-13,1350.012406750122,1107.9438532785214
2015-05-14,1360.353795101669,1116.4309439164842
2015-05-15,1365.0795879456632,1120.3093624459668
2015-05-18,1364.0206065640141,1119.4402653127345
2015-05-19,1361.3795434053709,1117.2727669415283
2015-05-20,1361.9542757937352,1117.7444449896593
2015-05-21,1367.5436890709548,1122.331629561419
2015-05-22,1364.3484072019978,1119.7092885455127
2015-05-26,1358.7580612673642,1115.1213385496396
2015-05-27,1366.2431472225635,1121.2642857802421
2015-05-28,1365.8125899199681,1120.9109310151232
2015-05-29,1360.9755123271891,1116.9411820261846
2015-06-01,1360.2112080973266,1116.3139239585721
2015-06-02,1355.6249459669175,1112.5500171148246
2015-06-03,1353.201369798818,1110.5610084916652
2015-06-04,1348.8794162955353,1107.0140175201932
2015-06-05,1343.6113547999971,1102.6905636589613
2015-06-08,1339.3873449312769,1099.2239542064583
2015-06-09,1337.5378013706372,1097.706049327114
2015-06-10,1345.1664632782204,1103.9668281369868
2015-06-11,1351.9781148850441,1109.5570934491575
2015-06-12,1345.4063366565447,1104.1636902056248
2015-06-15,1343.201114637176,1102.3538829999593
2015-06-16,1349.6495776638801,1107.6460824922069
2015-06-17,1351.270337034704,1108.9762261068649
2015-06-18,1359.3316873161029,1115.5921086341241
2015-06-19,1358.5346837179293,1114.938014469343
2015-06-22,1358.1928363908182,1114.6574632366737
2015-06-23,1357.1442790579245,1113.7969210327792
2015-06-24,1352.7406127172694,1110.1828690213881
2015-06-25,1348.9275144864405,1107.0534913018423
2015-06-26,1346.2223081189479,1104.833351137406
2015-06-29,1335.2934309629936,1095.8641133677145
2015-06-30,1335.4854762744144,1096.0217233432049
2015-07-01,1331.9758211265353,1095.1196365424373
2015-07-02,1334.9011938360125,1094.8172399763762
2015-07-06,1340.3435840257662,1093.8781173015718
2015-07-07,1345.3636439005163,1095.9480727961229
2015-07-08,1342.3201423246182,1090.3918352164792
2015-07-09,1336.4498938415486,1090.9812204296777
2015-07-10,1334.9640832837217,1095.0891017451463
2015-07-13,1336.9226883656363,1098.735583569342
2015-07-14,1341.6294008047028,1100.184643452606
2015-07-15,1345.0549466048967,1100.0736827723954
2015-07-16,1347.983109432801,1102.7646799382883
2015-07-17,1348.4218377385832,1103.0517000542686
2015-07-20,1346.7665274236233,1103.2275223618037
2015-07-21,1347.7154005221382,1101.8909437448006
2015-07-22,1348.1346247175852,1101.2868203897933
2015-07-23,1349.6503361723562,1099.393144611327
2015-07-24,1346.3032382485824,1095.9230570865109
2015-07-27,1347.0686423308312,1093.9974214090739
2015-07-28,1349.3341649042982,1098.0428582833558
2015-07-29,1350.7969809710603,1100.3368781007946
2015-07-30,1351.9629254814643,1100.4184172522719
2015-07-31,1356.8612802041787,1099.9106364552611
2015-08-03,1355.4023651639002,1096.2146975769315
2015-08-04,1350.5747210804657,1092.3102227619629
2015-08-05,1350.1812721080516,1091.9920113161279
2015-08-06,1347.0032012548813,1089.4216690556107
2015-08-07,1348.3933600665812,1090.5459938764302
2015-08-10,1354.0235539351165,1095.0995503903659
2015-08-11,1352.3703181838962,1093.7624556828264
2015-08-12,1352.9201192854493,1094.2071207238187
2015-08-13,1350.2974078028351,1092.0859388898191
2015-08-14,1352.0429697374652,1093.4977046484255
2015-08-17,1357.0218212408477,1097.5244721496026
2015-08-18,1353.9736478129548,1095.0591875977229
2015-08-19,1352.7740954122833,1094.0890203574063
2015-08-20,1340.6164337739133,1084.2562151929142
2015-08-21,1323.5881151272822,1070.484147462161
2015-08-24,1297.9132876032998,1049.7190049384951
2015-08-25,1286.9699698708569,1040.8683300047032
2015-08-26,1305.9123654802711,1056.1884541302397
2015-08-27,1321.0179492924499,1068.405463201482
2015-08-28,1321.1777809703849,1068.534730966534
2015-08-31,1314.8459509887609,1063.4137091454045
2015-09-01,1317.8103527266551,1065.8112413012593
2015-09-02,1314.2272820016715,1062.9133455234917
2015-09-03,1317.438945734106,1065.5108568438618
2015-09-04,1321.5166597365605,1068.8088074280524
2015-09-08,1315.709756287411,1064.1123327339137
2015-09-09,1316.204642155994,1064.5125837418113
2015-09-10,1313.2392084022904,1062.1142169180177
2015-09-11,1316.6984363645727,1064.9119518430739
2015-09-14,1317.9333464204649,1065.9107154488102
2015-09-15,1307.5563903069547,1057.5180992780652
2015-09-16,1307.1861962699661,1057.2186958280402
2015-09-17,1318.0576743653908,1066.0112687044709
2015-09-18,1324.2346505559728,1071.0070487478974
2015-09-21,1316.6984363645724,1064.9119518430739
2015-09-22,1323.2463343654799,1070.2077239409493
2015-09-23,1321.7630110108482,1069.0080500253664
2015-09-24,1323.7406137562825,1070.6074844451607
2015-09-25,1320.2811432028884,1067.8095533186302
2015-09-28,1327.8167509165087,1073.9041597197674
2015-09-29,1332.3886230142098,1077.6017727074325
2015-09-30,1332.6353381751651,1077.8013096069578
2015-10-01,1333.6749623858568,1078.6421310257542
2015-10-02,1340.1081147907644,1083.8450998262103
2015-10-05,1332.6853119442476,1077.8417271106966
2015-10-06,1335.4073055170086,1080.0432057548701
2015-10-07,1332.0657342440709,1077.3406285449269
2015-10-08,1328.6015331639917,1074.5388714896442
2015-10-09,1329.3439832624219,1075.1393461022276
2015-10-12,1333.7981986707784,1078.7418013747795
2015-10-13,1335.0352920466792,1079.7423307937859
2015-10-14,1342.3353437904987,1085.6464255632231
2015-10-15,1337.7572856194404,1081.9438094379595
2015-10-16,1336.6437924151294,1081.0432446701902
2015-10-19,1336.025670261625,1080.5433233132671
2015-10-20,1331.4467630216745,1076.8400204828429
2015-10-21,1336.0256702616252,1080.5433233132671
2015-10-22,1337.3864851046717,1081.6439154842481
2015-10-23,1329.8394756087853,1075.5400876138112
2015-10-26,1333.303555393308,1078.3417465683563
2015-10-27,1336.6437924151292,1081.0432446701898
2015-10-28,1329.7150263683029,1075.439436257413
2015-10-29,1321.5491669455757,1068.8350984256297
2015-10-30,1324.1471964600789,1070.9363181163542
2015-11-02,1327.0190398036352,1073.2589914148946
2015-11-03,1327.2260677202435,1073.4264302882709
2015-11-04,1324.5127669437325,1071.2319821549311
2015-11-05,1323.4130228788924,1070.342537338812
2015-11-06,1318.6127546677951,1066.4602034278189
2015-11-09,1311.2732483172413,1060.524198783572
2015-11-10,1314.035237903518,1062.758025178485
2015-11-11,1311.1206497884962,1060.4007810042185
2015-11-12,1302.2788337502293,1053.2497467847618
2015-11-13,1297.4448630173988,1049.340155137897
2015-11-16,1308.0945244767427,1057.9533284036377
2015-11-17,1307.4329777301471,1057.4182863486797
2015-11-18,1317.4803083796119,1065.5443098915312
2015-11-19,1318.330057579627,1066.2315652676853
2015-11-20,1319.8791664347432,1067.4844448101521
2015-11-23,1319.9821285716948,1067.5677179478719
2015-11-24,1321.4893928838937,1068.7867546963917
2015-11-25,1321.7654675875406,1069.0100368416392
2015-11-27,1323.2078240963579,1070.1765778221986
2015-11-30,1320.6913268690441,1068.1412993558968
2015-12-01,1327.7721479492866,1073.8680859829335
2015-12-02,1311.4952333404963,1060.7037345814933
2015-12-03,1293.3257671833667,1046.0087359888328
2015-12-04,1311.0326531051719,1060.3296115418675
2015-12-07,1296.5241434143054,1048.5955007185166
2015-12-08,1285.9797160183693,1040.0674380663904
2015-12-09,1275.5800868550321,1031.6564845139953
2015-12-10,1278.2630979480327,1033.8264351275561
2015-12-11,1252.9466441131244,1013.351136059446
2015-12-14,1252.3303323199812,1012.8526788755883
2015-12-15,1268.3426426013575,1025.803025078123
2015-12-16,1286.4951144038037,1040.4842790722357
2015-12-17,1269.9596133942769,1027.1107896167637
2015-12-18,1249.1500063843691,1010.2805127621839
2015-12-21,1257.8223220968391,1017.2944594619796
2015-12-22,1271.2394764901323,1028.1459100891948
2015-12-23,1288.1260549779295,1041.8033420119077
2015-12-24,1287.9410277727843,1041.6536967501427
2015-12-28,1283.5344912766855,1038.0898029599407
2015-12-29,1296.656235041949,1048.7023330417965
2015-12-30,1285.5495424352171,1039.7195246965446
2015-12-31,1270.5359889724634,1027.5769474134236
2016-01-04,1261.455036884071,1020.2325060850479
2016-01-05,1262.3318496330116,1020.9416497660061
2016-01-06,1258.2769356442896,1017.662139248618
2016-01-07,1244.8280296093335,1006.7850087073363
2016-01-08,1239.8267530334315,1002.7401043822003
2016-01-11,1238.3764217073642,1001.5671135738222
2016-01-12,1246.0765415779065,1007.7947731914678
2016-01-13,1233.5819276670034,997.68944966414392
2016-01-14,1241.8988128143446,1004.4159332316065
2016-01-15,1232.091686132311,996.48418050182249
2016-01-19,1232.0281271161421,996.43277559839407
2016-01-20,1227.7172676321447,992.94626292363182
2016-01-21,1229.3302727758498,994.25082014681675
2016-01-22,1239.7963884419087,1002.7155462787402
2016-01-25,1233.0034071441796,997.22155709123047
2016-01-26,1241.4422350409141,1004.0466648293329
2016-01-27,1235.487482036036,999.23061320351292
2016-01-28,1239.3745527840351,1002.3743764091813
2016-01-29,1257.1879270539148,1016.7813770091245
2016-02-01,1251.5277458567537,1012.2035675122921
2016-02-02,1260.3925309047811,1019.3731784782083
2016-02-03,1259.0111735141061,1018.2559720211564
2016-02-04,1262.004544577047,1020.6769338247021
2016-02-05,1263.6171191838496,1021.981142840674
2016-02-08,1273.0580961882245,1029.6167630946125
2016-02-09,1273.287854974556,1029.8025861128892
2016-02-10,1277.0878499016205,1032.8759246261079
2016-02-11,1282.9599370081512,1037.6251181918522
2016-02-12,1273.1733121421125,1029.709946805438
2016-02-16,1269.373317215048,1026.6366082922193
2016-02-17,1266.2650667589412,1024.1227349795352
2016-02-18,1272.136592930935,1028.8714748758011
2016-02-19,1272.136592930935,1028.8714748758011
2016-02-22,1270.8703393072406,1027.8473613956789
2016-02-23,1273.4031831153516,1029.8958605576104
2016-02-24,1273.4031831153516,1029.8958605576104
2016-02-25,1277.2027292947864,1032.9688361352464
2016-02-26,1270.9856674480361,1027.9406358404001
2016-02-29,1273.0580961882245,1029.6167630946127
2016-03-01,1263.1072296897687,1021.568757284977
2016-03-02,1260.9167803230075,1019.797177972548
2016-03-03,1262.4160461533481,1021.0097457539208
2016-03-04,1258.149578065362,1017.5591357026186
2016-03-07,1255.6133686500298,1015.5079145238183
2016-03-08,1262.8766855950853,1021.3822991294307
2016-03-09,1257.9185852230489,1017.3723146114897
2016-03-10,1253.4230314701756,1013.7364259452847
2016-03-11,1249.8483078531474,1010.8452810945173
2016-03-14,1250.770708605696,1011.5912951844938
2016-03-15,1250.5398279502901,1011.4045648272604
2016-03-16,1257.1121857327403,1016.7201193696083
2016-03-17,1258.4950015532115,1017.8385053673036
2016-03-18,1260.6861240414169,1019.6106290831063
2016-03-21,1257.1121857327403,1016.7201193696084
2016-03-22,1254.4599750551679,1014.575079342713
2016-03-23,1260.2248114782351,1019.2375313042226
2016-03-24,1258.956538490208,1018.2117846139789
2016-03-28,1260.8019009298418,1019.70426646341
2016-03-29,1269.3333786760177,1026.6043070253709
2016-03-30,1267.6040174986233,1025.2056440240344
2016-03-31,1272.2162456351807,1028.9358959417082
2016-04-01,1272.4955613142811,1029.1617993048444
2016-04-04,1267.4354463584807,1025.0693080059186
2016-04-05,1258.6393870087895,1017.9552806235595
2016-04-06,1266.8000508282507,1024.5554163845709
2016-04-07,1256.6374740175463,1016.3361846999621
2016-04-08,1260.0559035303231,1019.1009228846145
2016-04-11,1258.9940946301901,1018.2421590575327
2016-04-12,1267.4664790342213,1025.0944064387725
2016-04-13,1279.8609407358381,1035.1187294258611
2016-04-14,1279.1096994542459,1034.5111447296308
2016-04-15,1279.9280068199796,1035.1729707559889
2016-04-18,1285.9517731718142,1040.044838608198
2016-04-19,1289.3743199244966,1042.8129067109721
2016-04-20,1288.3800533979838,1042.0087694247425
2016-04-21,1281.3834037640133,1036.3500585063598
2016-04-22,1284.3717564451681,1038.7669615713248
2016-04-25,1281.0112688921167,1036.0490853587996
2016-04-26,1285.4215847342598,1039.6160357872277
2016-04-27,1290.1067954368173,1043.4053141339327
2016-04-28,1282.2442715769066,1037.0463063316693
2016-04-29,1276.5998037495444,1032.4812054056379
2016-05-02,1285.8392000147901,1039.9537923237483
2016-05-03,1270.3978423054309,1027.4652179294608
2016-05-04,1264.4329434742585,1022.6409606193447
2016-05-05,1261.8974355196519,1020.5903067640029
2016-05-06,1269.4405265015062,1026.6909654407114
2016-05-09,1268.9605963003241,1026.3028101933337
2016-05-10,1283.7045417201766,1038.2273354006952
2016-05-11,1271.7838817024722,1028.5862110732744
2016-05-12,1270.0262155832511,1027.1646557603692
2016-05-13,1259.1045895267932,1018.331524498214
2016-05-16,1272.3808463449047,1029.0690207774535
2016-05-17,1255.9660466769897,1015.7931514738216
2016-05-18,1258.6303270951257,1017.9479531975695
2016-05-19,1251.0771147730802,1011.8391086402975
2016-05-20,1264.5089354832762,1022.7024210087648
2016-05-23,1262.1029638553855,1020.7565328147982
2016-05-24,1282.0464082752374,1036.8862795639907
2016-05-25,1290.288709972232,1043.552441948189
2016-05-26,1289.4694385346488,1042.8898362052255
2016-05-27,1297.9447123978061,1049.7444205069573
2016-05-31,1297.3789315154218,1049.286831428748
2016-06-01,1302.8585992692038,1053.7186462786565
2016-06-02,1307.5829364922661,1057.5395691524368
2016-06-03,1302.8228023397078,1053.6896946394604
2016-06-06,1312.6256663136337,1061.6179998001685
2016-06-07,1315.8558330801925,1064.2304759003546
2016-06-08,1323.8818293539093,1070.7216960015398
2016-06-09,1319.4361789867758,1067.1261679148299
2016-06-10,1305.5216944636854,1055.8724894238867
2016-06-13,1293.9511949626585,1046.5145659486695
2016-06-14,1289.6034406509541,1042.9982136827741
2016-06-15,1288.6397708175607,1042.2188222178274
2016-06-16,1290.6235659110826,1043.8232648500614
2016-06-17,1289.0283008725887,1042.5330553693393
2016-06-20,1298.9872484843329,1050.5875969763051
2016-06-21,1301.0213831118035,1052.232752933528
2016-06-22,1296.6833891225756,1048.7242945663206
2016-06-23,1317.7610791060702,1065.7713900596823
2016-06-24,1269.9964264699811,1027.1405630889724
2016-06-27,1236.7881167996304,1000.2825332684899
2016-06-28,1256.6797818054788,1016.3704021546054
2016-06-29,1281.1594873818444,1036.1689606748441
2016-06-30,1302.4448922205427,1053.3840506199135
2016-07-01,1306.1539678981512,1056.3838559741916
2016-07-05,1290.3485945979921,1043.6008750988194
2016-07-06,1298.3295527844507,1050.0556695492369
2016-07-07,1297.7232945009546,1049.565343386337
2016-07-08,1322.845586880379,1069.8836096450946
2016-07-11,1333.393213473968,1078.414259726296
2016-07-12,1349.4593988371093,1091.4081787142868
2016-07-13,1347.5476309722289,1089.8619898587112
2016-07-14,1352.423114942661,1093.8051563482741
2016-07-15,1353.6766866607159,1094.8190130281187
2016-07-18,1356.8264747649757,1097.366480926129
2016-07-19,1352.6406143859022,1093.9810643240339
2016-07-20,1357.7283454638109,1098.0958908347932
2016-07-21,1352.4849767102496,1093.8551885605468
2016-07-22,1359.6763481569471,1099.6713854908594
2016-07-25,1356.5623900280079,1097.152895958661
2016-07-26,1360.7794639016272,1100.5635572352257
2016-07-27,1360.3340628363112,1100.2033282680463
2016-07-28,1358.2826280437275,1098.5441803806375
2016-07-29,1361.1215561344422,1100.8402326662103
2016-08-01,1358.5279643975255,1098.7426021362692
2016-08-02,1345.55422547434,1088.2497745777146
2016-08-03,1354.2084494134224,1095.2490891148391
2016-08-04,1354.9964314052331,1095.8863887559269
2016-08-05,1372.3008881703615,1109.8817899202334
2016-08-08,1372.2943334087495,1109.8764885970227
2016-08-09,1373.035560050045,1110.4759737088298
2016-08-10,1366.8006807523282,1105.4333631162558
2016-08-11,1372.9057448414555,1110.3709824949424
2016-08-12,1371.7757880650536,1109.4571024119834
2016-08-15,1381.0983157375763,1116.9969238818621
2016-08-16,1372.8802889369142,1110.3503944117165
2016-08-17,1373.163355042464,1110.5793310236518
2016-08-18,1380.0431468908348,1116.1435303597966
2016-08-19,1378.7729899122264,1115.1162599462527
2016-08-22,1379.7436145069678,1115.9012762439456
2016-08-23,1385.732142748981,1120.7446444159907
2016-08-24,1377.5452938007274,1114.1233307938674
2016-08-25,1379.5468152232306,1115.7421100267027
2016-08-26,1375.8569650724457,1112.7578537858203
2016-08-29,1383.2186425262737,1118.711789850209
2016-08-30,1383.4262112693696,1118.8796661301885
2016-08-31,1378.4102690097975,1114.8229005759426
2016-09-01,1376.6225442391169,1113.3770345960602
2016-09-02,1387.2588593276273,1121.9794136591026
2016-09-06,1388.7571286020502,1123.1911754515886
2016-09-07,1393.8451396043588,1127.3062283580289
2016-09-08,1391.2031429869819,1125.1694492012602
2016-09-09,1353.2892085671133,1094.5056306760489
2016-09-12,1370.7837557776081,1108.6547721210538
2016-09-13,1347.4503915652735,1089.7833451183542
2016-09-14,1344.68712364313,1087.5484848381523
2016-09-15,1358.9033544554554,1099.0462079948716
2016-09-16,1355.2083748448724,1096.0578031783591
2016-09-19,1360.0251191082264,1099.95346249818
2016-09-20,1356.7546327965279,1097.3083769831678
2016-09-21,1374.1108182436042,1111.3456149797648
2016-09-22,1389.8701947701757,1124.0913948434345
2016-09-23,1381.4552997146618,1117.285643373976
2016-09-26,1368.6093097184057,1106.8961358736556
2016-09-27,1374.1064658999776,1111.3420949157785
2016-09-28,1384.8715002314273,1120.0485788037774
2016-09-29,1370.4751626571474,1108.405189913648
2016-09-30,1383.3906642188279,1118.8509165866863
2016-10-03,1376.8006100338093,1113.5210496474529
2016-10-04,1353.4747252945708,1094.6556718509146
2016-10-05,1356.2768237051282,1096.9219372350233
2016-10-06,1351.9298284999052,1093.4061989149961
2016-10-07,1349.4479844905852,1091.3989470833376
2016-10-10,1355.581775481266,1096.3598000438058
2016-10-11,1342.4491728587059,1085.7384875964522
2016-10-12,1344.3561099396475,1087.2807694377782
2016-10-13,1342.9504320706201,1086.1438932011044
2016-10-14,1340.4274837253133,1084.1033972358946
2016-10-17,1339.000461257006,1082.9492580343285
2016-10-18,1347.3441224639078,1089.6973973925642
2016-10-19,1352.558405618232,1093.9145759795347
2016-10-20,1349.4011365745459,1091.3610576894328
2016-10-21,1350.179157982587,1091.9903014656311
2016-10-24,1352.4772384315952,1093.8489300390825
2016-10-25,1353.7192515295521,1094.8534384032084
2016-10-26,1349.0848878960367,1091.1052838628693
2016-10-27,1347.8693512651844,1090.1221889868157
2016-10-28,1347.9619757712803,1090.1971013136258
2016-10-31,1349.582106236036,1091.5074213138737
2016-11-01,1344.2360155983574,1087.1785460762499
2016-11-02,1342.2242327811291,1084.8997310111381
2016-11-03,1339.858267542892,1083.1281309245987
2016-11-04,1340.0158196277939,1082.5839245951104
2016-11-07,1351.4420358091975,1092.7413339180657
2016-11-08,1353.0111200545844,1094.7878908784717
2016-11-09,1357.3768021482911,1101.6364107430325
2016-11-10,1353.8345402565278,1100.0653053376886
2016-11-11,1345.531150367219,1093.7902528095435
2016-11-14,1342.467373346605,1092.547133633233
2016-11-15,1351.1333582018854,1099.5601740793352
2016-11-16,1349.044556614775,1097.6762041873042
2016-11-17,1350.8273115599977,1100.0543415582661
2016-11-18,1345.5530312433211,1096.7250461092367
2016-11-21,1353.0053296577316,1102.5771851081531
2016-11-22,1354.7987642101812,1103.8334299624701
2016-11-23,1349.2586458413857,1100.1110873316786
2016-11-25,1350.7438601717479,1101.4949816381411
2016-11-28,1350.5947757519916,1100.4256053674496
2016-11-29,1351.3293025893024,1100.8054813774274
2016-11-30,1344.2085930905887,1096.4595021035229
2016-12-01,1338.785922927284,1093.0376937877252
2016-12-02,1339.1974558764498,1093.3736855381389
2016-12-05,1344.0290628848604,1097.3184002914988
2016-12-06,1346.5963660151804,1099.4144479453935
2016-12-07,1357.2002368009785,1108.0718667831932
2016-12-08,1359.2198393372878,1109.7207500444008
2016-12-09,1364.1989404350195,1113.7858847965656
2016-12-12,1363.2598275099708,1113.0191559206321
2016-12-13,1368.7866037903491,1117.5314343186428
2016-12-14,1361.930384145915,1111.9337458608284
2016-12-15,1365.3381624852921,1114.7159906642905
2016-12-16,1363.7278924529198,1113.40130262312
2016-12-19,1365.5386406968946,1114.879668992776
2016-12-20,1368.7463110939377,1117.4985377702046
2016-12-21,1366.4419556879902,1115.6171710218323
2016-12-22,1365.0193100898036,1114.4556669776914
2016-12-23,1366.2427083687337,1115.4544976424638
2016-12-27,1368.3109798999544,1117.1431161929704
2016-12-28,1361.4499914502101,1111.5415342941892
2016-12-29,1361.275546352965,1111.399110428267
2016-12-30,1358.2727777027512,1108.9475315281609
2017-01-03,1364.4880569220522,1114.0219309132822
2017-01-04,1369.3845441120154,1118.0196164088663
2017-01-05,1368.7391935507458,1117.4927267268831
2017-01-06,1371.7029924903936,1119.9124892164377
2017-01-09,1368.9791372378502,1117.6886262279909
2017-01-10,1368.9899556166893,1117.6974587796738
2017-01-11,1371.3339616314649,1119.6111978508263
2017-01-12,1369.266963055506,1117.9236185912621
2017-01-13,1371.173320958223,1119.4800444617729
2017-01-17,1368.2679630367079,1117.1079955271553
2017-01-18,1370.1020276259269,1118.6053982817903
2017-01-19,1367.0506165842926,1116.1141058125254
2017-01-20,1370.0865196047507,1118.5927369209171
2017-01-23,1367.945635198786,1116.8448343521145
2017-01-24,1373.2427756345487,1121.1696289786637
2017-01-25,1380.4355440780828,1127.0420891657855
2017-01-26,1379.5709440570472,1126.3361955670723
2017-01-27,1378.269236090016,1125.2734297806219
2017-01-30,1373.1027300943174,1121.0552902694658
2017-01-31,1373.040502805412,1121.0044854535568
2017-02-01,1373.3510050252878,1121.2579917270518
2017-02-02,1373.9048039615716,1121.7101350471835
2017-02-03,1379.5998626433852,1126.3598058429029
2017-02-06,1378.1263215231811,1125.1567486848116
2017-02-07,1378.1738783952551,1125.1955759931104
2017-02-08,1379.2716696558825,1126.0918561281396
2017-02-09,1384.2071576812523,1130.1213834458242
2017-02-10,1387.5130989218615,1132.8204844204836
2017-02-13,1392.086717394672,1136.5545671458642
2017-02-14,1395.4655288845506,1139.3131622695455
2017-02-15,1399.893927939549,1142.9286821277642
2017-02-16,1399.1807431215402,1142.3464098799234
2017-02-17,1400.5316255712737,1143.449323655866
2017-02-21,1405.6114496978585,1147.5966926661624
2017-02-22,1404.8624221727625,1146.9851570168898
2017-02-23,1405.4523921330756,1147.4668317893693
2017-02-24,1406.5494716935173,1148.3625308642631
2017-02-27,1407.899771821126,1149.4649692094285
2017-02-28,1405.5938765467172,1147.5823452516379
2017-03-01,1415.7012100042507,1155.8343714072537
2017-03-02,1406.8416358113402,1148.6010651871027
2017-03-03,1407.2187030555001,1148.9089177749597
2017-03-06,1402.8358203330636,1145.3305592480044
2017-03-07,1398.1000503765083,1141.4640896482167
2017-03-08,1394.8438762823184,1138.8056205371117
2017-03-09,1394.5308000380521,1138.5500127284604
2017-03-10,1398.0854471269281,1141.4521669786027
2017-03-13,1398.5681107523078,1141.8462326219035
2017-03-14,1393.8734998278612,1138.0133668812271
2017-03-15,1406.2035982285461,1148.0801461095236
2017-03-16,1405.6672760051315,1147.6422714679034
2017-03-17,1404.7952944668991,1146.9303513070677
2017-03-20,1405.0977233562467,1147.1772661947177
2017-03-21,1396.6533279767277,1140.2829283525036
2017-03-22,1399.3129539357906,1142.4543520094505
2017-03-23,1398.0497262376698,1141.423003034057
2017-03-24,1397.897184513196,1141.2984619465913
2017-03-27,1398.6249304626235,1141.8926224771162
2017-03-28,1403.5631336159629,1145.9243665324909
2017-03-29,1405.0417495780471,1147.1315669918895
2017-03-30,1405.708229250268,1147.6757073144049
2017-03-31,1404.3372110543589,1146.5563539201587
2017-04-03,1404.3648134439804,1146.5788896010156
2017-04-04,1405.548682163386,1147.5454467724396
2017-04-05,1403.0550713678367,1145.5095644506325
2017-04-06,1404.3819591359902,1146.5928880210254
2017-04-07,1404.1952936248085,1146.4404869266029
2017-04-10,1404.7046998532674,1146.856386287076
2017-04-11,1407.8053431869894,1149.387873943698
2017-04-12,1406.0964595063165,1147.9926738259749
2017-04-13,1402.0443851067273,1144.6844002768335
2017-04-17,1408.5645374745845,1150.0077101393429
2017-04-18,1407.4434930693521,1149.0924452188322
2017-04-19,1403.336773805627,1145.7395574447801
2017-04-20,1410.6806129234292,1151.7353576958906
2017-04-21,1408.8362589804888,1150.2295543065691
2017-04-24,1416.1029104519616,1156.1623355152112
2017-04-25,1418.1343721853357,1157.8209010932019
2017-04-26,1419.0028508467094,1158.5299613670475
2017-04-27,1418.6619892450308,1158.2516684954098
2017-04-28,1417.7110226983687,1157.4752618547127
2017-05-01,1413.3980580677826,1153.9539872188873
2017-05-02,1413.6252719660865,1154.1394936177414
2017-05-03,1404.7558531104155,1146.8981498261646
2017-05-04,1400.1727720493927,1143.1563414701063
2017-05-05,1404.560239146098,1146.7384428612431
2017-05-08,1403.1978172727563,1145.6261078441951
2017-05-09,1399.1284481935104,1142.3037142356452
2017-05-10,1400.616505591948,1143.5186230565087
2017-05-11,1401.025307619896,1143.852385175001
2017-05-12,1401.1457841867243,1143.9507470015683
2017-05-15,1407.3118310743907,1148.9849511670448
2017-05-16,1408.9192303904397,1150.2972954420493
2017-05-17,1403.752087003867,1146.0786355398143
2017-05-18,1402.5456577816835,1145.0936590830481
2017-05-19,1410.8107145411418,1151.841577794077
2017-05-22,1417.4755023213181,1157.2829737186023
2017-05-23,1415.8021034813278,1155.9167448260466
2017-05-24,1420.0059479888164,1159.3489294844126
2017-05-25,1423.5009695174138,1162.2024030726348
2017-05-26,1428.2955017358245,1166.1168485034202
2017-05-30,1425.6691034118405,1163.9725531998527
2017-05-31,1427.7067946388902,1165.6362047824716
2017-06-01,1434.9683506525471,1171.5648258581427
2017-06-02,1442.0558376772126,1177.3513301375215
2017-06-05,1441.9854633877517,1177.2938737886479
2017-06-06,1445.7043610448418,1180.3301286886476
2017-06-07,1444.2235674370559,1179.1211503133068
2017-06-08,1440.8616876375258,1176.376378890229
2017-06-09,1434.293594348153,1171.0139281662914
2017-06-12,1433.2639345956834,1170.1732732849161
2017-06-13,1438.0542817881349,1174.0843018952492
2017-06-14,1433.8293439366571,1170.6348957979112
2017-06-15,1429.7948227479903,1167.3409533833124
2017-06-16,1430.078305611411,1167.5723999872507
2017-06-19,1432.9719265383769,1169.9348663760447
2017-06-20,1425.9054176923742,1164.1654895101178
2017-06-21,1427.3012782589744,1165.3051251967781
2017-06-22,1428.8029020512824,1166.5311101573102
2017-06-23,1432.2515239918889,1169.3467012896581
2017-06-26,1427.7558857907195,1165.6762847373495
2017-06-27,1422.8986300599304,1161.7106293542165
2017-06-28,1431.0257051714223,1168.3458943991923
2017-06-29,1420.6500891029134,1159.8748317259663
2017-06-30,1420.8340119002448,1160.0249935604966
2017-07-03,1415.2857338030262,1155.4951602301485
2017-07-05,1418.5057450837353,1158.1241045923216
2017-07-06,1410.0323409952061,1151.2060828945687
2017-07-07,1412.2112451693476,1152.985026303445
2017-07-10,1413.95774555457,1154.4109381841799
2017-07-11,1414.0578242051517,1154.4926463464456
2017-07-12,1422.2815421056014,1161.2068143805807
2017-07-13,1422.9272155581964,1161.7339676837923
2017-07-14,1429.6281935528018,1167.2049107284658
2017-07-17,1431.1201189394526,1168.4229775276463
2017-07-18,1434.5907848869053,1171.2565662576628
2017-07-19,1439.2032318087547,1175.0223500621064
2017-07-20,1440.0556876256096,1175.718328652973
2017-07-21,1442.241069759843,1177.5025609242718
2017-07-24,1441.9633810514702,1177.2758448973157
2017-07-25,1441.5384318053639,1176.9288995522936
2017-07-26,1444.7896869833451,1179.5833526659667
2017-07-27,1443.3097473504467,1178.3750715094459
2017-07-28,1444.9333311018181,1179.7006293965424
2017-07-31,1444.6647150314425,1179.4813206295098
2017-08-01,1444.7944968801444,1179.5872796556478
2017-08-02,1444.0204811849069,1178.9553426775326
2017-08-03,1443.2442548662407,1178.3216008591564
2017-08-04,1440.3291654566101,1175.9416067533618
2017-08-07,1441.2740825090873,1176.713074348123
2017-08-08,1440.8067405727625,1176.3315179367933
2017-08-09,1447.704778524942,1181.9633485123825
2017-08-10,1439.7600401849545,1175.4769504078229
2017-08-11,1443.7965210786278,1178.7724928029743
2017-08-14,1448.1294401508603,1182.3100590329257
2017-08-15,1443.5298952213325,1178.5548089244905
2017-08-16,1449.2943178803123,1183.2611112102302
2017-08-17,1438.7475781341273,1174.6503364091752
2017-08-18,1436.5055951745853,1172.819892989027
2017-08-21,1439.3717852726288,1175.1599637658937
2017-08-22,1445.6558197996433,1180.2904976992593
2017-08-23,1444.766882212032,1179.5647339501459
2017-08-24,1440.9498184590047,1176.4483323730162
2017-08-25,1445.1015689165802,1179.8379853919303
2017-08-28,1454.4601910856527,1187.47873408635
2017-08-29,1454.1517884746238,1187.2269420164271
2017-08-30,1457.93579502687,1190.3163543894682
2017-08-31,1470.110126168152,1200.2559590762121
2017-09-01,1472.417032497644,1202.1394084992976
2017-09-05,1472.6161324716106,1202.3019615801529
2017-09-06,1472.5719583678585,1202.2658960974918
2017-09-07,1478.6341229902509,1207.2152866794697
2017-09-08,1476.8530179587942,1205.7611221990724
2017-09-11,1477.9074233893916,1206.6219804292346
2017-09-12,1482.6299476658724,1210.477635732761
2017-09-13,1478.6179248959857,1207.2020619156772
2017-09-14,1480.9032144075165,1209.067862514969
2017-09-15,1479.1587528020784,1207.6436151745577
2017-09-18,1475.5890761228525,1204.7291901733615
2017-09-19,1477.6994661981435,1206.4521959664346
2017-09-20,1473.3481885383119,1202.8996410606187
2017-09-21,1466.5556164520249,1197.3539169826063
2017-09-22,1469.3517161946679,1199.636763225579
2017-09-25,1473.5537941391376,1203.0675055921379
2017-09-26,1467.5951278423961,1198.2026151301884
2017-09-27,1465.6479063331085,1196.6128265976411
2017-09-28,1467.7973918694743,1198.3677514689471
2017-09-29,1468.0047114592107,1198.5370153686954
2017-10-02,1467.8269445075516,1198.3918794096553
2017-10-03,1470.0095396289071,1200.1738362535864
2017-10-04,1472.7034529616894,1202.3732534763865
2017-10-05,1474.8228032879833,1204.103574772203
2017-10-06,1476.5589299294602,1205.5210171189035
2017-10-09,1479.8678361839929,1208.2225388480131
2017-10-10,1483.7621222986545,1211.4019878105566
2017-10-11,1487.0480381719794,1214.0847392845985
2017-10-12,1486.1987900421991,1213.3913795761257
2017-10-13,1491.7768602099461,1217.9455363292896
2017-10-16,1488.8637758232198,1215.5671792033691
2017-10-17,1485.4380384566393,1212.7702719409276
2017-10-18,1484.0931103267931,1211.6722195068662
2017-10-19,1487.815553174162,1214.7113688402026
2017-10-20,1488.6761108180599,1215.413962082594
2017-10-23,1486.087903273602,1213.3008472395186
2017-10-24,1485.3955759772839,1212.7356038960129
2017-10-25,1481.0400217425095,1209.1795574255391
2017-10-26,1477.2708787883726,1206.1022802809321
2017-10-27,1487.3506460973747,1214.3318003443478
2017-10-30,1485.0959993912738,1212.4910177414397
2017-10-31,1484.2766892497179,1211.8221005887519
2017-11-01,1485.3480200571173,1212.6967773648892
2017-11-02,1486.2823372161351,1213.4595907880584
2017-11-03,1488.3328470393631,1215.1337079787811
2017-11-06,1492.6120956339821,1218.6274555114558
2017-11-07,1491.0201928103493,1217.3277631847891
2017-11-08,1493.210491175807,1219.1160092613929
2017-11-09,1491.075296099556,1217.3727516860299
2017-11-10,1486.8297660209741,1213.9065332813332
2017-11-13,1487.9625457456109,1214.8313793800125
2017-11-14,1486.9207279261559,1213.9807981726499
2017-11-15,1483.1519111934592,1210.9037873681082
2017-11-16,1489.9146553399601,1216.4251587382262
2017-11-17,1491.2654437023662,1217.5279956975598
2017-11-20,1488.502525499543,1215.272240173977
2017-11-21,1494.8972640184627,1220.4931572178405
2017-11-22,1497.805768070343,1222.8677747775234
2017-11-24,1498.8680388096532,1223.7350545563061
2017-11-27,1499.8673960213159,1224.5509692467726
2017-11-28,1509.0088147903562,1232.014384508424
2017-11-29,1505.6111832076119,1229.2404239177549
2017-11-30,1510.335684907998,1233.0976936682423
2017-12-01,1509.4888984206173,1232.4063437418304
2017-12-04,1506.3522920363303,1229.8454944306091
2017-12-05,1498.8203786984254,1223.6961429594855
2017-12-06,1497.7451778171549,1222.8183065022176
2017-12-07,1492.7063610046989,1218.7044174824834
2017-12-08,1497.5757945293576,1222.6800152974106
2017-12-11,1497.9662656821147,1222.9988113655431
2017-12-12,1500.2694580964176,1224.8792286016121
2017-12-13,1505.2509381884606,1228.9463056586751
2017-12-14,1500.3308159380417,1224.9293235664281
2017-12-15,1509.1347147522129,1232.1171742088527
2017-12-18,1517.678966059003,1239.0930383732266
2017-12-19,1514.5908851714346,1236.5718071937133
2017-12-20,1515.7049883607328,1237.481405031439
2017-12-21,1518.4408734387132,1239.7150896444091
2017-12-22,1521.3404609087961,1242.0824273546127
2017-12-26,1524.3782435167382,1244.5625930324481
2017-12-27,1527.1172212684316,1246.798802626362
2017-12-28,1532.0958607748944,1250.8635605171874
2017-12-29,1532.6154243442033,1251.2877527318258
2018-01-02,1546.6186665763669,1262.7205526536593
2018-01-03,1550.8403858978713,1266.1673310160329
2018-01-04,1557.9420096988035,1271.9653771177925
2018-01-05,1563.5344829446167,1276.5312931126421
2018-01-08,1565.1579361353297,1277.8567444048615
2018-01-09,1564.4190155098877,1277.2534604275702
2018-01-10,1564.4589483113662,1277.2860631435735
2018-01-11,1573.3833593988074,1284.5723047647145
2018-01-12,1587.1218189311776,1295.7889256346321
2018-01-16,1584.8898400631078,1293.9666499498057
2018-01-17,1588.8800909841498,1297.2244483697605
2018-01-18,1585.8721726630429,1294.7686650749858
2018-01-19,1593.0253028739291,1300.6087630437296
2018-01-22,1602.0216724025199,1307.9537543777378
2018-01-23,1607.2125610243856,1312.1918008277237
2018-01-24,1614.5184117842068,1318.1565858832848
2018-01-25,1610.6678444835193,1315.0128306868487
2018-01-26,1622.4663493152293,1324.6455959337361
2018-01-29,1612.3493680933316,1316.3856929623203
2018-01-30,1599.5609803994705,1305.9447482580335
2018-01-31,1604.2573474715373,1309.7790477869739
2018-02-01,1605.2355221752173,1310.5776682414628
2018-02-02,1575.859911455075,1286.5942596581517
2018-02-05,1538.1341747798206,1255.7934785132466
2018-02-06,1549.2032942514288,1264.8307447499969
2018-02-07,1541.2524698196116,1258.339377719738
2018-02-08,1507.926503964703,1231.1307432118026
2018-02-09,1520.0847936756641,1241.0572510413845
2018-02-12,1536.2123884456437,1254.2244562620499
2018-02-13,1542.0349928838223,1258.9782604498241
2018-02-14,1565.1007035478669,1277.8100174604419
2018-02-15,1577.6005256783878,1288.0153658438694
2018-02-16,1575.7623235530241,1286.5145850413419
2018-02-20,1561.2773800282582,1274.688505162688
2018-02-21,1553.7518824421029,1268.5443917646394
2018-02-22,1558.1645718278949,1272.1470856285705
2018-02-23,1572.0763143259962,1283.5051815543516
2018-02-26,1584.5268923684089,1293.6703251196848
2018-02-27,1566.0432894628166,1278.5795818224728
2018-02-28,1555.8976190374908,1270.2962558524919
2018-03-01,1540.9018491240745,1258.0531171385048
2018-03-02,1548.9796970081341,1264.6481911311075
2018-03-05,1558.6215421413349,1272.52017423742
2018-03-06,1567.7145275490996,1279.9440465903774
2018-03-07,1563.3378472465108,1276.370751963909
2018-03-08,1566.3805888163874,1278.8549663340884
2018-03-09,1583.3699272642216,1292.7257331221022
2018-03-12,1582.1671046829406,1291.7437012693883
2018-03-13,1577.1762200208782,1287.6689459499919
2018-03-14,1571.8981178104373,1283.3596948823811
2018-03-15,1566.8839601177733,1279.2659385417903
2018-03-16,1566.4151758872099,1278.8832045844906
2018-03-19,1554.9591204973183,1269.5300285846324
2018-03-20,1553.7582727283652,1268.5496090466854
2018-03-21,1562.7677889962081,1275.9053338977606
2018-03-22,1536.9549079121709,1254.8306784753154
2018-03-23,1525.6799474621653,1245.625355535502
2018-03-26,1553.3743778171583,1268.2361820818392
2018-03-27,1533.8807245154728,1252.3207937561365
2018-03-28,1522.4611403481256,1242.9973943025479
2018-03-29,1534.2147523791402,1252.5935072942093
2018-04-02,1521.4595118512159,1242.1796252451168
2018-04-03,1528.3196796486413,1247.7805371309387
2018-04-04,1538.8109466297183,1256.3460217760373
2018-04-05,1542.9155886728256,1259.6972136251511
2018-04-06,1525.0862520943417,1245.140639193221
2018-04-09,1531.661065306273,1250.508576327293
2018-04-10,1547.6413147404226,1263.5554829973778
2018-04-11,1547.6089221267566,1263.5290363884533
2018-04-12,1547.9306944450111,1263.7917440153012
2018-04-13,1549.2511815003027,1264.8698417909609
2018-04-16,1557.7547740721579,1271.8125105585918
2018-04-17,1568.3446182569119,1280.4584775254134
2018-04-18,1569.5319733774063,1281.4278811323579
2018-04-19,1563.0652909442556,1276.1482262359771
2018-04-20,1550.3579145898477,1265.773422388216
2018-04-23,1545.2906380400041,1261.6362977150529
2018-04-24,1535.708676192146,1253.8132056875804
2018-04-25,1533.9820767562705,1252.403541727746
2018-04-26,1541.2100667572379,1258.3047581851938
2018-04-27,1544.6703022931006,1261.1298311153096
2018-04-30,1533.0600378186173,1251.650752729344
2018-05-01,1530.3382379159145,1249.4285678096694
2018-05-02,1523.8531676724972,1244.1339003788846
2018-05-03,1524.9370353376949,1245.0188127407869
2018-05-04,1538.039785309787,1255.7164152226367
2018-05-07,1541.3174741539228,1258.3924498251777
2018-05-08,1541.4158947563355,1258.4728042914446
2018-05-09,1549.1078915826338,1264.752854243909
2018-05-10,1562.0546662909474,1275.3231123612204
2018-05-11,1564.0551379386263,1276.9563764095049
2018-05-14,1561.9970002812547,1275.2760315537773
2018-05-15,1545.5662884548365,1261.861349598674
2018-05-16,1548.5957394463185,1264.3347130158306
2018-05-17,1548.1400303540981,1263.9626541177886
2018-05-18,1546.0214543994141,1262.232965049533
2018-05-21,1553.4601548941828,1268.3062138747082
2018-05-22,1550.4729114293723,1265.8673103490278
2018-05-23,1553.7208738522888,1268.5190751274408
2018-05-24,1556.9411332747741,1271.1482220823589
2018-05-25,1552.8105023329008,1267.7758118700367
2018-05-29,1541.8276443707023,1258.808972935884
2018-05-30,1555.1978889116358,1269.7249685466279
2018-05-31,1548.0615114042648,1263.8985481465688
2018-06-01,1554.2377242262805,1268.9410521822831
2018-06-04,1558.411375343027,1272.3485857641633
2018-06-05,1560.3258274568057,1273.9116200682111
2018-06-06,1568.4023332177853,1280.5055982985336
2018-06-07,1568.1717287095257,1280.3173236718224
2018-06-08,1571.3800793272835,1282.9367478083029
2018-06-11,1573.2228970342649,1284.4412969539244
2018-06-12,1573.4488722978128,1284.6257920824519
2018-06-13,1571.3534030092546,1282.9149682088632
2018-06-14,1574.2510844965188,1285.2807497994295
2018-06-15,1567.9301052251876,1280.120052717921
2018-06-18,1565.4136768471794,1278.0655412207682
2018-06-19,1561.0111507703066,1274.4711450835696
2018-06-20,1561.294342550917,1274.7023540360071
2018-06-21,1554.8377885187756,1269.4309683661631
2018-06-22,1557.3091602585023,1271.448693844615
2018-06-25,1543.3342282755423,1260.0390075281534
2018-06-26,1543.8385716360312,1260.4507733632922
2018-06-27,1534.4116068844146,1252.7542270857548
2018-06-28,1538.8280367019838,1256.3599747858923
2018-06-29,1541.2731901845518,1258.3562946438867
2018-07-02,1539.9897210725903,1257.3084197789353
2018-07-03,1538.2870026082091,1255.9182531872461
2018-07-05,1545.8674569704453,1262.1072354674341
2018-07-06,1554.2683604845863,1268.9660648333361
2018-07-09,1561.1431661440893,1274.5789276477817
2018-07-10,1564.064903601517,1276.9643494823176
2018-07-11,1558.3863915460784,1272.3281880057677
2018-07-12,1566.6865720658557,1279.1047831416968
2018-07-13,1568.4573198993476,1280.5504915966883
2018-07-16,1566.5843413898492,1279.0213179808948
2018-07-17,1570.068807443371,1281.8661736624479
2018-07-18,1571.5952766961123,1283.1124434379815
2018-07-19,1569.6718482565043,1281.5420805070676
2018-07-20,1566.4178993636656,1278.8854281382146
2018-07-23,1565.1804526623846,1277.8751277866872
2018-07-24,1570.3986597528778,1282.1354781132188
2018-07-25,1578.1445839376433,1288.4595564906328
2018-07-26,1575.2024353226871,1286.0574701810897
2018-07-27,1569.6321834562484,1281.5096965978448
2018-07-30,1563.8483648171737,1276.787558668042
2018-07-31,1569.3860461037239,1281.308740343711
2018-08-01,1564.9766086656061,1277.7087014982746
2018-08-02,1570.1369419928337,1281.9218013991431
2018-08-03,1574.2274721952936,1285.2614717843003
2018-08-06,1577.7510350754524,1288.1382476589849
2018-08-07,1580.9409111452562,1290.7425884449885
2018-08-08,1580.5891482196307,1290.4553953020065
2018-08-09,1579.335656857821,1289.4319954560478
2018-08-10,1573.0039301907439,1284.2625237762563
2018-08-13,1569.5117259545118,1281.4113503367712
2018-08-14,1575.5751190935368,1286.3617439282402
2018-08-15,1568.5421782613698,1280.6197733143508
2018-08-16,1576.2092635778408,1286.8794845264806
2018-08-17,1579.5987413811176,1289.6467880496143
2018-08-20,1581.6865087729952,1291.3513237906186
2018-08-21,1583.9747885842171,1293.21956578866
2018-08-22,1583.4571986333244,1292.7969849140309
2018-08-23,1582.2379078497606,1291.8015077706732
2018-08-24,1588.0346816522326,1296.5342228074501
2018-08-27,1595.6694146504178,1302.7675203093947
2018-08-28,1596.1882887670731,1303.1911496276616
2018-08-29,1601.451417315754,1307.4881756065274
2018-08-30,1597.5592374364605,1304.3104462577098
2018-08-31,1597.6436165131786,1304.3793366679242
2018-09-04,1591.5986535089282,1299.4439901662586
2018-09-05,1588.965179943702,1297.2939183563522
2018-09-06,1587.4064876813331,1296.0213404433284
2018-09-07,1582.6947975912256,1292.17453059738
2018-09-10,1584.7169448481827,1293.8254914690112
2018-09-11,1585.542980826795,1294.4998998606634
2018-09-12,1586.521370241252,1295.2986956135096
2018-09-13,1592.0952240894294,1299.8494099968821
2018-09-14,1591.0764298987137,1299.0176261891847
2018-09-17,1586.1250510805214,1294.97512500074
2018-09-18,1588.6835022777836,1297.0639455869391
2018-09-19,1588.6460171401513,1297.0333412403534
2018-09-20,1596.4868323671485,1303.4348924117264
2018-09-21,1595.8515562403009,1302.916227895827
2018-09-24,1591.9555875313235,1299.7354051968414
2018-09-25,1590.4386567168626,1298.496922978976
2018-09-26,1589.6138315057551,1297.8235031057256
2018-09-27,1592.2952615060717,1300.0127284429559
2018-09-28,1592.7060061013924,1300.3480765501599
2018-10-01,1593.1433219925034,1300.705118512501
2018-10-02,1592.6397470735697,1300.2939800633926
2018-10-03,1593.2182903057846,1300.7663256038313
2018-10-04,1585.7925277373597,1294.7036398126188
2018-10-05,1580.5312331617613,1290.4081111617979
2018-10-08,1580.5853082135216,1290.4522601693839
2018-10-09,1579.2619457245669,1289.371814776136
2018-10-10,1549.4599941038948,1265.0403246461774
2018-10-11,1529.4023458431748,1248.6644685647466
2018-10-12,1541.8598539925865,1258.8352701430913
2018-10-15,1536.8298123064756,1254.7285454830194
2018-10-16,1556.5727293549298,1270.8474425745726
2018-10-17,1556.7934000310099,1271.0276068284224
2018-10-18,1543.5613813201981,1260.2244642436858
2018-10-19,1543.125598166152,1259.8686736684097
2018-10-22,1539.1137271725875,1256.5932237675086
2018-10-23,1534.5771083853351,1252.8893490464702
2018-10-24,1507.4344948106,1230.7290475098137
2018-10-25,1523.1094794888627,1243.5267239788222
2018-10-26,1507.5811871168373,1230.848812901248
2018-10-29,1502.8145674149532,1226.9571563511711
2018-10-30,1515.700587199965,1237.4778117499934
2018-10-31,1525.1413653908774,1245.1856358648402
2018-11-01,1528.1192320782629,1247.6168838191586
2018-11-02,1525.4790809773999,1245.4613602054742
2018-11-05,1528.1067214818772,1247.606669674248
2018-11-06,1531.1242873089757,1250.0703295738772
2018-11-07,1541.1659647709812,1258.2687515821037
2018-11-08,1540.4013664368617,1257.6445033094803
2018-11-09,1535.8712554006906,1253.9459417734042
2018-11-12,1527.204158693374,1246.8697817730911
2018-11-13,1526.4391972480964,1246.2452370421797
2018-11-14,1523.3960127174619,1243.7606610213454
2018-11-15,1528.2541721828675,1247.727054249106
2018-11-16,1529.5494032696774,1248.7845320547833
2018-11-19,1521.8281570914171,1242.4806017763717
2018-11-20,1513.5173156214873,1235.6953026197559
2018-11-21,1515.1354200776523,1237.0163869938783
2018-11-23,1512.2450335945027,1234.656561332738
2018-11-26,1519.5191515552706,1240.5954384780794
2018-11-27,1521.1373202899172,1241.9165753316925
2018-11-28,1531.669830635873,1250.5157326885062
2018-11-29,1530.7536203523141,1249.7677024334703
2018-11-30,1533.6701062651262,1252.1488366996077
2018-12-03,1537.143695987083,1254.9848125145841
2018-12-04,1527.0381403927136,1246.7342378766605
2018-12-06,1529.0952388307796,1248.4137342727101
2018-12-07,1521.8242386871486,1242.4774026363964
2018-12-10,1523.2882495445369,1243.6726789115912
2018-12-11,1520.6491858350557,1241.5180430871701
2018-12-12,1519.9115175513609,1240.9157815711337
2018-12-13,1520.393976787497,1241.3096803429848
2018-12-14,1513.9271458798653,1236.0299042261749
2018-12-17,1508.5861694604455,1231.6693201715616
2018-12-18,1510.7912853544051,1233.4696638635528
2018-12-19,1508.2364910503588,1231.3838289093794
2018-12-20,1500.0589859346956,1224.707390817606
2018-12-21,1492.583493251914,1218.6041033972779
2018-12-24,1484.6850815104001,1212.1555281570681
2018-12-26,1499.3254475034873,1224.1085010762206
2018-12-27,1505.2339110236012,1228.9324040089114
2018-12-28,1510.6104218762853,1233.3219997780341
2018-12-31,1518.3596029386474,1239.6487371989263
2019-01-02,1517.8855006807039,1239.2616613940738
2019-01-03,1530.628748391925,1249.6657520340345
2019-01-04,1518.2611479467146,1239.568354655697
2019-01-07,1517.8302367735391,1239.2165417579895
2019-01-08,1513.9109734876547,1236.0167004465548
2019-01-09,1518.3350231131685,1239.628669258791
2019-01-10,1514.2990004449127,1236.3335009769648
2019-01-11,1518.0544687010788,1239.399613558159
2019-01-14,1518.9801705094442,1240.1553930688501
2019-01-15,1517.0577411487343,1238.5858458254004
2019-01-16,1518.4837753041734,1239.7501164214905
2019-01-17,1516.0261239976221,1237.743592846479
2019-01-18,1507.6963462879326,1230.9428333959645
2019-01-22,1512.9879770196649,1235.2631296825748
2019-01-23,1511.7015408801931,1234.2128324192015
2019-01-24,1513.6314561021518,1235.7884914153785
2019-01-25,1520.3866296929796,1241.3036818848971
2019-01-28,1522.7986914432381,1243.2729843458997
2019-01-29,1528.86607408896,1248.2266351281746
2019-01-30,1534.5105134531063,1252.8349783140825
2019-01-31,1538.9991726105809,1256.4996968995285
2019-02-01,1533.3985445963176,1251.9271230296988
2019-02-04,1532.9695949727782,1251.5769116185722
2019-02-05,1537.2870226474502,1255.1018300598271
2019-02-06,1532.885065662751,1251.5078985519517
2019-02-07,1531.4201095310541,1250.3118505174841
2019-02-08,1534.9167455819083,1253.1666422654312
2019-02-11,1531.4617410645558,1250.3458401453911
2019-02-12,1538.0708372507247,1255.7417672534052
2019-02-13,1536.0309713760362,1254.0763402025812
2019-02-14,1540.5476761224836,1257.7639563143357
2019-02-15,1548.860814890179,1264.5511310755637
2019-02-19,1559.8366665678209,1273.5122498023384
2019-02-20,1559.620788986171,1273.3359988200518
2019-02-21,1549.5174708774957,1265.087250953803
2019-02-22,1556.0382903544059,1270.4111054704861
2019-02-25,1555.3422091650796,1269.8427973004937
2019-02-26,1557.4012051876462,1271.5238429594615
2019-02-27,1551.1802661443849,1266.4448226705622
2019-02-28,1545.6531260330019,1261.9322472265524
2019-03-01,1538.8189739567108,1256.3525756027796
2019-03-04,1533.8357637723807,1252.2840860300553
2019-03-05,1533.3695127454253,1251.9034202802129
2019-03-06,1527.2056466240706,1246.8709965784678
2019-03-07,1518.9978554449506,1240.1698317485445
2019-03-08,1523.7924734220564,1244.0843471961152
2019-03-11,1534.0318118708112,1252.4441474392097
2019-03-12,1541.2058027318417,1258.3012768664817
2019-03-13,1551.6365946758497,1266.8173873032638
2019-03-14,1543.9174123512116,1260.5151420364471
2019-03-15,1551.3223992847961,1266.5608657789824
2019-03-18,1555.0751496507487,1269.6247593672815
2019-03-19,1557.0019661778465,1271.1978884666123
2019-03-20,1558.1485761297199,1272.134026108939
2019-03-21,1566.2734876135705,1278.7675246828705
2019-03-22,1549.4257033841252,1265.0123283484777
2019-03-25,1553.4555694985338,1268.3024701766312
2019-03-26,1557.3107861862227,1271.4500213162114
2019-03-27,1549.1672401146243,1264.8013087289955
2019-03-28,1543.9913891276144,1260.5755395979158
2019-03-29,1550.4473945705056,1265.8464773778333
2019-04-01,1558.9813467754079,1272.8139329487324
2019-04-02,1561.7297014104356,1275.0577982004768
2019-04-03,1562.296751014208,1275.5207598887919
2019-04-04,1566.3749394277977,1278.8503539501598
2019-04-05,1570.2919252753923,1282.0483358710428
2019-04-08,1573.7100346658676,1284.8390153525766
2019-04-09,1572.0894028016792,1283.5158675027408
2019-04-10,1577.2479412082957,1287.727501959544
2019-04-11,1568.9534586506068,1280.9555588648664
2019-04-12,1574.7655204706016,1285.7007556428462
2019-04-15,1572.9706819258081,1284.235378579848
2019-04-16,1568.0561903622474,1280.2229936026977
2019-04-17,1564.5488621943446,1277.359472388179
2019-04-18,1566.8834263461545,1279.2655027495637
2019-04-22,1567.7063138825908,1279.937340628697
2019-04-23,1575.0307958304397,1285.917336921877
2019-04-24,1574.6690814069768,1285.6220189830933
2019-04-25,1574.5843256699929,1285.552821052564
2019-04-26,1583.1297840586114,1292.5296707262082
2019-04-29,1581.8998655460443,1291.5255166852216
2019-04-30,1584.2745107706496,1293.4642708171677
2019-05-01,1572.865703597598,1284.1496701272868
2019-05-02,1568.4238669423607,1280.523179281606
2019-05-03,1581.3499003823008,1291.0765034083811
2019-05-06,1578.2746338981101,1288.5657344138035
2019-05-07,1564.5574849676163,1277.3665123607761
2019-05-08,1561.6961903059603,1275.0304384114884
2019-05-09,1560.3995677469243,1273.9718245529389
2019-05-10,1566.2572163862496,1278.7542402103632
2019-05-13,1549.3345599213258,1264.9379152263523
2019-05-14,1556.447963945641,1270.7455791676621
2019-05-15,1561.4486019868195,1274.828297530913
2019-05-16,1565.3825743209779,1278.0401478901931
2019-05-17,1554.873209151644,1269.4598871695359
2019-05-20,1548.7106927950724,1264.4285654690595
2019-05-21,1555.5226711383784,1269.9901335816214
2019-05-22,1552.0506303023099,1267.1554223382473
2019-05-23,1545.6302231443601,1261.9135484038702
2019-05-24,1548.3789275438075,1264.1576992170985
2019-05-28,1537.4193681288202,1255.2098821369082
2019-05-29,1531.5508124058742,1250.4185615057143
2019-05-30,1538.2949016219895,1255.9247022540148
2019-05-31,1534.7136897350106,1253.0008594537039
2019-06-03,1541.0897759707761,1258.2065480370545
2019-06-04,1561.2242094309865,1274.6450945874624
2019-06-05,1570.9446942534664,1282.5812822414455
2019-06-06,1579.1397029506611,1289.2720109483671
2019-06-07,1592.2064160827867,1299.9401915310368
2019-06-10,1590.3508306705908,1298.425218326704
2019-06-11,1589.369872597076,1297.6243254191713
2019-06-12,1590.8993054511932,1298.8730147958959
2019-06-13,1598.7119543808744,1305.2515698899022
2019-06-14,1597.4424290856437,1304.2150793075466
2019-06-17,1597.4123749984074,1304.1905419639434
2019-06-18,1610.732533600295,1315.0656454362443
2019-06-19,1616.7729672009859,1319.9972939539855
2019-06-20,1642.1645687986556,1340.7280001681715
2019-06-21,1645.0563464307056,1343.088961618208
2019-06-24,1653.6015916432989,1350.0656372465273
2019-06-25,1645.215227398714,1343.2186783144211
2019-06-26,1638.1188456764303,1337.4249120526706
2019-06-27,1640.9337709583642,1339.723128209308
2019-06-28,1647.7671440366935,1345.3021638283833
2019-07-01,1643.9585997437105,1342.1927178748522
2019-07-02,1660.3619577846566,1355.585067119343
2019-07-03,1669.4479618424416,1363.0032396224956
2019-07-05,1660.9279163905362,1356.0471380738966
2019-07-08,1651.1879171321289,1348.0950180638315
2019-07-09,1654.7127383579177,1350.9728213015785
2019-07-10,1669.796070371995,1363.2874491722191
2019-07-11,1666.5667931981325,1360.6509397689815
2019-07-12,1675.1952850028924,1367.6955812024071
2019-07-15,1675.5325637990668,1367.9709489301526
2019-07-16,1666.6681010977989,1360.7336515387403
2019-07-17,1670.5715203653149,1363.9205571679267
2019-07-18,1683.6513463534134,1374.5994436040162
2019-07-19,1668.1041549144393,1361.9061025818942
2019-07-22,1670.4684483701135,1363.8364051209116
2019-07-23,1673.8947427364988,1366.6337671399888
2019-07-24,1682.0172835597614,1373.2653302130029
2019-07-25,1672.4575248561002,1365.4603657092161
2019-07-26,1680.3284105932944,1371.8864676325452
2019-07-29,1682.8766975704284,1373.9669897480644
2019-07-30,1682.6065932246258,1373.746465894204
2019-07-31,1662.7466078266832,1357.5319895793048
2019-08-01,1670.0088776504392,1363.4611934377274
2019-08-02,1659.9669186212075,1355.2625415468988
2019-08-05,1639.936217410386,1338.9086861010969
2019-08-06,1658.8775340988896,1354.3731250049927
2019-08-07,1669.9821460162773,1363.439368676012
2019-08-08,1692.4783590299858,1381.8061653164314
2019-08-09,1683.4234292736519,1374.4133631000527
2019-08-12,1678.3564738835842,1370.276500634413
2019-08-13,1689.139218641044,1379.0799592460971
2019-08-14,1664.9683538232282,1359.3459107437398
2019-08-15,1672.227109432783,1365.2722454589184
2019-08-16,1681.7211780087482,1373.023577948466
2019-08-19,1685.0558971926605,1375.7461743724284
2019-08-20,1683.0347773603467,1374.0960523308472
2019-08-21,1688.7039542548252,1378.72459221336
2019-08-22,1686.6045781209896,1377.010578637012
2019-08-23,1675.244495226267,1367.7357583719954
2019-08-26,1685.9100455954317,1376.4435348572742
2019-08-27,1689.0102554678374,1378.9746686189612
2019-08-28,1693.7385729285174,1382.8350537068304
2019-08-29,1700.9227642168694,1388.7005111657645
2019-08-30,1698.6396055008763,1386.8364502320915
2019-09-03,1701.9568394240723,1389.5447709987429
2019-09-04,1717.757550424353,1402.4450954017589
2019-09-05,1714.2928862489771,1399.6164067554655
2019-09-06,1709.3286766476747,1395.5634300090246
2019-09-09,1707.3466419662395,1393.945218628025
2019-09-10,1701.3835473678948,1389.0767127257809
2019-09-11,1712.7884780496643,1398.3881484951035
2019-09-12,1717.782743811448,1402.4656642778259
2019-09-13,1711.5563288641711,1397.3821732446545
2019-09-16,1713.8453866196696,1399.2510503871226
2019-09-17,1717.817421599374,1402.4939765932538
2019-09-18,1714.2376340389078,1399.571296669352
2019-09-19,1716.8621991038699,1401.7140952278619
2019-09-20,1719.7978474621927,1404.1108744712055
2019-09-23,1723.3337895816135,1406.9977572456582
2019-09-24,1718.7336702948987,1403.2420382093355
2019-09-25,1712.193778612208,1397.9026123907252
2019-09-26,1709.8345228547057,1395.9764228274253
2019-09-27,1700.7835685795128,1388.586866350835
2019-09-30,1695.2286560163211,1384.0516163804832
2019-10-01,1686.7419222709027,1377.1227118244813
2019-10-02,1676.9478163002677,1369.126416957974
2019-10-03,1688.1606253966065,1378.280997078406
2019-10-04,1701.6299063611698,1389.2778499361759
2019-10-07,1691.3690218336369,1380.9004586235503
2019-10-08,1681.7812537644254,1373.0726261676875
2019-10-09,1691.8061982146623,1381.2573866843486
2019-10-10,1692.5033950239658,1381.8266056905443
2019-10-11,1699.1134249152592,1387.2232951122926
2019-10-14,1700.7169737281611,1388.5324956844779
2019-10-15,1705.9735482914712,1392.8241707308821
2019-10-16,1708.2344591086769,1394.6700676014545
2019-10-17,1712.2268647427832,1397.9296252142408
2019-10-18,1707.0050473159179,1393.6663272665289
2019-10-21,1710.6564977296443,1396.647515573673
2019-10-22,1709.2994269206913,1395.5395493768958
2019-10-23,1713.8923838224318,1399.2894207592958
2019-10-24,1720.4544447445123,1404.6469464203683
2019-10-25,1726.2813392072633,1409.4042531536088
2019-10-28,1726.1504385171743,1409.2973806611813
2019-10-29,1723.9377008188098,1407.4908142271024
2019-10-30,1730.8845501517671,1413.1624963414345
2019-10-31,1734.9928507134414,1416.5166751495749
2019-11-01,1745.2636903402124,1424.9021941983281
2019-11-04,1747.4870128283203,1426.7174024727283
2019-11-05,1735.1139486823977,1416.6155443133775
2019-11-06,1738.2770262156475,1419.198005715911
2019-11-07,1731.3615115702153,1413.5519064778262
2019-11-08,1729.6817538335636,1412.1804859309345
2019-11-11,1726.0488684601851,1409.2144548558317
2019-11-12,1730.0826584483566,1412.5078002894722
2019-11-13,1733.1057657362066,1414.9759844564819
2019-11-14,1737.4760714320398,1418.5440746022732
2019-11-15,1743.4583077908617,1423.4282085936452
2019-11-18,1746.2450608102113,1425.7034238026351
2019-11-19,1746.2775824853145,1425.7299757824135
2019-11-20,1742.6374941252657,1422.7580639045595
2019-11-21,1737.2186261899089,1418.3338861405359
2019-11-22,1738.3198211938382,1419.2329452260044
2019-11-25,1743.3744307391662,1423.3597280564832
2019-11-26,1749.0273323403094,1427.974980146834
2019-11-27,1750.2747924770451,1428.9934558624795
2019-11-29,1750.4014314518997,1429.0968489223019
2019-12-02,1740.9939250831503,1421.416189236915
2019-12-03,1740.7143241877015,1421.1879120249212
2019-12-04,1746.1312226600744,1425.6104818415938
2019-12-05,1748.4082881127074,1427.469567994448
2019-12-06,1750.9226902287623,1429.5224251713282
2019-12-09,1747.411767896388,1426.6559695390079
2019-12-10,1748.2228331482547,1427.318155238177
2019-12-11,1756.0208766047786,1433.6847858471533
2019-12-12,1762.5872712482428,1439.0458497294944
2019-12-13,1766.370608066034,1442.13471530488
2019-12-16,1773.6034478605932,1448.0398913253264
2019-12-17,1773.6850486756302,1448.1065134529958
2019-12-18,1773.8025953735935,1448.2024832189261
2019-12-19,1780.0081937309405,1453.2689787660681
2019-12-20,1785.4196230878604,1457.6870833809194
2019-12-23,1789.2483619418749,1460.8130169715241
2019-12-24,1795.9852439548354,1466.3132734745698
2019-12-26,1807.364105709139,1475.6034255420927
2019-12-27,1806.8415147354112,1475.1767616349393
2019-12-30,1802.3882550221542,1471.5409445536147
2019-12-31,1806.3786453820967,1474.798856816994
2020-01-02,1821.8086948079426,1487.3965584738655
2020-01-03,1823.1829896831366,1488.5185870784701
2020-01-06,1835.0607016175902,1498.2160201317868
2020-01-07,1834.9293133821495,1498.1087495880818
2020-01-08,1835.1086894444943,1498.2551992886265
2020-01-09,1838.319880246655,1500.8769422638077
2020-01-10,1839.6040204420856,1501.9253650278031
2020-01-13,1841.6361098197967,1503.5844430394147
2020-01-14,1839.2947853490193,1501.6728932866718
2020-01-15,1846.0844354695187,1507.2162317564319
2020-01-16,1854.1144581185131,1513.7722593385929
2020-01-17,1858.9480030254199,1517.7185562688092
2020-01-21,1857.5680815293158,1516.5919338687083
2020-01-22,1857.955892442124,1516.9085580118981
2020-01-23,1860.9038546981276,1519.3153908075628
2020-01-24,1855.3184892303868,1514.7552778834051
2020-01-27,1842.6795287016089,1504.4363314173092
2020-01-28,1847.3703283694344,1508.2660854975804
2020-01-29,1850.5059237137459,1510.8261093558413
2020-01-30,1854.1255932657712,1513.7813505125218
2020-01-31,1838.4380406794085,1500.9734131070559
2020-02-03,1841.7650792757627,1503.689738796043
2020-02-04,1849.1971673268035,1509.7575889610453
2020-02-05,1863.1113948324864,1521.1177137451446
2020-02-06,1870.8414054109398,1527.428799625965
2020-02-07,1866.6593130932156,1524.014374314278
2020-02-10,1877.0329284704994,1532.4838035441844
2020-02-11,1876.5098185448342,1532.0567159441771
2020-02-12,1883.3245330527698,1537.6205179695889
2020-02-13,1886.2267616593977,1539.9900120079617
2020-02-14,1891.1308495327539,1543.9939030016055
2020-02-18,1897.553902478096,1549.2379370612875
2020-02-19,1907.4062425542543,1557.2817765511063
2020-02-20,1905.6942002274309,1555.8839975899368
2020-02-21,1905.0746819769743,1555.3781984265738
2020-02-24,1874.0013186430197,1530.0086775680711
2020-02-25,1826.7671843827566,1491.4448651648072
2020-02-26,1826.12424988473,1490.919948052262
2020-02-27,1778.3090567101731,1451.8817362063705
2020-02-28,1746.348888186139,1425.7881925723041
2020-03-02,1770.0937954359733,1445.1744724958435
2020-03-03,1782.5895062428667,1455.3764642323126
2020-03-04,1804.9837550165901,1473.6600132408187
2020-03-05,1806.9634535570613,1475.2763173040853
2020-03-06,1803.8207513374077,1472.7104911121569
2020-03-09,1768.844498427934,1444.1544970859306
2020-03-10,1768.2864850345279,1443.6989129165831
2020-03-11,1735.5555947541184,1416.9761216061602
2020-03-12,1660.6016469008327,1355.7807587786929
2020-03-13,1673.4151716538095,1366.2422263706599
2020-03-16,1627.5102380812914,1328.7636258966772
2020-03-17,1645.9153997121873,1343.7903266397186
2020-03-18,1602.5840486652637,1308.4129005658949
2020-03-19,1592.6766956392255,1300.3241463314289
2020-03-20,1597.3276451087918,1304.1213651362268
2020-03-23,1622.3354711225952,1324.5387418091193
2020-03-24,1687.9335807391064,1378.0956288544278
2020-03-25,1684.8395396143887,1375.5695315019464
2020-03-26,1720.8522633527045,1404.971741241256
2020-03-27,1706.3539754826347,1393.1347665121511
2020-03-30,1725.3736303136025,1408.6631637689909
2020-03-31,1696.533687739807,1385.1170958129537
2020-04-01,1704.8955631275837,1391.9440610753397
2020-04-02,1716.278125742544,1401.2372346716429
2020-04-03,1720.4659085505377,1404.6563059242931
2020-04-06,1735.2214886276852,1416.7033441712747
2020-04-07,1726.8518631094496,1409.8700513963431
2020-04-08,1719.2322177939473,1403.6490720743268
2020-04-09,1739.9044904294524,1420.5267317657717
2020-04-13,1750.1779936468399,1428.9144254750847
2020-04-14,1757.3323046188161,1434.7554874638085
2020-04-15,1762.5814565265755,1439.0411023611132
2020-04-16,1763.0295533582994,1439.4069463090909
2020-04-17,1745.974622548536,1425.482627326671
2020-04-20,1753.8281891849142,1431.8945892521933
2020-04-21,1751.6872600528741,1430.1466501672562
2020-04-22,1762.7859292317321,1439.2080419518716
2020-04-23,1770.8264768872702,1445.7726625649889
2020-04-24,1767.87336055889,1443.3616217811104
2020-04-27,1757.4836973990496,1434.8790905078263
2020-04-28,1758.6282722202532,1435.8135665891109
2020-04-29,1762.1992649362282,1438.7290660546773
2020-04-30,1746.3567050938454,1425.794574604432
2020-05-01,1751.9850476642191,1430.3897757322698
2020-05-04,1754.6206804356975,1432.5416104034239
2020-05-05,1756.8355381556894,1434.349907706875
2020-05-06,1743.8515394983697,1423.7492584876868
2020-05-07,1760.9630115763407,1437.719739994187
2020-05-08,1753.248504962598,1431.4213121623807
2020-05-11,1745.9188653184192,1425.4371049222486
2020-05-12,1752.0942377991901,1430.478922870187
2020-05-13,1761.0231722667609,1437.7688575574862
2020-05-14,1768.9506044190839,1444.2411262070457
2020-05-15,1772.3079947728997,1446.9822322693622
2020-05-18,1760.3881507762396,1437.250400936739
2020-05-19,1770.2250087188158,1445.2816002013392
2020-05-20,1772.1989672651098,1446.8932179066974
2020-05-21,1762.3320448943191,1438.8374728557114
2020-05-22,1768.5378207143544,1443.9041132903999
2020-05-26,1755.5745878947239,1433.3204181211072
2020-05-27,1757.7120956633498,1435.0655638698493
2020-05-28,1759.1388599676015,1436.2304305882624
2020-05-29,1767.7347499375726,1443.2484545963775
2020-06-01,1770.3770676487916,1445.4057471163126
2020-06-02,1774.5822885017092,1448.8390554774362
2020-06-03,1775.8471933268002,1449.8717737255156
2020-06-04,1780.2687775226955,1453.4817296636554
2020-06-05,1793.8510069241879,1464.5707980854704
2020-06-08,1814.6682484980915,1481.566816142793
2020-06-09,1812.9579156146663,1480.1704328387164
2020-06-10,1816.7353043348,1483.2544421522944
2020-06-11,1747.7099839758794,1426.8994449223364
2020-06-12,1761.2179332580588,1437.9278681215524
2020-06-15,1769.8341272555592,1444.9624691395129
2020-06-16,1790.0285435191904,1461.4499880192493
2020-06-17,1786.8523117019022,1458.8567869397868
2020-06-18,1785.8841715258948,1458.0663590699355
2020-06-19,1787.4391123098476,1459.3358741278412
2020-06-22,1798.9391437575939,1468.7249539178692
2020-06-23,1809.9477629491603,1477.7128253369438
2020-06-24,1779.649032894587,1452.9757456766383
2020-06-25,1790.5968938784847,1461.9140116957367
2020-06-26,1768.3158832085621,1443.7229147467476
2020-06-29,1784.1009824330445,1456.61049307952
2020-06-30,1800.9182485671836,1470.3407732357991
2020-07-01,1801.6675685440975,1470.9525476542844
2020-07-02,1807.7563095974933,1475.9236362839904
2020-07-06,1820.4709017245941,1486.3043313735166
2020-07-07,1813.8212702366295,1480.8753096444482
2020-07-08,1819.4117591479762,1485.4396055502814
2020-07-09,1817.045552830333,1483.5077412752169
2020-07-10,1824.6265503347886,1489.6971669981604
2020-07-13,1817.5737491354853,1483.9389815962895
2020-07-14,1829.3868291269346,1493.5836465791356
2020-07-15,1837.6282746063807,1500.3122881087943
2020-07-16,1835.2037436959536,1498.3328053330451
2020-07-17,1837.691958316188,1500.3642820042394
2020-07-20,1845.8574323759731,1507.0308974669088
2020-07-21,1848.826785277382,1509.4551944301613
2020-07-22,1854.5118023790883,1514.0966668833569
2020-07-23,1844.0343312518903,1505.5424457181391
2020-07-24,1837.5324560106276,1500.2340580235136
2020-07-27,1842.9476955938144,1504.6552734575482
2020-07-28,1839.1151519668365,1501.5262335000521
2020-07-29,1851.8036954232507,1511.8856614262136
2020-07-30,1849.6781972218355,1510.1503207623787
2020-07-31,1857.3581043623333,1516.4205002179554
2020-08-03,1863.2555677457153,1521.2354222046424
2020-08-04,1870.0461706572046,1526.7795385705906
2020-08-05,1872.7736606758554,1529.0063691256182
2020-08-06,1880.1467916503561,1535.0260844052214
2020-08-07,1878.8613994711218,1533.9766394722101
2020-08-10,1880.721625671315,1535.4954015991202
2020-08-11,1869.664808054421,1526.4681790823374
2020-08-12,1880.1367523294316,1535.0178879071834
2020-08-13,1876.5091978527398,1532.0562091866432
2020-08-14,1876.9920282369008,1532.4504109783979
2020-08-17,1881.5491549468397,1536.1710291773395
2020-08-18,1885.2145485554688,1539.1636012593945
2020-08-19,1879.9935586628476,1534.9009789433176
2020-08-20,1885.6285993883275,1539.501648709482
2020-08-21,1889.7228560724309,1542.8443615414053
2020-08-24,1898.2194000800814,1549.7812755828841
2020-08-25,1899.4374993707347,1550.7757799443798
2020-08-26,1908.8711160928835,1558.4777571533341
2020-08-27,1907.7777382862787,1557.5850803364485
2020-08-28,1915.6904269726181,1564.0453118381852
2020-08-31,1913.0629166212807,1561.9001086315743
2020-09-01,1926.303113102332,1572.7099278708604
2020-09-02,1945.067645821764,1588.0300333615171
2020-09-03,1903.3240721011464,1553.9489313954336
2020-09-04,1893.6187932728956,1546.0251585155972
2020-09-08,1858.1952951402809,1517.1040158282685
2020-09-09,1879.8300215853792,1534.7674608154794
2020-09-10,1857.2654635813951,1516.3448646261759
2020-09-11,1856.5186076753162,1515.7351019724219
2020-09-14,1878.0084010528403,1533.2802178801126
2020-09-15,1882.1763864025561,1536.6831257060576
2020-09-16,1883.5852310798575,1537.8333621334136
2020-09-17,1872.5842680536889,1528.8517415100991
2020-09-18,1858.4777667931858,1517.3346368400107
2020-09-21,1829.0513652895443,1493.309760655412
2020-09-22,1838.8795912506114,1501.3339124294464
2020-09-23,1803.3475959940204,1472.3241884057422
2020-09-24,1807.2282580852541,1475.4925141775707
2020-09-25,1827.3927776992491,1491.9556242519777
2020-09-28,1856.240863489666,1515.508340651626
2020-09-29,1847.4720724354465,1508.3491533707695
2020-09-30,1854.1938155511948,1513.8370498803224
2020-10-01,1867.6627346623986,1524.8336073067208
2020-10-02,1865.9070909242414,1523.400230431595
2020-10-05,1891.0764401736265,1543.9494810522858
2020-10-06,1876.8586442158039,1532.3415109964735
2020-10-07,1901.6981638412674,1552.621475687801
2020-10-08,1918.875519339183,1566.6457470199648
2020-10-09,1927.0990940627355,1573.3597981588273
2020-10-12,1947.0539266348869,1589.6517114520993
2020-10-13,1933.9221947609303,1578.9304470011225
2020-10-14,1924.5307729738638,1571.2629194033739
2020-10-15,1930.0787297102786,1575.7924903620715
2020-10-16,1927.7374208269448,1573.8809533355331
2020-10-19,1906.4797814096987,1556.5253770883667
2020-10-20,1913.2491087597864,1562.052123245852
2020-10-21,1908.4142660617231,1558.1047667476878
2020-10-22,1922.5655203306301,1569.6584095410549
2020-10-23,1930.4182784479642,1576.0697113597028
2020-10-26,1901.2542777162193,1552.2590695270269
2020-10-27,1890.0837162453975,1543.1389820363515
2020-10-28,1841.4780307586218,1503.4553810516088
2020-10-29,1856.4735205538468,1515.6982910660431
2020-10-30,1841.6860312974454,1503.6252009050813
2020-11-02,1863.8799408990239,1521.7451851024059
2020-11-03,1892.2030425775965,1544.8692837424419
2020-11-04,1907.1079417237515,1557.0382319737096
2020-11-05,1940.9444937014539,1584.6637291544453
2020-11-06,1932.5296445917161,1577.7935140536106
2020-11-09,1975.272884008657,1612.6907825692192
2020-11-10,1986.3601634278493,1621.7428753042818
2020-11-11,1987.8891561215059,1622.9912053166249
2020-11-12,1969.8340166061594,1608.2502764504779
2020-11-13,1997.4930965007825,1630.8322414850411
2020-11-16,2027.6784432819968,1655.4767505636694
2020-11-17,2024.7549712937071,1653.0899125896444
2020-11-18,2005.3452544536101,1637.2430533056863
2020-11-19,2012.8896720205084,1643.4026137231303
2020-11-20,2005.2224166627325,1637.1427636825649
2020-11-23,2023.584926359357,1652.1346417022169
2020-11-24,2056.7560831987748,1679.2168840167694
2020-11-25,2050.4126137894759,1674.0378250985277
2020-11-27,2051.8708233203724,1675.2283649416904
2020-11-30,2031.0644368089211,1658.2412093860012
2020-12-01,2054.9846179129554,1677.7705898053669
2020-12-02,2064.7531758505329,1685.7460262488385
2020-12-03,2070.2641889061015,1690.2454349276525
2020-12-04,2108.2397842281825,1721.2502105383071
2020-12-07,2100.4019583924164,1714.8511000239812
2020-12-08,2113.9348347957639,1725.8998747092469
2020-12-09,2102.8951865999238,1716.8866699858027
2020-12-10,2107.5227983701334,1720.6648349712807
2020-12-11,2097.3007182594702,1712.3191251169053
2020-12-14,2087.316863119514,1704.1679115357024
2020-12-15,2130.8152101401802,1739.6816797168676
2020-12-16,2125.5386837507613,1735.373715211766
2020-12-17,2141.0675520191298,1748.0520964738562
2020-12-18,2123.1831932020259,1733.4505997135848
2020-12-21,2111.7357117233578,1724.1044237934184
2020-12-22,2113.4833674888569,1725.5312789722352
2020-12-23,2131.9569471993605,1740.6138389371786
2020-12-24,2135.9805580413495,1743.8988737139189
2020-12-28,2147.3120468310713,1753.1503486224819
2020-12-29,2126.8544013661704,1736.4479190283691
2020-12-30,2141.7331323017916,1748.5955024992202
2020-12-31,2147.5505010457637,1753.3450320594961
2021-01-04,2118.5704753371833,1729.6845947005831
2021-01-05,2148.1953105774501,1753.871480023563
2021-01-06,2211.7005302685579,1805.7196490892175
2021-01-07,2238.3150501223263,1827.4487940585811
2021-01-08,2232.3754980694039,1822.5995092200737
2021-01-11,2228.1733207560005,1819.1686857247935
2021-01-12,2251.5481589098258,1838.252826624971
2021-01-13,2242.0898642938819,1830.5307014090358
2021-01-14,2261.8226395922929,1846.6413183753737
2021-01-15,2236.0486424301657,1825.5984093222335
2021-01-19,2252.5072277533363,1839.0358483007608
2021-01-20,2273.5867694544668,1856.2460185397235
2021-01-21,2260.9819339929254,1845.9549331260587
2021-01-22,2271.4196805768606,1854.4767216055038
2021-01-25,2273.7184023074979,1856.353488798889
2021-01-26,2266.1276105877914,1850.1560666918581
2021-01-27,2225.3351848862449,1816.8515195277128
2021-01-28,2227.5736989315938,1818.6791307893325
2021-01-29,2190.7042593077335,1788.5774643708553
2021-02-01,2211.9910215790683,1805.9568176661105
2021-02-02,2224.3673496702581,1816.0613406392647
2021-02-03,2223.7029782766499,1815.5189215986607
2021-02-04,2229.5645032917432,1820.3045020823336
2021-02-05,2238.2317781566062,1827.3808075375027
2021-02-08,2252.6681219079601,1839.1672086420235
2021-02-09,2253.4972340937879,1839.8441285707204
2021-02-10,2255.5961214268518,1841.5577430708163
2021-02-11,2253.69829650156,1840.0082838600276
2021-02-12,2257.7821844331443,1843.3425312329507
2021-02-16,2247.2394004489333,1834.734986072177
2021-02-17,2243.0170359066005,1831.2876809260408
2021-02-18,2237.0373396116843,1826.405620743144
2021-02-19,2234.6065315382762,1824.4210130436627
2021-02-22,2229.6067638592694,1820.339005278458
2021-02-23,2230.6162058087498,1821.163153547107
2021-02-24,2244.8529014783217,1832.7865540739081
2021-02-25,2197.6358924674255,1794.2367234004737
2021-02-26,2184.2981196857108,1783.347239016209
2021-03-01,2211.9903203937956,1805.9562451907652
2021-03-02,2201.5363589779572,1797.4212182822594
2021-03-03,2183.928256135725,1783.0452678087372
2021-03-04,2167.695576795365,1769.792267395208
2021-03-05,2191.5305767976952,1789.2521025994897
2021-03-08,2184.9627009540791,1783.8898294068545
2021-03-09,2203.7085467118613,1799.1946781241047
2021-03-10,2211.9981404812938,1805.9626298190003
2021-03-11,2225.5843178680716,1817.0549215319011
2021-03-12,2227.407996642346,1818.5438448970974
2021-03-15,2235.4910615097274,1825.1431782408936
2021-03-16,2233.7713029980291,1823.7390994816933
2021-03-17,2238.4147348078332,1827.530180572202
2021-03-18,2218.5357896776877,1811.3002247832453
2021-03-19,2216.0449199948589,1809.2665804141052
2021-03-22,2226.7759652227201,1818.0278294883014
2021-03-23,2216.1143356952448,1809.3232541330044
2021-03-24,2209.2826463146271,1803.7455931512272
2021-03-25,2216.8052464021189,1809.8873409169501
2021-03-26,2238.4754461556358,1827.5797477139324
2021-03-29,2237.7856238351824,1827.0165495316398
2021-03-30,2234.1629963866139,1824.0588934314192
2021-03-31,2239.6840130281953,1828.5664694328784
2021-04-01,2254.0863716309364,1840.325123720057
2021-04-05,2273.5817342710393,1856.2419076171427
2021-04-06,2272.768790598303,1855.5781883009997
2021-04-07,2274.3626966986199,1856.8795161818571
2021-04-08,2280.9066533682899,1862.2222608163565
2021-04-09,2290.9766816822739,1870.4438295796635
2021-04-12,2291.4856550457589,1870.859375532079
2021-04-13,2295.622271612202,1874.2366726446619
2021-04-14,2290.8424869488845,1870.3342677002099
2021-04-15,2305.8282531642508,1882.5692390000802
2021-04-16,2310.5414924804772,1886.417313695408
2021-04-19,2303.5917310000132,1880.7432539888557
2021-04-20,2293.284957817983,1872.3283973666357
2021-04-21,2306.5084830331216,1883.1246055261115
2021-04-22,2293.62477191376,1872.6058350130913
2021-04-23,2308.7811830146884,1884.9801275360028
2021-04-26,2311.7309612593763,1887.388442976539
2021-04-27,2311.4261237283349,1887.1395615786969
2021-04-28,2311.0198923643875,1886.8078982518055
2021-04-29,2320.0387914666253,1894.1712836193924
2021-04-30,2310.6812419113439,1886.5314106492278
2021-05-03,2308.1743007442906,1884.484644885732
2021-05-04,2307.1770114770161,1883.6704185467238
2021-05-05,2307.9483110397168,1884.3001379669806
2021-05-06,2310.5554154476526,1886.4286809556038
2021-05-07,2313.6777323223287,1888.977863746911
2021-05-10,2308.9621014254612,1885.1278364707082
2021-05-11,2306.0769827231106,1882.7723116338277
2021-05-12,2295.8933238754807,1874.4579704157818
2021-05-13,2303.2777792666702,1880.4869313963507
2021-05-14,2310.0517388921403,1886.0174595263788
2021-05-17,2310.884413196748,1886.6972877095102
2021-05-18,2307.4601712347985,1883.9016013544604
2021-05-19,2303.9270468719842,1881.0170191077693
2021-05-20,2306.2268992763493,1882.8947094278342
2021-05-21,2307.7217263482817,1884.1151452774611
2021-05-24,2309.9072792062607,1885.8995169343675
2021-05-25,2308.2860203831542,1884.5758572105135
2021-05-26,2312.538391351095,1888.0476607874177
2021-05-27,2314.8420746182592,1889.9284787751458
2021-05-28,2314.7856692654382,1889.8824272177544
2021-06-01,2319.1831329832044,1893.4726902450743
2021-06-02,2321.8481505489385,1895.6485158226128
2021-06-03,2317.9034660719431,1892.427919646917
2021-06-04,2320.5863433209061,1894.618326575091
2021-06-07,2322.9863932972448,1896.5778221495418
2021-06-08,2326.7043228690345,1899.6132866664739
2021-06-09,2326.4096013346125,1899.3726643677351
2021-06-10,2324.821185095449,1898.0758186263083
2021-06-11,2327.1287498625115,1899.9598056238267
2021-06-14,2324.0920810768857,1897.4805493145134
2021-06-15,2325.2907586987089,1898.4591970586482
2021-06-16,2322.1714411230523,1895.9124630134975
2021-06-17,2318.3558265648953,1892.7972446162862
2021-06-18,2313.1521047229453,1888.5487206186619
2021-06-21,2317.6748637539581,1892.2412796874089
2021-06-22,2319.5355544266886,1893.7604210280404
2021-06-23,2318.934907867615,1893.2700294587328
2021-06-24,2322.868836448275,1896.4818440959291
2021-06-25,2321.5096943607541,1895.3721868255379
2021-06-28,2319.7300553301893,1893.9192192461583
2021-06-29,2318.7817921896349,1893.14501977296
2021-06-30,2319.3690114376113,1893.6244487552672
2021-07-01,2318.182506761782,1892.6557394849301
2021-07-02,2318.3222269670268,1892.7698125777981
2021-07-06,2318.1240410535411,1892.6080057720135
2021-07-07,2318.4846636081284,1892.9024322659313
2021-07-08,2316.870417829482,1891.5844982685076
2021-07-09,2318.7335181313201,1893.1056069254944
2021-07-12,2319.2530170145328,1893.5297463278494
2021-07-13,2311.741598577607,1887.3971277031928
2021-07-14,2313.1474195292094,1888.5448954414867
2021-07-15,2314.9097777943671,1889.9837543216006
2021-07-16,2310.9220357257491,1886.7280042278353
2021-07-19,2311.9332770441983,1887.5536215723646
2021-07-20,2318.007818744979,1892.5131172898878
2021-07-21,2317.9011598103784,1892.4260367239058
2021-07-22,2316.43369689681,1891.2279420537297
2021-07-23,2316.6877228791855,1891.435338896782
2021-07-26,2317.5646659384647,1892.1513098393223
2021-07-27,2318.8848807597469,1893.2291853523866
2021-07-28,2322.9577335457338,1896.5544231966853
2021-07-29,2323.2942055595522,1896.8291322354567
2021-07-30,2323.1530346935933,1896.7138747658978
2021-08-02,2323.8292205935604,1897.265939636027
2021-08-03,2325.9792906271387,1899.021341713938
2021-08-04,2320.567022785116,1894.6025525267385
2021-08-05,2318.2763094514125,1892.7323237048477
2021-08-06,2310.6966821753713,1886.54401669049
2021-08-09,2303.5522835520451,1880.7110475346255
2021-08-10,2301.787919567947,1879.2705511063662
2021-08-11,2306.6311626505712,1883.2247660102023
2021-08-12,2305.3182038098444,1882.1528145661891
2021-08-13,2313.13567818498,1888.5353093444128
2021-08-16,2314.9402502693265,1890.0086332534622
2021-08-17,2310.8086929646229,1886.6354667219448
2021-08-18,2305.9029371133524,1882.6302139252662
2021-08-19,2307.3989825360559,1883.8516444845734
2021-08-20,2310.0153017924185,1885.98771083933
2021-08-23,2313.9969218347792,1889.238462669111
2021-08-24,2311.6903176732712,1887.3552599478996
2021-08-25,2307.3756690611817,1883.8326104430776
2021-08-26,2304.0896337530971,1881.1497614577816
2021-08-27,2317.2158984296266,1891.866562272889
2021-08-30,2319.8336748625766,1894.0038183241531
2021-08-31,2317.0346880572483,1891.7186149691995
2021-09-01,2309.4686707906171,1885.5414197039595
2021-09-02,2313.0600659698921,1888.4735765462215
2021-09-03,2316.5436983885252,1891.317751615333
2021-09-07,2300.6454012611262,1878.3377540446324
2021-09-08,2299.0772169201532,1877.0574264238105
2021-09-09,2296.4719318964344,1874.9303688523069
2021-09-10,2281.8417560243088,1862.9857155502971
2021-09-13,2287.4144484089525,1867.5354816689764
2021-09-14,2284.6956816420065,1865.3157731211068
2021-09-15,2292.5932154294769,1871.7636315649663
2021-09-16,2278.6171689744738,1860.35303534952
2021-09-17,2263.2079175079471,1847.7723139679119
2021-09-20,2246.069676730639,1833.7799774382233
2021-09-21,2247.5247822403976,1834.9679830359573
2021-09-22,2259.2879872989433,1844.5719281541069
2021-09-23,2266.2823343350296,1850.282389268875
2021-09-24,2266.5772265486876,1850.5231509168818
2021-09-27,2262.371660704237,1847.0895608910473
2021-09-28,2228.8618871949425,1819.7308585558287
2021-09-29,2229.5952664265506,1820.3296183203743
2021-09-30,2221.6981319320448,1813.8820858750582
2021-10-01,2239.0939701946854,1823.4081229707631
2021-10-04,2220.6358424531204,1809.2337424811599
2021-10-05,2231.700767487695,1820.5244312777108
2021-10-06,2237.5180720904018,1825.0817927108324
2021-10-07,2245.6396528952655,1834.6008199354219
2021-10-08,2241.2289736423909,1832.5767658147536
2021-10-11,2229.2324040549829,1824.5537486071103
2021-10-12,2229.9212148277625,1821.8461470382376
2021-10-13,2236.459027613053,1825.7964214609101
2021-10-14,2261.2580526926022,1844.3271083585309
2021-10-15,2267.3212813166283,1852.8587501744928
2021-10-18,2270.1835565998408,1856.2012409371391
2021-10-19,2277.7291554828798,1864.9359955925656
2021-10-20,2282.8364766002446,1869.417905658853
2021-10-21,2284.1850233876226,1872.4063520952707
2021-10-22,2284.9626953750312,1871.2180229617802
2021-10-25,2293.5831798677523,1877.3704780778385
2021-10-26,2295.9351651536485,1878.4097901201656
2021-10-27,2294.6015464213119,1873.2980010380811
2021-10-28,2305.8810313778085,1884.3865429747784
2021-10-29,2309.1530883559408,1886.7422623936584
2021-11-01,2307.2843556169091,1888.550250159155
2021-11-02,2312.8870055368525,1893.1361114042611
2021-11-03,2321.380600789319,1900.0882590230608
2021-11-04,2327.9767303604508,1905.4872997270456
2021-11-05,2332.8565347943168,1909.4815000352437
2021-11-08,2334.0624165773615,1910.4685341376885
2021-11-09,2329.3961963260163,1906.6491560009958
2021-11-10,2318.0754725890779,1897.3829571498095
2021-11-11,2318.5285139258503,1897.7537789463563
2021-11-12,2329.0696620856079,1906.3818823466208
2021-11-15,2329.5526961928826,1906.777253719858
2021-11-16,2335.125293883686,1911.3385167203992
2021-11-17,2331.6942186690185,1908.5301251412684
2021-11-18,2336.4837134856684,1912.4504055402144
2021-11-19,2333.9557946331142,1910.3812623200688
2021-11-22,2329.9822693899032,1907.1288664574554
2021-11-23,2331.850949484643,1908.6584118954927
2021-11-24,2335.6170106546301,1911.7409949968689
2021-11-26,2304.0903501922589,1885.9359041081152
2021-11-29,2321.0452780701412,1899.8137918540508
2021-11-30,2293.8246121489037,1877.5332284246215
2021-12-01,2276.0502538362116,1862.9846233703136
2021-12-02,2294.87910714395,1878.3963499474794
2021-12-03,2288.2590611128417,1872.9777332270569
2021-12-06,2299.8618649227524,1882.4748192643328
2021-12-07,2324.9966178371742,1903.0480285389772
2021-12-08,2325.8075119084601,1903.7117586931954
2021-12-09,2318.5437225378701,1897.7662274458069
2021-12-10,2332.4149878453654,1909.1200865844608
2021-12-13,2324.1932339971409,1902.3904456327457
2021-12-14,2312.9307705754991,1893.1719338092807
2021-12-15,2333.4174806168294,1909.9406434307473
2021-12-16,2323.564643839753,1901.8759342349231
2021-12-17,2310.6544374109385,1891.3087176188224
2021-12-20,2295.0645234676772,1878.5481162625865
2021-12-21,2315.8713905634413,1895.578879706665
2021-12-22,2330.7533502358597,1907.7600088309459
2021-12-23,2337.6582310033386,1913.4117674748236
2021-12-27,2358.12879132739,1930.1672582866827
2021-12-28,2356.7904816992004,1929.071829811664
2021-12-29,2353.9625483199115,1926.7571197596117
2021-12-30,2352.9786201846418,1925.9517583738429
2021-12-31,2348.3170481813399,1922.1361849047389
2022-01-03,2337.7153515832615,1913.4585216103683
2022-01-04,2344.0422451830846,1918.6371882370404
2022-01-05,2314.0920690877488,1894.1224757702134
2022-01-06,2301.4366544078221,1883.7638103974518
2022-01-07,2300.1265947503357,1882.6915049887812
2022-01-10,2301.2060659916451,1883.5750699806088
2022-01-11,2324.8942237130937,1902.9642172618028
2022-01-12,2331.123034322698,1908.0626013453791
2022-01-13,2308.7245020389105,1889.7290337273407
2022-01-14,2306.5996124766734,1887.9897766199304
2022-01-18,2280.6946643174119,1866.786149850896
2022-01-19,2281.4115335238753,1867.3729191044999
2022-01-20,2264.2479286973175,1853.3242258387922
2022-01-21,2235.2082054543389,1829.5547340284011
2022-01-24,2245.8709478847359,1838.2823643420579
2022-01-25,2232.9861980680203,1827.735984382276
2022-01-26,2214.4574902427212,1812.5699318264185
2022-01-27,2196.1101978680472,1797.5523708051333
2022-01-28,2225.0812627912001,1821.2656646498222
2022-01-31,2254.0809219825564,1845.0023633740338
2022-02-01,2261.4224316007439,1851.0115099242721
2022-02-02,2276.2738641237152,1863.1676520738943
2022-02-03,2243.3506178958878,1836.2194327318575
2022-02-04,2250.3577656826033,1841.9548986155005
2022-02-07,2249.3863293027202,1841.1597619372767
2022-02-08,2261.8358693031155,1851.3499154937188
2022-02-09,2283.2157202336953,1868.8496756446591
2022-02-10,2256.7948159367052,1847.2237302781762
2022-02-11,2238.901224982756,1832.5775313430256
2022-02-14,2237.0747074679616,1831.0824966711666
2022-02-15,2253.8964138221363,1844.8513404055514
2022-02-16,2260.1739188732454,1849.9895816915841
2022-02-17,2237.9337032894528,1831.7855989002501
2022-02-18,2229.0921709106296,1824.5486590123821
2022-02-22,2216.094915638545,1813.9101914842154
2022-02-23,2195.3603761116365,1796.9386293466093
2022-02-24,2211.3540915899703,1810.0297489106331
2022-02-25,2238.1583569034397,1831.9694815837433
2022-02-28,2239.7035296196054,1833.2342309036744
2022-03-01,2242.8017138596047,1835.7701457367316
2022-03-02,2245.4868938413701,1837.968009781508
2022-03-03,2247.5124270433034,1839.6259420714332
2022-03-04,2256.525325462087,1847.0031478857127
2022-03-07,2250.6471382291384,1842.1917548113211
2022-03-08,2271.3495706226186,1859.1370367313543
2022-03-09,2259.9711236767457,1849.8235904828509
2022-03-10,2259.9238248386378,1849.7848756047629
2022-03-11,2245.0486656802523,1837.6093128132345
2022-03-14,2226.3467336427861,1822.3014733864061
2022-03-15,2223.3478610380275,1819.8468467626335
2022-03-16,2243.4998526010068,1836.3415837961593
2022-03-17,2256.2992721082701,1846.8181194921121
2022-03-18,2255.7587425891843,1846.3756871772557
2022-03-21,2262.441875365289,1851.8459414376084
2022-03-22,2263.9016104105585,1853.0407586166002
2022-03-23,2267.2768271244877,1855.8034290927881
2022-03-24,2284.2238966517689,1869.6748846493158
2022-03-25,2283.8673771835483,1869.3830675920658
2022-03-28,2272.192721330322,1859.8271694738048
2022-03-29,2281.3033213423541,1867.2843456514775
2022-03-30,2284.1463836056387,1869.6114389442801
2022-03-31,2273.6268040130039,1861.0009897714785
2022-04-01,2268.61834686988,1856.9014851016132
2022-04-04,2284.6958671835037,1870.0612003037363
2022-04-05,2261.6101282564896,1851.1651427286988
2022-04-06,2250.117829327025,1841.7585067562802
2022-04-07,2260.3234419607352,1850.1119688016063
2022-04-08,2262.3849009961023,1851.7993069779595
2022-04-11,2243.8338928862486,1836.6150012718681
2022-04-12,2245.9560417223552,1838.3520150497961
2022-04-13,2265.5222635515256,1854.3672899075279
2022-04-14,2245.8049779025864,1838.228366825025
2022-04-18,2249.2138073308597,1841.0185498615645
2022-04-19,2256.512842019019,1846.9929299819369
2022-04-20,2259.9918834870386,1849.8405827295262
2022-04-21,2236.6651149765453,1830.7472384702235
2022-04-22,2191.5091687358799,1793.7863526733008
2022-04-25,2182.6708926113597,1786.5520780832167
2022-04-26,2146.5945701319934,1757.0230138925081
2022-04-27,2143.3870612171054,1754.3976150122826
2022-04-28,2179.9559548209741,1784.3298567819211
2022-04-29,2132.1662663709285,1745.2132096041917
2022-05-02,2110.5511461014103,1727.5208776240252
2022-05-03,2112.8077118264528,1729.367913839633
2022-05-04,2121.0707407195277,1736.1313390954315
2022-05-05,2117.8901520463569,1733.527974876476
2022-05-06,2119.3254226436397,1734.7027675018173
2022-05-09,2107.1544966889219,1724.7406641310322
2022-05-10,2100.1796326737717,1719.0316230461872
2022-05-11,2106.954834464314,1724.5772373113982
2022-05-12,2094.2602725983411,1714.1865293220339
2022-05-13,2087.6732921527441,1708.7949773280016
2022-05-16,2095.4629209330415,1715.1709167937481
2022-05-17,2090.3711260746736,1711.0031988312348
2022-05-18,2090.8543392086754,1711.3987167407972
2022-05-19,2102.8756887453251,1721.2383893496033
2022-05-20,2103.5018741165468,1721.7509323903378
2022-05-23,2107.3980201796721,1724.9399921194777
2022-05-24,2113.7004756957949,1730.0986557721021
2022-05-25,2108.7051434872283,1726.0098940773637
2022-05-26,2107.2184887639019,1724.7930426984672
2022-05-27,2107.7028928039044,1725.1895353842078
2022-05-31,2099.5337810292158,1718.5029828367901
2022-06-01,2100.4256886435905,1719.2330239104645
2022-06-02,2105.6964391914717,1723.5472200525628
2022-06-03,2101.4325798949935,1720.0571809850314
2022-06-06,2099.6463289372132,1718.5951051533507
2022-06-07,2102.4730052863642,1720.9087863055292
2022-06-08,2102.1623966038983,1720.6545479826523
2022-06-09,2100.8960683620826,1719.6180374580424
2022-06-10,2106.6440978748019,1724.322894294497
2022-06-13,2095.4421040138723,1715.1538778025165
2022-06-14,2092.2233334600432,1712.519261085318
2022-06-15,2097.7284404997445,1717.025281876241
2022-06-16,2102.5332545497736,1720.9581013200432
2022-06-17,2099.1521112268761,1718.1905798167932
2022-06-21,2097.6816344331087,1716.9869703397205
2022-06-22,2099.4507612521438,1718.4350297817734
2022-06-23,2096.9799316056292,1716.4126150171319
2022-06-24,2096.6688639157528,1716.1580009891286
2022-06-27,2096.311059968973,1715.8651325650203
2022-06-28,2095.7395277561427,1715.3973240346645
2022-06-29,2095.5335761071156,1715.2287492175451
2022-06-30,2093.1144442102177,1713.2486499125189
2022-07-01,2091.3467728231694,1711.8017817655211
2022-07-05,2091.4809601038546,1711.9116162650657
2022-07-06,2091.632288944762,1712.0354814140044
2022-07-07,2091.7846882667495,1712.1602227693397
2022-07-08,2091.9362836224532,1712.2843060650287
2022-07-11,2092.096852006403,1712.4157339321391
2022-07-12,2092.2704522433719,1712.5578285856036
2022-07-13,2092.4611256367052,1712.7138978987775
2022-07-14,2092.6477575989065,1712.8666592340003
2022-07-15,2092.831726070458,1713.017240458254
2022-07-18,2093.0173352848369,1713.169164657538
2022-07-19,2093.2183799954923,1713.3337230647744
2022-07-20,2093.4136038076258,1713.4935169706901
2022-07-21,2093.6073849897011,1713.6521300601401
2022-07-22,2093.8007782512414,1713.8104256302427
2022-07-25,2093.9972737557064,1713.9712604372785
2022-07-26,2094.200440230692,1714.1375555435684
2022-07-27,2094.3961615169987,1714.297756640289
2022-07-28,2094.5858100800947,1714.452987113033
2022-07-29,2094.7746632697422,1714.6075665595081
2022-08-01,2094.9608512791847,1714.7599645120852
2022-08-02,2095.163137598789,1714.9255391966976
2022-08-03,2095.3626026867723,1715.0888046567577
2022-08-04,2095.5580264796304,1715.2487622501903
2022-08-05,2095.7560675584873,1715.4108621353244
2022-08-08,2095.958187136805,1715.576300339447
2022-08-09,2096.1692516509329,1715.7490601208694
2022-08-10,2096.3774982641294,1715.9195134039637
2022-08-11,2096.5821134197254,1716.0869942791956
2022-08-12,2096.7875603497246,1716.2551559754772
2022-08-15,2096.9940827432083,1716.4241979563355
2022-08-16,2097.2075231151393,1716.5989024165044
2022-08-17,2097.4185511575697,1716.7716323452419
2022-08-18,2097.6293569634872,1716.9441803697327
2022-08-19,2097.8414013433003,1717.1177421873588
2022-08-22,2098.0589843666294,1717.2958374759339
2022-08-23,2098.2810502056495,1717.4776020229924
2022-08-24,2098.5039503316007,1717.6600494476459
2022-08-25,2098.728252430858,1717.8436444105437
2022-08-26,2098.9546052253959,1718.0289179013068
2022-08-29,2099.1844676042224,1718.2170640446195
2022-08-30,2099.4204311223302,1718.4102040709306
2022-08-31,2099.6553681911487,1718.6025039315909
2022-09-01,2099.8905745850407,1718.7950242392603
2022-09-02,2100.1223227963737,1718.9847139675426
2022-09-06,2100.3561228825865,1719.176083189212
2022-09-07,2100.5970784387569,1719.373309280905
2022-09-08,2100.8394383702239,1719.5716848769107
2022-09-09,2101.0832838969045,1719.7712764570695
2022-09-12,2101.3293439632307,1719.9726806744056
2022-09-13,2101.5882164831828,1720.1845720960785
2022-09-14,2101.8450992130061,1720.3948348417553
2022-09-15,2102.0993436592044,1720.6029381088279
2022-09-16,2102.3515955526441,1720.8094104386466
2022-09-19,2102.6010439485758,1721.0135880595765
2022-09-20,2102.8673506219766,1721.2315644583007
2022-09-21,2103.1294056141714,1721.4460607859251
2022-09-22,2103.3866386057271,1721.6566102265992
2022-09-23,2103.6421220878997,1721.865727665026
2022-09-26,2103.9022506956821,1722.0786472152779
2022-09-27,2104.1692882845778,1722.2972218803743
2022-09-28,2104.4347419975716,1722.5145001169558
2022-09-29,2104.6992582573412,1722.7310110326316
2022-09-30,2104.9607320199971,1722.9450316143043
2022-10-03,2105.219808941411,1723.1570903419401
2022-10-04,2105.492271991277,1723.3801058362078
2022-10-05,2105.7629907296459,1723.6016935827829
2022-10-06,2106.0333397343452,1723.8229786962593
2022-10-07,2106.304128041802,1724.0446233862788
2022-10-10,2106.5743037159268,1724.2657666258249
2022-10-11,2106.848964874162,1724.4905813079993
2022-10-12,2107.1392636499336,1724.7281956377069
2022-10-13,2107.4336401705023,1724.9691476686985
2022-10-14,2107.7316906449196,1725.2131068914318
2022-10-17,2108.0346252713834,1725.461063873066
2022-10-18,2108.3492951134317,1725.7186263219555
2022-10-19,2108.6688458230674,1725.9801838413623
2022-10-20,2108.988203317112,1726.2415832106249
2022-10-21,2109.307206316083,1726.5026924198307
2022-10-24,2109.6285136428478,1726.7656877592922
2022-10-25,2109.954058767963,1727.0321518065077
2022-10-26,2110.2768345046588,1727.2963490636851
2022-10-27,2110.5996596188165,1727.5605867371282
2022-10-28,2110.9257574658418,1727.8275031963312
2022-10-31,2111.2523085808239,1728.094790662823
2022-11-01,2111.5849522686049,1728.3670650005063
2022-11-02,2111.9156345128608,1728.6377338643556
2022-11-03,2112.2463685432153,1728.9084451159797
2022-11-04,2112.5761872406893,1729.1784071525642
2022-11-07,2112.903638775605,1729.4464316276033
2022-11-08,2113.2397658033656,1729.7215571364366
2022-11-09,2113.5761880116784,1729.9969242554139
2022-11-10,2113.9096009061318,1730.2698282014289
2022-11-11,2114.2437114335412,1730.5433031715097
2022-11-14,2114.5782779073566,1730.8171513412337
2022-11-15,2114.9178958223715,1731.0951341987859
2022-11-16,2115.2571652157567,1731.3728317856433
2022-11-17,2115.5955214546857,1731.6497819405372
2022-11-18,2115.9357059238214,1731.9282285319694
2022-11-21,2116.2729607030969,1732.2042771239937
2022-11-22,2116.6183339674471,1732.4869708297776
2022-11-23,2116.963924827056,1732.7698426408651
2022-11-25,2117.3075560626353,1733.051110467406
2022-11-28,2117.6518883721665,1733.3329521345242
2022-11-29,2118.0019218708203,1733.619460318848
2022-11-30,2118.3520132276381,1733.9060158610321
2022-12-01,2120.9566431775961,1736.0379483779716
2022-12-02,2118.911183689579,1734.3637060946653
2022-12-05,2100.336605176783,1719.1601076255192
2022-12-06,2092.7060628959871,1712.9143830800531
2022-12-07,2095.6575440574652,1715.3302190268791
2022-12-08,2100.9774292862021,1719.6846327145945
2022-12-09,2098.058742819223,1717.2956397654025
2022-12-12,2103.509155271001,1721.7568921351931
2022-12-13,2115.6388193803332,1731.6852220058734
2022-12-14,2110.7639714994384,1727.695078717926
2022-12-15,2088.6894202800777,1709.6266949376663
2022-12-16,2085.399787706187,1706.9340764898238
2022-12-19,2079.2880326823583,1701.931504331319
2022-12-20,2087.3533084158471,1708.5330653686497
2022-12-21,2095.6983316330598,1715.3636043293477
2022-12-22,2082.0306345556151,1704.176369140122
2022-12-23,2086.9073704199482,1708.1680577736126
2022-12-27,2088.3373531480529,1709.3385221909311
2022-12-28,2079.1610354968589,1701.8275550431181
2022-12-29,2092.3417068724484,1712.6161516731938
2022-12-30,2092.9654600137187,1713.1267038936496
2023-01-03,2097.4229260430589,1716.7752132610767
2023-01-04,2105.5723144745748,1723.4456219272288
2023-01-05,2095.1949229550369,1714.951556034348
2023-01-06,2111.136008170598,1727.9995968613775
2023-01-09,2113.2765750963185,1729.7516861490335
2023-01-10,2116.653236995262,1732.5155395329598
2023-01-11,2116.2836817516313,1732.2130524788142
2023-01-12,2126.4576155852319,1740.5405849044441
2023-01-13,2137.1250218400992,1749.2720326352517
2023-01-17,2131.5776618382574,1744.7314270988354
2023-01-18,2129.2849957654289,1742.8548421539278
2023-01-19,2143.3550247307785,1754.3713926205271
2023-01-20,2140.6191873608464,1752.1320646691188
2023-01-23,2142.5162118965404,1753.6848104989604
2023-01-24,2145.9428659639152,1756.4895832962084
2023-01-25,2150.255409303234,1760.0194710547175
2023-01-26,2142.3942617572825,1753.5849923012415
2023-01-27,2141.384135457663,1752.7581872864221
2023-01-30,2139.3383894779636,1751.0837105049545
2023-01-31,2142.7651724814928,1753.8885888385685
2023-02-01,2159.0416121254602,1767.2111227891337
2023-02-02,2150.2527303751217,1760.0172783079306
2023-02-03,2115.1847925962534,1731.3135936044737
2023-02-06,2107.421418190831,1724.9591437770187
2023-02-07,2115.0825587044524,1731.2299134800596
2023-02-08,2112.3024020697176,1728.9543094803935
2023-02-09,2097.2641678049217,1716.6452670281294
2023-02-10,2097.2914898757713,1716.6676305931633
2023-02-13,2102.1423275535572,1720.6381211343758
2023-02-14,2099.6130044235288,1718.5678284899861
2023-02-15,2091.6539079312497,1712.0531769105473
2023-02-16,2079.9253868132855,1702.4531891858412
2023-02-17,2082.4948044052126,1704.5562998077221
2023-02-21,2059.7617291480256,1685.9489032554372
2023-02-22,2055.4217407842539,1682.3965512923446
2023-02-23,2060.7322311477869,1686.7432751281403
2023-02-24,2044.4139805920904,1673.3865182576242
2023-02-27,2051.5653604462123,1679.2400404641985
2023-02-28,2053.886877962042,1681.1402407904372
2023-03-01,2053.4819712462822,1680.8088179740525
2023-03-02,2057.8785131482396,1684.4074599396877
2023-03-03,2076.7405268290868,1699.8463288284531
2023-03-06,2073.0843069139914,1696.8536526034877
2023-03-07,2049.076258101737,1677.2026691952919
2023-03-08,2049.8155254410062,1677.8077716895348
2023-03-09,2046.5242571174922,1675.1138143536818
2023-03-10,2055.599854071671,1682.5423399519386
2023-03-13,2074.1372679816277,1697.7155185814938
2023-03-14,2079.1631680115688,1701.8293005415342
2023-03-15,2082.1362799513172,1704.262841636672
2023-03-16,2094.5897219690514,1714.456189058579
2023-03-17,2112.6277244465273,1729.2205912044517
2023-03-20,2118.9179818486978,1734.3692704998816
2023-03-21,2110.3190507295299,1727.330903739117
2023-03-22,2114.6640883269465,1730.8873885831181
2023-03-23,2127.5378941383606,1741.424810694293
2023-03-24,2121.5679736554871,1736.5383324438283
2023-03-27,2114.6167044065692,1730.8486040637918
2023-03-28,2120.5401496013869,1735.6970415254527
2023-03-29,2125.2162877298038,1739.5245376078933
2023-03-30,2136.9639545748714,1749.1401964255974
2023-03-31,2141.3040310722272,1752.6926205274808
2023-04-03,2149.380701462524,1759.3035082790991
2023-04-04,2158.2942756783123,1766.59941559718
2023-04-05,2154.2405628463316,1763.2813848723267
2023-04-06,2152.9679051857247,1762.2396936141795
2023-04-10,2147.841729204592,1758.0438341363651
2023-04-11,2153.6485873151055,1762.7968431491258
2023-04-12,2152.6630739085563,1761.9901841927026
2023-04-13,2181.4598636735318,1785.5608309498007
2023-04-14,2162.6089666463276,1770.1310612251534
2023-04-17,2163.3726134897947,1770.7561187451561
2023-04-18,2167.5798823963041,1774.1998376463532
2023-04-19,2163.2057126111727,1770.6195076268489
2023-04-20,2159.5310069987554,1767.6117005541328
2023-04-21,2151.943984957903,1761.401598041916
2023-04-24,2155.9059489572123,1764.6445308359609
2023-04-25,2139.766792192534,1751.4343651833869
2023-04-26,2129.6616634621723,1743.1631508681007
2023-04-27,2154.9364228612649,1763.8509577566049
2023-04-28,2166.2012547150575,1773.0714081807973
2023-05-01,2160.9798380425491,1768.7975926283075
2023-05-02,2163.0316340960135,1770.4770214948071
2023-05-03,2161.6745886471763,1769.3662574419759
2023-05-04,2158.8798832695161,1767.0787450565811
2023-05-05,2168.3439373885967,1774.8252292428922
2023-05-08,2169.7660388775084,1775.9892427361135
2023-05-09,2170.3461671243667,1776.4640872619134
2023-05-10,2175.0797779716377,1780.3386257114144
2023-05-11,2165.2341357296023,1772.2798053610281
2023-05-12,2162.0463970838082,1769.6705887717071
2023-05-15,2168.3589874786871,1774.8375479895335
2023-05-16,2148.762921542716,1758.7978452387995
2023-05-17,2161.3239937108492,1769.0792897116685
2023-05-18,2162.6174343622038,1770.1379921900761
2023-05-19,2169.1506896804794,1775.4855692824469
2023-05-22,2167.6658432555996,1774.2701980256156
2023-05-23,2154.0106319574261,1763.0931826523861
2023-05-24,2137.6967463768924,1749.7399985859395
2023-05-25,2140.6158859558873,1752.1293624147797
2023-05-26,2160.7721079142211,1768.6275620965857
2023-05-30,2166.5233303498671,1773.3350323930486
2023-05-31,2160.5555024372138,1768.4502669457768
2023-06-01,2179.6543694865213,1784.0830042180246
2023-06-02,2185.7329041716412,1789.058384982098
2023-06-05,2188.3555878205166,1791.2050947489779
2023-06-06,2192.1886740319192,1794.3425389507743
2023-06-07,2177.2165585376029,1782.0876158012425
2023-06-08,2196.5019234387041,1797.8730046371352
2023-06-09,2196.5681754907696,1797.9272330330405
2023-06-12,2207.9088760053,1807.2097832057389
2023-06-13,2210.4298791337578,1809.2732657917977
2023-06-14,2212.5169811014575,1810.9815931306503
2023-06-15,2235.3514144123174,1829.6719529194143
2023-06-16,2229.3472679961678,1824.7574601788003
2023-06-20,2213.3364026554646,1811.6523031699385
2023-06-21,2205.1290504113208,1804.9344501683836
2023-06-22,2201.5805228296617,1802.0299218922205
2023-06-23,2193.6273382480404,1795.5201093090343
2023-06-26,2189.5853321571481,1792.2116607445926
2023-06-27,2200.4270667165265,1801.0857990641407
2023-06-28,2199.168688378194,1800.0557956664807
2023-06-29,2203.6236380023915,1803.7022453148488
2023-06-30,2225.3154772103726,1821.4573730098446
2023-07-03,2227.6425457269388,1823.3621169216212
2023-07-05,2222.5096181198642,1819.1607311267619
2023-07-06,2209.4124991417675,1808.4405235102909
2023-07-07,2212.7095215899553,1811.1391906919703
2023-07-10,2216.7517290703681,1814.4478040970519
2023-07-11,2228.529596260877,1824.0881823949535
2023-07-12,2251.3840712604474,1842.7949466360494
2023-07-13,2262.694583292091,1852.0527870382471
2023-07-14,2258.9556523844212,1848.9924105034615
2023-07-17,2264.3030063521956,1853.3693078065376
2023-07-18,2284.7773495190672,1870.1278949375551
2023-07-19,2287.9689946365497,1872.7403090382995
2023-07-20,2274.2302667410527,1861.4949339544937
2023-07-21,2271.4343079541818,1859.2063956330139
2023-07-24,2273.6239655645445,1860.9986664546605
2023-07-25,2282.4010199818281,1868.1828300689408
2023-07-26,2287.0555729096259,1871.992658309128
2023-07-27,2263.5806007760611,1852.7780069431635
2023-07-28,2284.1126857498639,1869.5838566942648
2023-07-31,2289.1794054606949,1873.7310502354862
2023-08-01,2275.7342715140453,1862.7259866348281
2023-08-02,2252.3641457015519,1843.5971537096664
2023-08-03,2248.1921311335332,1840.1822910652249
2023-08-04,2245.3656347465385,1837.8687572150357
2023-08-07,2255.0079872580409,1845.7611815724363
2023-08-08,2243.4029380533157,1836.2622576425192
2023-08-09,2230.1339941653819,1825.4014085070839
2023-08-10,2229.6599803863537,1825.0134204210972
2023-08-11,2228.8798644855801,1824.3748827064142
2023-08-14,2233.5489448261651,1828.1966018732601
2023-08-15,2215.5275619671515,1813.4458031588538
2023-08-16,2200.6546668498695,1801.2720935222608
2023-08-17,2189.247953238661,1791.935510542578
2023-08-18,2190.0286476833689,1792.5745218050006
2023-08-21,2200.9596036184448,1801.5216892901917
2023-08-22,2198.8456087574214,1799.7913496751803
2023-08-23,2222.475155549002,1819.1325229448507
2023-08-24,2203.8527153982918,1803.8897489367055
2023-08-25,2211.938783749416,1810.5083290740622
2023-08-28,2222.8706806762657,1819.4562667765199
2023-08-29,2250.8095971729763,1842.3247301328411
2023-08-30,2258.6197781333499,1848.7174918965115
2023-08-31,2255.1330252037828,1845.8635271906242
2023-09-01,2255.8881555954199,1846.4816138545225
2023-09-05,2246.4469535377889,1838.753834456922
2023-09-06,2235.446713658353,1829.749956922042
2023-09-07,2231.9023386036815,1826.8488275576174
2023-09-08,2234.155742301909,1828.6932756021927
2023-09-11,2243.8692702788617,1836.6439582504513
2023-09-12,2234.2744690095633,1828.7904553680485
2023-09-13,2234.9019396798603,1829.3040504472469
2023-09-14,2246.7760849839265,1839.0232339669674
2023-09-15,2233.5097363663667,1828.1645091030821
2023-09-18,2237.0136233256617,1831.0324982945299
2023-09-19,2233.90953654532,1828.4917521349769
2023-09-20,2222.0676695478887,1818.7989889409187
2023-09-21,2197.0670889545372,1798.3356019211271
2023-09-22,2195.6646425242748,1797.1876764171648
2023-09-25,2198.9067763724152,1799.8414163755917
2023-09-26,2176.3172846504244,1781.3515453119421
2023-09-27,2171.4656851213363,1777.3804311828897
2023-09-28,2176.8212369195562,1781.7640385452187
2023-09-29,2169.3257577048821,1775.6288653441025
2023-10-02,2167.0124891112109,1773.7354168965244
2023-10-03,2149.7911220841324,1759.6394443182442
2023-10-04,2159.3092095710754,1767.4301557061765
2023-10-05,2159.0008285914992,1767.1777407948084
2023-10-06,2174.5122314250793,1779.874079514552
2023-10-09,2183.0572566827336,1786.8683234397417
2023-10-10,2190.0805552145503,1792.6170089742814
2023-10-11,2195.6744974681869,1797.195742851085
2023-10-12,2187.7618972951586,1790.7191492748298
2023-10-13,2181.3697623323801,1785.4870815179368
2023-10-16,2195.3596902856034,1796.9380679867043
2023-10-17,2195.4781527750802,1797.0350314856296
2023-10-18,2177.9830945902904,1782.7150381865808
2023-10-19,2166.6625557587295,1773.448990683492
2023-10-20,2150.9005631285017,1760.5475400875316
2023-10-23,2148.8579856533438,1758.8756567792225
2023-10-24,2158.6797976534253,1766.9149716840429
2023-10-25,2140.36283188384,1751.9222334885558
2023-10-26,2125.3308471211349,1739.6183063566941
2023-10-27,2119.820955907574,1735.1083696406633
2023-10-30,2134.9363561981954,1747.4805737561271
2023-10-31,2143.055093073202,1754.1258936183899
2023-11-01,2143.3914581866529,1754.4012140042821
2023-11-02,2158.7871892430112,1767.0028734690493
2023-11-03,2168.0624012683666,1774.5947872910799
2023-11-06,2163.0345106477234,1770.4793759997619
2023-11-07,2161.5357899510345,1769.2526484229197
2023-11-08,2153.6983791492557,1762.8375985855359
2023-11-09,2151.9430326273355,1761.4008185436574
2023-11-10,2153.2590959193831,1762.4780380261075
2023-11-13,2157.3935182036962,1765.8621307671231
2023-11-14,2178.112173496856,1782.8206913977642
2023-11-15,2177.4695400568653,1782.294685341813
2023-11-16,2187.9723700075674,1790.8914246567965
2023-11-17,2188.868850916881,1791.6252090477087
2023-11-20,2192.9296123805111,1794.9490091936705
2023-11-21,2200.7442608640122,1801.3454276986081
2023-11-22,2199.888769791432,1800.6451941642385
2023-11-24,2204.9113576444297,1804.756265052893
2023-11-27,2209.5939930174759,1808.5890792370842
2023-11-28,2221.9889760313936,1818.7345770014433
2023-11-29,2222.9299107106881,1819.5047475353178
2023-11-30,2222.1353939105229,1818.8544224472741
2023-12-01,2242.3792160691823,1835.4243243359783
2023-12-04,2215.8313291505037,1813.6944416020133
2023-12-05,2212.2296079768244,1810.7463734945882
2023-12-06,2210.1066595340844,1809.0087052254598
2023-12-07,2221.68789992855,1818.4881412520062
2023-12-08,2215.6312601143372,1813.5306818004176
2023-12-11,2211.212058576652,1809.9134925496944
2023-12-12,2216.897697472029,1814.5672816381693
2023-12-13,2255.0389170437697,1845.7864981115231
2023-12-14,2264.6173823900153,1853.6266297718253
2023-12-15,2254.2140826132882,1845.11135754368
2023-12-18,2265.9450709821676,1854.7133647538999
2023-12-19,2280.3715408004209,1866.5216679298173
2023-12-20,2256.2530677487748,1846.7803004627963
2023-12-21,2275.5137424772529,1862.5454799857057
2023-12-22,2282.2469686894328,1868.0567365486147
2023-12-26,2294.9245619373014,1878.433555444557
2023-12-27,2301.5351356332567,1883.8444189026304
2023-12-28,2296.7952574219248,1879.9647505124112
2023-12-29,2291.3420334395159,1875.501196858489
2024-01-02,2281.4105921846349,1867.3721486028257
2024-01-03,2262.6233807737885,1851.9945066041828
2024-01-04,2259.1667465668961,1849.1651945689134
2024-01-05,2261.1618467039584,1850.7982168939548
2024-01-08,2273.3870233460184,1860.8047253459351
2024-01-09,2271.5923939886006,1859.3357916561438
2024-01-10,2277.2823508203046,1863.9931150466264
2024-01-11,2278.4486239345783,1864.9477288012563
2024-01-12,2288.2245649252764,1872.9494975293189
2024-01-16,2274.5334138942035,1861.7430648927202
2024-01-17,2256.9736671955834,1847.3701229795665
2024-01-18,2276.4566264270256,1863.3172460295741
2024-01-19,2296.3217407724842,1879.5771693351801
2024-01-22,2295.8682535199559,1879.2059825492422
2024-01-23,2303.4461113504581,1885.4085840043367
2024-01-24,2297.5480723601495,1880.5809419395518
2024-01-25,2308.7313598414025,1889.7346469516392
2024-01-26,2306.3150602564187,1887.7568659405683
2024-01-29,2323.8077116546701,1902.0748892451911
2024-01-30,2323.955201133082,1902.1956118126859
2024-01-31,2300.116350002666,1882.6831194940632
2024-02-01,2327.6708571401782,1905.2369374579735
2024-02-02,2333.6014376481139,1910.0912152909525
2024-02-05,2323.3798016508422,1901.7246378586178
2024-02-06,2332.2510118910895,1908.9858695649084
2024-02-07,2343.7815305487907,1918.4237890144354
2024-02-08,2343.5801980381684,1918.2589950381855
2024-02-09,2348.2470707861271,1922.0789072541043
2024-02-12,2345.2261643373267,1919.6062455660463
2024-02-13,2312.9110773772609,1893.1558146021398
2024-02-14,2325.2060234872251,1903.2194305128269
2024-02-15,2341.0908460910832,1916.2214194654318
2024-02-16,2337.2661067458648,1913.0908073110952
2024-02-20,2334.9233555941005,1911.1732269040881
2024-02-21,2336.2583543873575,1912.2659454061788
2024-02-22,2366.0566430714543,1936.656335525051
2024-02-23,2372.2316205900033,1941.7106563368716
2024-02-26,2364.8655872499967,1935.6814367163749
2024-02-27,2366.575818979436,1937.0812895574866
2024-02-28,2366.3208799427171,1936.8726177566314
2024-02-29,2376.2577380075577,1945.0060997604714
2024-03-01,2407.495421783341,1970.5746584712917
2024-03-04,2421.6162908236765,1982.1328223766941
2024-03-05,2413.173924549149,1975.2226065201694
2024-03-06,2428.5187650675821,1987.7826112413866
2024-03-07,2448.3906382975456,2004.0480668052905
2024-03-08,2448.2048768177538,2003.8960179742585
2024-03-11,2448.8277513250155,2004.4058510183054
2024-03-12,2453.1654960783394,2007.9563665492906
2024-03-13,2457.9214564236763,2011.849198431094
2024-03-14,2450.8419426882524,2006.0544998264374
2024-03-15,2437.7067546080102,1995.3031320227944
2024-03-18,2447.8420085303742,2003.5990043039501
2024-03-19,2454.7095992411882,2009.2202404222139
2024-03-20,2480.0846968339119,2029.9901757749537
2024-03-21,2483.8716179308954,2033.0898330701766
2024-03-22,2472.9517224818992,2024.1517187750273
2024-03-25,2472.1117567831047,2023.4641930148318
2024-03-26,2472.672817874768,2023.9234307600345
2024-03-27,2492.2751223554064,2039.9682398623384
2024-03-28,2505.1480912004999,2050.5049769027937
2024-04-01,2512.6198896043365,2056.6207669701744
2024-04-02,2518.0333110710199,2061.0517416093571
2024-04-03,2528.6818199515601,2069.7677215280046
2024-04-04,2504.5221092468455,2049.9926003626892
2024-04-05,2537.5557780367926,2077.0312023906772
2024-04-08,2544.915789352016,2083.055492884695
2024-04-09,2552.4358280153665,2089.2107683990916
2024-04-10,2527.4603380909393,2068.7679185051029
2024-04-11,2559.01747551059,2094.5979552853996
2024-04-12,2524.2988544472828,2066.1801920674984
2024-04-15,2525.6839663189176,2067.3139289496935
2024-04-16,2524.3556140246246,2066.2266507164841
2024-04-17,2507.8534410180482,2052.7193502903924
2024-04-18,2508.5469415645366,2053.286991910883
2024-04-19,2499.3793394290574,2045.7831585562426
2024-04-22,2485.8884227607982,2034.7406210438237
2024-04-23,2500.3462624116514,2046.5746009444413
2024-04-24,2497.7083651589801,2044.4154385922593
2024-04-25,2498.4257269257878,2045.0026110146187
2024-04-26,2515.5414864408463,2059.012142104767
2024-04-29,2518.5707275270652,2061.4916258308381
2024-04-30,2474.3605161801288,2025.3048396223728
2024-05-01,2478.3144658913716,2028.5412125896255
2024-05-02,2489.0715970717138,2037.3461016498636
2024-05-03,2506.7901680866812,2051.8490438820672
2024-05-06,2532.8678692665462,2073.1940718440164
2024-05-07,2529.9293546966683,2070.7888492659972
2024-05-08,2527.1342703647192,2068.5010267002749
2024-05-09,2551.6888499195747,2088.5993545236252
2024-05-10,2561.8914275709321,2096.9503323859039
2024-05-13,2550.6539022632528,2087.7522328194923
2024-05-14,2566.2700898972857,2100.5343396243989
2024-05-15,2598.5122400247346,2126.9250705894092
2024-05-16,2591.2720879041899,2120.9988868205301
2024-05-17,2610.475617824794,2136.7172923769181
2024-05-20,2616.4834142604213,2141.6347727185971
2024-05-21,2618.7865372676965,2143.5199168365939
2024-05-22,2595.0170762621888,2124.0642214781869
2024-05-23,2563.0658840680594,2097.911644374195
2024-05-24,2574.2913379407087,2107.0998632721958
2024-05-28,2585.9892882464328,2116.6748282835279
2024-05-29,2565.5349267603397,2099.9325964873615
2024-05-30,2557.1293947279878,2093.0525300647832
2024-05-31,2565.2741026688095,2099.7191076722061
2024-06-03,2575.5850083608057,2108.1587538201034
2024-06-04,2568.0137692131866,2101.9615698659709
2024-06-05,2598.4943205284735,2126.9104031865536
2024-06-06,2606.1379949563716,2133.1668766107327
2024-06-07,2566.9248660215435,2101.070284667434
2024-06-10,2580.9860016489347,2112.5795557904253
2024-06-11,2587.6580860606191,2118.0407667825139
2024-06-12,2603.2449717009122,2130.7988894228879
2024-06-13,2598.0860924143676,2126.5762617509122
2024-06-14,2612.2027682015741,2138.130993409558
2024-06-17,2619.4724985367156,2144.0813874342903
2024-06-18,2627.6276145130914,2150.7564841902526
2024-06-20,2636.0994387656715,2157.6908118870383
2024-06-21,2617.8507630997678,2142.7539702662743
2024-06-24,2616.719340607704,2141.8278823199748
2024-06-25,2617.7390322622327,2142.6625167353463
2024-06-26,2610.2940392514865,2136.5686673237428
2024-06-27,2624.2973168418357,2148.0305806903903
2024-06-28,2618.0976016429759,2142.9560116797611
2024-07-01,2623.9543860766262,2147.7498862103848
2024-07-02,2634.4984092035793,2156.3803428186543
2024-07-03,2653.4052779567755,2171.8559263229804
2024-07-05,2676.9026756903595,2191.0889334119502
2024-07-08,2665.4049312719635,2181.6778402171449
2024-07-09,2668.765711767277,2184.4286944106052
2024-07-10,2688.5365234286601,2200.6114294159624
2024-07-11,2693.512938371628,2204.6847070172071
2024-07-12,2702.9623064125467,2212.419170406637
2024-07-15,2710.9138401693112,2218.9276317624858
2024-07-16,2742.2477009897493,2244.5749129685628
2024-07-17,2714.2252186655805,2221.6380496059892
2024-07-18,2694.8092581268602,2205.7457660895625
2024-07-19,2664.4912862786177,2180.9300067407294
2024-07-22,2681.1691328091156,2194.5810988398071
2024-07-23,2682.4569724828107,2195.6352168257417
2024-07-24,2642.4345355868654,2162.8761929855236
2024-07-25,2617.394520260621,2142.3805279872995
2024-07-26,2646.0010109312889,2165.7954118011412
2024-07-29,2645.4149950813448,2165.3157481752364
2024-07-30,2648.1636709918689,2167.565584683593
2024-07-31,2693.220028008353,2204.4449550601107
2024-08-01,2666.5089971552943,2182.5815363285838
2024-08-02,2634.8055150482514,2156.6317140110987
2024-08-05,2575.6768694521015,2108.2339436364441
2024-08-06,2581.2059104465834,2112.7595547635897
2024-08-07,2570.2544878711478,2103.7956349961414
2024-08-08,2621.8810076158616,2146.0527917880086
2024-08-09,2631.3608674564875,2153.8122132177532
2024-08-12,2650.4889059091793,2169.4688277641758
2024-08-13,2674.5521701527659,2189.1650059124131
2024-08-14,2670.7242068475603,2186.0317548937219
2024-08-15,2701.441841815667,2211.1746450893279
2024-08-16,2729.2347730782867,2233.9236171269085
2024-08-19,2742.9761715408176,2245.171178113821
2024-08-20,2744.347901435342,2246.2939616273261
2024-08-21,2748.5063815951971,2249.6977461357492
2024-08-22,2722.3798693949266,2228.3127655495937
2024-08-23,2752.3180592556623,2252.8176670859661
2024-08-26,2751.9057936133231,2252.4802208669616
2024-08-27,2757.1604390259704,2256.7812346905912
2024-08-28,2739.7984271030991,2242.5701419484321
2024-08-29,2745.6510146880064,2247.3605812892301
2024-08-30,2753.3942475360877,2253.6985449202343
2024-09-03,2714.627815208295,2221.9675815076835
2024-09-04,2711.982656110159,2219.8024752153733
2024-09-05,2717.1982227800963,2224.0715024443984
2024-09-06,2681.8977810997189,2195.1775094678023
2024-09-09,2704.248045514044,2213.4715690396279
2024-09-10,2716.0803572376799,2223.1565110846923
2024-09-11,2730.8191771168295,2235.2204779304152
2024-09-12,2763.9341774463201,2262.3256511631953
2024-09-13,2783.6818806888914,2278.4894715471178
2024-09-16,2786.0193819933397,2280.4027548676227
2024-09-17,2780.4078551896851,2275.8096277469808
2024-09-18,2766.7997607274192,2264.6711782800403
2024-09-19,2812.304408636096,2301.9174821359675
2024-09-20,2823.887765848775,2311.3986508130893
2024-09-23,2830.2999654352493,2316.6471417949774
2024-09-24,2851.2346341521643,2333.7825129710877
2024-09-25,2845.9114711369039,2329.4254163611122
2024-09-26,2858.5077013705895,2339.7356382897524
2024-09-27,2846.7344188902625,2330.0990126526531
2024-09-30,2844.1335631993034,2327.9701694288733
2024-10-01,2840.6904818160583,2325.1519506029986
2024-10-02,2841.6382163541693,2325.9276869333198
2024-10-03,2837.7496699290191,2322.7448476330424
2024-10-04,2850.8025739242585,2333.4288645577449
2024-10-07,2831.5117126242267,2317.6389768287922
2024-10-08,2839.0582379816278,2323.815932138551
2024-10-09,2844.6875023429802,2328.4235777423378
2024-10-10,2849.9680788900937,2332.7458166266601
2024-10-11,2872.6316352223644,2351.2963107938003
2024-10-14,2884.8568998035216,2361.3028912253803
2024-10-15,2875.3326424577126,2353.5071297063369
2024-10-16,2888.5843858869634,2364.353899983018
2024-10-17,2895.6598094937417,2370.1452507500071
2024-10-18,2914.6783710471964,2385.7122566511243
2024-10-21,2911.5891637466311,2383.18368959086
2024-10-22,2923.3505540300666,2392.8105812689173
2024-10-23,2893.1767146319316,2368.1127967046164
2024-10-24,2905.9277330411578,2378.5497153045735
2024-10-25,2907.766715835608,2380.0549530131557
2024-10-28,2913.1373688321605,2384.4509209550633
2024-10-29,2928.8507955250298,2397.312619531328
2024-10-30,2930.2158109074344,2398.4299071060632
2024-10-31,2877.7251975717709,2355.4654754768417
2024-11-01,2880.1269583797675,2357.4313562594689
2024-11-04,2878.02722323944,2355.7126884607301
2024-11-05,2901.5353009116793,2374.9544372554064
2024-11-06,2910.1143517124265,2381.9765316480793
2024-11-07,2941.9242494567684,2408.0134569175493
2024-11-08,2942.0846115840877,2408.1447159602099
2024-11-11,2917.3907268505332,2387.9323645534905
2024-11-12,2902.2535573119717,2375.5423419500094
2024-11-13,2892.146580484266,2367.2696149366052
2024-11-14,2877.6721744772603,2355.4220752005999
2024-11-15,2852.6898050002856,2334.9735942795323
2024-11-18,2880.4086707902279,2357.6619425077361
2024-11-19,2896.74322994561,2371.0320482357265
2024-11-20,2903.5713333203366,2376.620963318976
2024-11-21,2922.4582977651517,2392.0802548190327
2024-11-22,2942.4831962761173,2408.4709640960364
2024-11-25,2915.1994068705053,2386.1387330548914
2024-11-26,2926.8064973035498,2395.6393277638103
2024-11-27,2923.7323880813265,2393.1231187293606
2024-11-29,2944.5618365422961,2410.1723653928152
2024-12-02,2937.1298019633068,2404.0891226710537
2024-12-03,2940.3000493098339,2406.6840223438121
2024-12-04,2954.8431557524336,2418.5877945179705
2024-12-05,2943.2315241168876,2409.083482760002
2024-12-06,2947.0345717861283,2412.1963399202505
2024-12-09,2949.4152091696624,2414.1449308320152
2024-12-10,2959.3922706083681,2422.3113199595846
2024-12-11,2984.4198750841801,2442.7968264723013
2024-12-12,2957.5962975525463,2420.8412864305164
2024-12-13,2942.9062564418618,2408.8172458102549
2024-12-16,2953.2994685609365,2417.3242611244495
2024-12-17,2941.4622341242875,2407.6352897576985
2024-12-18,2866.2179750144542,2346.0466242692082
2024-12-19,2867.320310022079,2346.9489036303721
2024-12-20,2899.9478252250674,2373.6550622573614
2024-12-23,2904.8947944561305,2377.7042380583889
2024-12-24,2926.6409708383062,2395.5038416254934
2024-12-26,2934.5752587278466,2401.9981869549483
2024-12-27,2907.9457179330047,2380.2014691783588
2024-12-30,2884.2794517026282,2360.8302404431993
2024-12-31,2885.1774381787318,2361.5652571653281
2025-01-02,2896.5728234675921,2370.8925677265715
2025-01-03,2908.9653732882025,2381.0360738821296
2025-01-06,2917.6073078688883,2388.10963968449
2025-01-07,2904.2592203473255,2377.1840101812932
2025-01-08,2912.9950399715808,2384.3344224382695
2025-01-10,2897.61277410922,2371.7437844565848
2025-01-13,2888.4984667200838,2364.2835737296855
2025-01-14,2897.0099266330153,2371.2503438673384
2025-01-15,2937.107187707672,2404.0706125303195
2025-01-16,2941.9379818754096,2408.0246971284046
2025-01-17,2953.1436528112172,2417.1967233667406
2025-01-21,2987.6977272164377,2445.479802434621
2025-01-22,3003.9068347788325,2458.7472239673398
2025-01-23,3011.9678471647508,2465.3452953844594
2025-01-24,3014.2407108060465,2467.2056717129763
2025-01-27,2976.1610280392397,2436.0368241280821
2025-01-28,3001.8105288191782,2457.031363009467
2025-01-29,2989.1351855548164,2446.6563857620858
2025-01-30,3017.0257074082974,2469.4852373057774
2025-01-31,3009.9453715282316,2463.6898657621896
2025-02-03,3004.0875199219613,2458.8951177331983
2025-02-04,3028.0408006070857,2478.501272527209
2025-02-05,3042.95215332608,2490.7064603442686
2025-02-06,3045.99411141988,2493.1963531505171
2025-02-07,3031.5290230051983,2481.3564400173059
2025-02-10,3064.5851454467033,2508.4134207289462
2025-02-11,3061.4025231909573,2505.8083919891551
2025-02-12,3056.8545548678576,2502.0858050035522
2025-02-13,3088.2620967846888,2527.7933954006867
2025-02-14,3069.4535452768205,2512.3982861811219
2025-02-18,3095.3589447234572,2533.602282336306
2025-02-19,3100.3783106611118,2537.710716034182
2025-02-20,3093.378901275817,2531.9815841595673
2025-02-21,3060.8872671306144,2505.3866464165794
2025-02-24,3059.5399608078669,2504.2838539988734
2025-02-25,3033.911641540547,2483.3066525344639
2025-02-26,3036.7210380495144,2485.6061898528228
2025-02-27,2989.1534186275144,2446.6713098324212
2025-02-28,3008.8205289033172,2462.769163545534
2025-03-03,2992.9527625987484,2449.7811354548448
2025-03-04,2982.5643677713897,2441.2780631732685
2025-03-05,3003.9613125152418,2458.7918148919375
2025-03-06,2966.2532475058033,2427.9271425626566
2025-03-07,2976.6458184664098,2436.4336330780839
2025-03-10,2919.2972576929924,2389.492891452006
2025-03-11,2919.4018233601196,2389.5784801729333
2025-03-12,2933.7127189146454,2401.2921839102755
2025-03-13,2933.0207559268965,2400.7258008069393
2025-03-14,2968.1284485645278,2429.4620255171267
2025-03-17,2988.1256097002561,2445.8300312956153
2025-03-18,2984.2667095793622,2442.6714579836989
2025-03-19,3008.0871091280596,2462.1688473787549
2025-03-20,3001.4588888524704,2456.7435399045798
2025-03-21,2991.6943680795171,2448.7511188128528
2025-03-24,3016.8043250935571,2469.3040322346023
2025-03-25,3026.5862560833693,2477.3107038756057
2025-03-26,3004.5997562793036,2459.3143916291292
2025-03-27,3017.0493360799528,2469.5045777627347
2025-03-28,2991.8029203116935,2448.8399706029377
2025-03-31,3021.8202316517754,2473.4096343734273
2025-04-01,3020.9999709589893,2472.7382374852259
2025-04-02,3028.3596179320757,2478.7622297592038
2025-04-03,2985.380060382573,2443.5827539549996
2025-04-04,2909.0348626692839,2381.0929520851596
2025-04-07,2871.4505086377399,2350.3295392290256
2025-04-08,2860.3362904300293,2341.2323685550264
2025-04-09,2984.5063664997861,2442.867621120643
2025-04-10,2969.1807973964233,2430.3233903700952
2025-04-11,3002.6568085332351,2457.7240568951593
2025-04-14,3011.0604968129373,2464.6026141758234
2025-04-15,3017.7763969827311,2470.0996890876481
2025-04-16,3042.9339061974297,2490.6915247689058
2025-04-17,3035.9213917291827,2484.9516661680304
2025-04-21,3050.4578701900541,2496.8500132299696
2025-04-22,3053.9944538008376,2499.7447651692328
2025-04-23,3036.9180426454104,2485.7674413595805
2025-04-24,3078.5295958348497,2519.8271830616013
2025-04-25,3074.3585312984624,2516.4130980336995
2025-04-28,3096.4978533473277,2534.5344978047992
2025-04-29,3092.6469895119881,2531.3825023249815
2025-04-30,3084.838081392681,2524.9907824026905
2025-05-01,3061.5584422223246,2505.936014284594
2025-05-02,3071.3200834430008,2513.9260784153512
2025-05-05,3100.4040397553918,2537.7317757216538
2025-05-06,3129.7953321669202,2561.789032687474
2025-05-07,3116.9203457138869,2551.2506442016856
2025-05-08,3091.4355258574142,2530.3908993687464
2025-05-09,3099.8869544980535,2537.3085329212067
2025-05-12,3090.0764301989784,2529.2784571855882
2025-05-13,3100.9830812481637,2538.2057307213331
2025-05-14,3073.2630871096167,2515.51645892121
2025-05-15,3102.9566210013045,2539.8211055169968
2025-05-16,3094.8649326228315,2533.197925294684
2025-05-19,3110.8609002890207,2546.2908883115638
2025-05-20,3128.9066186146456,2561.0616060062403
2025-05-21,3115.0526644436495,2549.7219163179561
2025-05-22,3107.811264391551,2543.7947110965451
2025-05-23,3130.7494974337569,2562.5700326751821
2025-05-27,3133.2861393041367,2564.6463158291022
2025-05-28,3122.2633812310178,2555.624006781778
2025-05-29,3137.2150654655793,2567.8622066086609
2025-05-30,3130.6554075016365,2562.4930185159128
2025-06-02,3170.2596963023489,2594.9097812525383
2025-06-03,3169.6483131015189,2594.4093540320873
2025-06-04,3177.3361213933204,2600.7019517508352
2025-06-05,3161.7029189750479,2587.9059180647646
2025-06-06,3163.9911253152436,2589.7788526450531
2025-06-09,3171.641418215966,2596.0407433982568
2025-06-10,3182.8334856633223,2605.2016349572223
2025-06-11,3184.1971570557876,2606.3178224540534
2025-06-12,3207.5802215054991,2625.4572458669008
2025-06-13,3202.9440738452022,2621.6624826413299
2025-06-16,3202.4447546561159,2621.2537816603863
2025-06-17,3186.7129282506239,2608.3770226162642
2025-06-18,3179.505810403632,2602.4778779444214
2025-06-20,3174.504861430747,2598.3845188355699
2025-06-23,3197.1555727387909,2616.9244991388
2025-06-24,3198.1769093789007,2617.7604800019653
2025-06-25,3203.0926685266186,2621.7841098356894
2025-06-26,3216.854940918508,2633.0487564776122
2025-06-27,3203.6565646332042,2622.2456680873038
2025-06-30,3227.9113979850781,2642.0986487061591
2025-07-01,3217.2053922743899,2633.3356066849606
2025-07-02,3219.838050241071,2635.4904805952592
2025-07-03,3215.0962783000678,2631.6092621561102
2025-07-07,3200.8270000016328,2619.9296228283883
2025-07-08,3197.6977815387049,2617.368305972675
2025-07-09,3213.668580717499,2630.440668168053
2025-07-10,3216.0914301987132,2632.4238103770772
2025-07-11,3201.0241075061895,2620.0909585675799
2025-07-14,3201.0535649467893,2620.1150699679274
2025-07-15,3183.1654828129845,2605.4733800928052
2025-07-16,3193.0625495912582,2613.5742922731561
2025-07-17,3198.0956561944117,2617.6939729320766
2025-07-18,3203.2750561247958,2621.9333970890466
2025-07-21,3212.3243405745516,2629.3403854690187
2025-07-22,3223.8264387117906,2638.7550422544114
2025-07-23,3221.264452774833,2636.6580145645353
2025-07-24,3212.525815593272,2629.5052960904941
2025-07-25,3219.8870841165453,2635.5306156300098
2025-07-28,3214.0625062822428,2630.7631027314519
2025-07-29,3226.1990063226667,2640.6970279243315
2025-07-30,3214.7559939992207,2631.3307338507775
2025-07-31,3212.3618223574667,2629.3710649257268
2025-08-01,3234.2055035788744,2647.2504778098205
2025-08-04,3243.9950714686315,2655.2634003792227
2025-08-05,3244.56734490904,2655.7318156165611
2025-08-06,3244.4220944052349,2655.612925686662
2025-08-07,3241.4244814998483,2653.1593301475741
2025-08-08,3234.9607945448156,2647.868695906433
2025-08-11,3236.0781574978359,2648.7832758884392
2025-08-12,3247.5614554208114,2658.1825443887833
2025-08-13,3265.6177810760746,2672.9619443574902
2025-08-14,3253.5846752501097,2663.1126490322326
2025-08-15,3247.529851877624,2658.1566763681176
2025-08-18,3245.4182333107456,2656.4282817890053
2025-08-19,3250.879173076466,2660.8981509386613
2025-08-20,3251.9040253201206,2661.737009381236
2025-08-21,3243.20393737737,2654.6158440941358
2025-08-22,3274.9067098398573,2680.5650855558633
2025-08-25,3266.595976015567,2673.7626130280792
2025-08-26,3274.4708781640156,2680.2083501502625
2025-08-27,3281.7906180786481,2686.1996778395542
2025-08-28,3285.2431963676454,2689.0256700392179
2025-08-29,3281.9906994098251,2686.363447704819
2025-09-02,3272.4530081830649,2678.5566903329373
2025-09-03,3282.6338044740492,2686.8898397929734
2025-09-04,3301.7563667528116,2702.5419720008322
2025-09-05,3316.2008359107481,2714.3650079327617
2025-09-08,3323.3756074510266,2720.2376766197572
2025-09-09,3315.9124945242334,2714.1289957584022
2025-09-10,3323.1126924313862,2720.0224763455026
2025-09-11,3335.4402044244225,2730.1127479679026
2025-09-12,3325.0037165580661,2721.5703107417285
2025-09-15,3332.4271406113553,2727.6465056063744
2025-09-16,3332.2503895354494,2727.5018319393403
2025-09-17,3326.3659685079992,2722.6853364014673
2025-09-18,3327.9304834685136,2723.9659176669993
2025-09-19,3323.3207087796372,2720.1927411529464
2025-09-22,3319.4254361175867,2717.0043963169728
2025-09-23,3325.6797821716987,2722.1236815824932
2025-09-24,3316.4509945773048,2714.5697669218971
2025-09-25,3306.4877451382645,2706.4146831435623
2025-09-26,3310.1405969548596,2709.404602524427
2025-09-29,3317.3413926124435,2715.2985723801016
2025-09-30,3317.2670155845599,2715.2376935576567
2025-10-01,3328.7620829866801,2724.6465955705453
2025-10-02,3332.8426686703274,2727.9866221671318
2025-10-03,3330.8679375770466,2726.3702722399398
2025-10-06,3324.3149064236222,2721.0065083007566
2025-10-07,3325.9950795881591,2722.3817577113768
2025-10-08,3326.8432354049469,2723.0759872180556
2025-10-09,3320.6019365073471,2717.9673812650512
2025-10-10,3322.2086467122481,2719.2825000331436
2025-10-13,3334.6854252534008,2729.4949487838635
2025-10-14,3347.5019312305521,2739.9854700368642
2025-10-15,3349.4879809731847,2741.6110844649888
2025-10-16,3352.3309859662404,2743.9381308811658
2025-10-17,3347.1851374897842,2739.726169141888
2025-10-20,3358.2686282560353,2748.7981888989166
2025-10-21,3360.297330392179,2750.4587150136913
2025-10-22,3357.9114554982721,2748.5058371134155
2025-10-23,3355.1119679952985,2746.2144104796816
2025-10-24,3363.6489224904344,2753.2020483528104
2025-10-27,3364.3677068284505,2753.7903851731362
2025-10-28,3363.5916027843464,2753.1551312292195
2025-10-29,3342.4859982302773,2735.8798462547807
2025-10-30,3333.4391452595646,2728.4748480804556
2025-10-31,3332.5452507915188,2727.7431807343246
2025-11-03,3329.4997609963243,2725.2503971723118
2025-11-04,3327.9484416282662,2723.9806167165602
2025-11-05,3321.567472677169,2718.7576885241529
2025-11-06,3330.6036021913437,2726.1539093726674
2025-11-07,3332.6739570529389,2727.8485289293185
2025-11-10,3333.0394637155205,2728.1477021531878
2025-11-11,3344.8306218477146,2737.7989593057841
2025-11-12,3342.4542732197597,2735.8538788111041
2025-11-13,3327.8394016730626,2723.8913657171438
2025-11-14,3323.3332054131747,2720.2029698533393
2025-11-17,3317.7590809945441,2715.6404572009228
2025-11-18,3323.46368177455,2720.3097669043032
2025-11-19,3320.959138630436,2718.2597570865555
2025-11-20,3321.703937355137,2718.8693871108853
2025-11-21,3341.500231377433,2735.0729798483903
2025-11-24,3351.6834747636412,2743.4081322961747
2025-11-25,3367.4347693794789,2756.3008263911415
2025-11-26,3374.3206895454282,2761.9370654703521
2025-11-28,3371.896704540135,2759.952993816165
2025-12-01,3356.6434605661439,2747.4679623753327
2025-12-02,3357.5848144916718,2748.2384760691539
2025-12-03,3370.1428460478037,2758.5174317510159
2025-12-04,3363.4068086061793,2753.0038741505009
2025-12-05,3358.6610581819414,2749.1193992572921
2025-12-08,3353.0214539633798,2744.5032903100637
2025-12-09,3349.7686255802942,2741.8407966986251
2025-12-10,3366.8805997603649,2755.8472294297349
2025-12-11,3370.2944251166159,2758.6415017156164
2025-12-12,3356.5442087404808,2747.3867231211725
2025-12-15,3358.249581958728,2748.7825991908453
2025-12-16,3362.1756997066277,2751.9961912376593
2025-12-17,3359.8831244119306,2750.1196805961476
2025-12-18,3369.5272007787062,2758.0135159574843
2025-12-19,3363.7493522242789,2753.28425174422
2025-12-22,3364.3376092964791,2753.7657498474587
2025-12-23,3361.6964869570334,2751.6039477086288
2025-12-24,3371.7894616844233,2759.8652137722847
2025-12-26,3373.2954951804095,2761.0979269958057
2025-12-29,3375.4893678036578,2762.8936478749274
2025-12-30,3370.7740791485312,2759.0341064414961
2025-12-31,3358.8169206391881,2749.2469752458815
2026-01-02,3360.552644002647,2750.6676934093312
2026-01-05,3372.5137239776445,2760.4580343891776
2026-01-06,3377.0525864696219,2764.1731681020178
2026-01-07,3378.6003369471405,2765.4400273620763
2026-01-08,3376.0511145045266,2763.3534468025582
2026-01-09,3382.3266330634151,2768.4900621119873
2026-01-12,3379.9541756932344,2766.5481666758915
2026-01-13,3385.5030258272423,2771.0899919100316
2026-01-14,3393.7318916592185,2777.8254541375941
2026-01-15,3391.5928293237589,2776.0745963818508
2026-01-16,3382.4276385137973,2768.572736736865
2026-01-20,3366.3579424619065,2755.419425821849
2026-01-21,3385.3650679436782,2770.9770711099218
2026-01-22,3388.2029860554571,2773.2999538299837
2026-01-23,3385.3764817909023,2770.9864135318817
2026-01-26,3387.6206900289872,2772.8233349408642
2026-01-27,3387.2735224392454,2772.5391725501913
2026-01-28,3383.1141755575782,2769.1346786156887
2026-01-29,3387.923449103444,2773.0711482302886
2026-01-30,3383.2148228515721,2769.2170600836635
2026-02-02,3381.9420040975342,2768.1752369678888
2026-02-03,3386.5167914869903,2771.9197758010632
2026-02-04,3386.0981796252754,2771.5771350969653
2026-02-05,3395.4632971421061,2779.2426380446732
2026-02-06,3405.6503478298655,2787.5809068314907
2026-02-09,3407.6566681854633,2789.2231130902201
2026-02-10,3416.0032847712973,2796.0549562493811
2026-02-11,3410.295080282167,2791.3826968507228
2026-02-12,3418.005959038413,2797.6941781246301
2026-02-13,3433.731424813308,2810.5657308878381
2026-02-17,3433.8576507824387,2810.6690489227381
2026-02-18,3429.7686966742849,2807.3221726328502
2026-02-19,3433.1462796573978,2810.0867799393413
2026-02-20,3434.7022767909125,2811.3603892231704
2026-02-23,3436.7424706965785,2813.0303215405888
2026-02-24,3437.5980241156358,2813.7306061065774
2026-02-25,3437.2272519653134,2813.4271229942606
2026-02-26,3444.5768885901407,2819.4429216333001
2026-02-27,3445.1990030336574,2819.9521325526516
2026-03-02,3433.6688710920857,2810.5145296366468
2026-03-03,3426.2614211758955,2804.4514098663385
2026-03-04,3426.8112705677809,2804.9014706505968
2026-03-05,3410.8864171024497,2791.8667157784962
2026-03-06,3398.9187198984437,2782.0709584877086
2026-03-09,3411.0976342563158,2792.0396004980585
2026-03-10,3399.2991507366933,2782.3823473951898
2026-03-11,3383.5290503666129,2769.4742604806111
2026-03-12,3363.4380969244321,2753.0294841543659
2026-03-13,3356.3750066438274,2747.2482284180014
2026-03-16,3371.7546714041182,2759.8367373547967
2026-03-17,3383.6984700087314,2769.6129332483283
2026-03-18,3362.9004817884593,2752.5894373100914
2026-03-19,3369.067174596616,2757.6369769499925
2026-03-20,3335.338224516458,2730.0292757334437
2026-03-23,3354.5167880662952,2745.7272459041183
2026-03-24,3349.6065757432507,2741.7081562377552
2026-03-25,3365.2340131649025,2754.4994711791323
2026-03-26,3338.6218080561994,2732.7169429471969
2026-03-27,3331.9942174741554,2727.2921508875611
2026-03-30,3346.2777041945392,2738.9834200426867
2026-03-31,3366.1996590570971,2755.289868247803
2026-04-01,3363.6343228066421,2745.9042123806812
2026-04-02,3373.4690263045886,2748.3211364632475
2026-04-06,3367.5383370421755,2749.6831004390824
2026-04-07,3375.6956595228376,2750.8562084939831
2026-04-08,3392.0883834275014,2758.3958778215438
2026-04-09,3394.1795175919488,2760.5941218040252
2026-04-10,3388.5209443880749,2760.4048407901587
2026-04-13,3398.5743354005572,2762.9374608184967
2026-04-14,3410.2418035178634,2765.0801766712984
2026-04-15,3404.418947562735,2765.1967935153143
2026-04-16,3398.7520796107997,2766.0224250759466
2026-04-17,3421.7006200572782,2772.433613083067
2026-04-20,3421.8582849767581,2774.4304654618268
2026-04-21,3405.4154661486023,2771.5645978913144
2026-04-22,3410.1563362012034,2773.1560603480521
2026-04-23,3405.5434969935754,2773.9660498634221
2026-04-24,3411.7579208595412,2774.9061667718415
2026-04-27,3406.4588574661357,2776.4683498513136
2026-04-28,3402.2139022705251,2775.4544531828551
2026-04-29,3383.1753889416459,2771.8644767732553
2026-04-30,3395.7530021826174,2777.4352561537503
2026-05-01,3394.7967925497082,2768.3557991751941
2026-05-04,3382.7384806932546,2758.5226045553163
2026-05-05,3392.6015652089072,2766.5656565802819
2026-05-06,3411.8783153711183,2782.2852729113461
2026-05-07,3397.8305841146421,2770.8297659500845
2026-05-08,3409.8712666591023,2780.6485843904507
2026-05-11,3400.8839482026578,2773.3196935353239
2026-05-12,3389.2297776793325,2763.8160641506047
2026-05-13,3390.0153684081142,2764.4566900209293
2026-05-14,3388.3084532236908,2763.064751463703
2026-05-15,3361.5596290441667,2741.2518810435895
2026-05-18,3359.1110296866709,2739.25512110613
2026-05-19,3343.5330536835982,2726.5517450742677
2026-05-20,3371.0646014658196,2749.0029033086721
2026-05-21,3374.8295606334573,2752.0731155134968
2026-05-22,3380.1016681379333,2756.3723623538149
2026-05-26,3397.9288665472764,2770.909912350286
2026-05-27,3399.9474717565568,2772.5560248509287
2026-05-28,3406.8592765100434,2778.1923960216786
2026-05-29,3408.2636629580993,2779.3376313937306
2026-06-01,3402.8500802213121,2774.9230157099314
2026-06-02,3407.2567743045229,2778.5165436486946
2026-06-03,3395.5927885734313,2769.0049102540156
2026-06-04,3404.1406539441596,2775.9754401901691
2026-06-05,3378.489963717087,2755.058065342047
2026-06-08,3379.7225468510196,2756.0632002220714
2026-06-09,3388.663745587633,2763.3544818176015
2026-06-10,3383.0993389032201,2758.8168736910793
2026-06-11,3411.4386243765639,2781.9267179847902
2026-06-12,3411.9027746212673,2782.3052187022513
2026-06-15,3413.9888423564389,2784.0063448859473
2026-06-16,3417.55671544393,2786.9158392551399
2026-06-17,3398.6745319788279,2771.5179803283781
2026-06-18,3414.0442221629146,2784.0515054707439
2026-06-22,3406.708860897163,2778.0697365637934
2026-06-23,3409.3916043399631,2780.2574340377255
2026-06-24,3426.4796780351257,2794.1922498165536
2026-06-25,3431.8430735629777,2798.5659393243868
2026-06-26,3439.9011261991327,2805.1370415459733
2026-06-29,3441.1275474847621,2806.1371516220033
2026-06-30,3427.5155805241448,2795.0369974813179
2026-07-01,3422.2596615629004,2790.7509519164441
2026-07-02,3426.1023252184423,2793.8845298196775
2026-07-06,3428.651419426295,2795.9632403181786
2026-07-07,3410.0925470861862,2780.8290319962998
2026-07-08,3400.7489026830744,2773.209567931307
2026-07-09,3408.5596178557712,2779.5789738090007
2026-07-10,3405.8344611491775,2777.3566895801132
2026-07-13,3393.1000204473171,2766.972131999637
2026-07-14,3401.8074443926753,2774.0727772070059
2026-07-15,3412.5597295222642,2782.8409458815518
2026-07-16,3414.9161553831213,2784.7625410743917
2026-07-17,3415.2674040157403,2785.048973885685
2026-07-20,3403.8071529243466,2775.7034800291785
2026-07-21,3399.9063362097622,2772.522480036178
2026-07-22,3392.1883414796821,2766.2286849212801
2026-07-23,3381.0699545562329,2757.1619711242852
2026-07-24,3386.446700294171,2761.5465473313143
2026-07-27,3393.9360409812402,2767.6538818759177
2026-07-28,3404.9856458111985,2776.6645059217344
2026-07-29,3390.2194796886106,2764.6231366984684
2026-07-30,3393.5937014191641,2767.374714146632
2026-07-31,3386.4617092830717,2761.5587867152899
2026-08-03,3383.5540764020634,2759.1876985942936
2026-08-04,3391.9956803535893,2766.0715755040492
2026-08-05,3389.1171056505291,2763.7241834627748
2026-08-06,3385.3381262932535,2760.6425382103594
2026-08-07,3389.6950807551193,2764.1955049675207
2026-08-10,3384.4851515046157,2759.9469626436985
2026-08-11,3386.2593922815749,2761.3938032189008
2026-08-12,3388.9805856183102,2763.6128554375669
2026-08-13,3393.3962824528035,2767.2137248521949
2026-08-14,3392.2165161986554,2766.2516605664887
2026-08-17,3388.8627500982411,2763.5167640762079
2026-08-18,3386.634188648819,2761.6994385073062
2026-08-19,3392.3724445824419,2766.3788155250586
2026-08-20,3386.6047331893778,2761.6754184563447
2026-08-21,3387.9271688370854,2762.7538253885068
2026-08-24,3388.3516915147561,2763.1000110038549
2026-08-25,3393.8313157090288,2767.5684815316954
2026-08-26,3392.6467502952341,2766.6025036740584
2026-08-27,3393.1553360727758,2767.0172402467233
2026-08-28,3388.0082708516438,2762.8199616688344
2026-08-31,3385.6574117430341,2760.9029059968584
2026-09-01,3379.3653405791911,2755.7719091332247
2026-09-02,3385.1544559759682,2760.492760530261
2026-09-03,3387.3517818617638,2762.2846144261903
2026-09-04,3388.9429964437413,2763.5822025838725
2026-09-08,3385.6938725171362,2760.9326386735393
2026-09-09,3380.9676704398635,2757.0785614700362
2026-09-10,3372.5985759769865,2750.2538138913301
2026-09-11,3372.984998178988,2750.5689297021468
2026-09-14,3372.3272410199784,2750.0325483053016
2026-09-15,3370.9960365903326,2748.9469906923146
2026-09-16,3368.9664781883212,2747.291946188825
2026-09-17,3375.1472307398894,2752.3321660355482
2026-09-18,3370.6862596058209,2748.6943767763933
2026-09-21,3374.5367646824525,2751.8343491252658
2026-09-22,3376.3321379723757,2753.2984226361605
2026-09-23,3363.0119695385265,2742.4362215139126
2026-09-24,3358.4438788600974,2738.7110794528207
2026-09-25,3360.8286316568124,2740.65577441921
2026-09-28,3353.8648566013153,2734.977023013133
2026-09-29,3352.7747040200966,2734.08803601196
2026-09-30,3350.1097530396805,2731.9148477618287
2026-10-01,3346.9965024199082,2729.3760844913891
2026-10-02,3348.9200513031333,2730.9446813857771
